leover_id,parent_id,name,georef_id,categoria
loc-ar-loc-georef-0684001009,loc-ar-prov-buenos-aires,"11 de Septiembre",0684001009,Entidad
loc-ar-loc-georef-06588030,loc-ar-prov-buenos-aires,"12 de Octubre",06588030,Localidad simple
loc-ar-loc-georef-06049050,loc-ar-prov-buenos-aires,"16 de Julio",06049050,Localidad simple
loc-ar-loc-georef-06651040,loc-ar-prov-buenos-aires,"17 de Agosto",06651040,Localidad simple
loc-ar-loc-georef-0642701012,loc-ar-prov-buenos-aires,"20 de Junio",0642701012,Entidad
loc-ar-loc-georef-06854100,loc-ar-prov-buenos-aires,"25 de Mayo",06854100,Localidad simple
loc-ar-loc-georef-06826040,loc-ar-prov-buenos-aires,"30 de Agosto",06826040,Localidad simple
loc-ar-loc-georef-0626001005,loc-ar-prov-buenos-aires,"9 de Abril",0626001005,Entidad
loc-ar-loc-georef-06588100,loc-ar-prov-buenos-aires,"9 de Julio",06588100,Localidad simple
loc-ar-loc-georef-0644103001,loc-ar-prov-buenos-aires,"Abasto",0644103001,Entidad
loc-ar-loc-georef-06547010,loc-ar-prov-buenos-aires,"Abbott",06547010,Localidad simple
loc-ar-loc-georef-0675601001,loc-ar-prov-buenos-aires,"Acasusso",0675601001,Entidad
loc-ar-loc-georef-06623010,loc-ar-prov-buenos-aires,"Acevedo",06623010,Localidad simple
loc-ar-loc-georef-06014010,loc-ar-prov-buenos-aires,"Adolfo Gonzales Chaves",06014010,Localidad simple
loc-ar-loc-georef-0602801001,loc-ar-prov-buenos-aires,"Adrogué",0602801001,Entidad
loc-ar-loc-georef-0627001001,loc-ar-prov-buenos-aires,"Aeropuerto Internacional Ezeiza",0627001001,Entidad
loc-ar-loc-georef-06854010,loc-ar-prov-buenos-aires,"Agustín Mosconi",06854010,Localidad simple
loc-ar-loc-georef-06413010,loc-ar-prov-buenos-aires,"Agustín Roca",06413010,Localidad simple
loc-ar-loc-georef-06413020,loc-ar-prov-buenos-aires,"Agustina",06413020,Localidad simple
loc-ar-loc-georef-06462010,loc-ar-prov-buenos-aires,"Alberdi Viejo",06462010,Localidad simple
loc-ar-loc-georef-06021010,loc-ar-prov-buenos-aires,"Alberti",06021010,Localidad simple
loc-ar-loc-georef-0642701001,loc-ar-prov-buenos-aires,"Aldo Bonzi",0642701001,Entidad
loc-ar-loc-georef-0677802001,loc-ar-prov-buenos-aires,"Alejandro Korn",0677802001,Entidad
loc-ar-loc-georef-06588010,loc-ar-prov-buenos-aires,"Alfredo Demarchi",06588010,Localidad simple
loc-ar-loc-georef-06028010,loc-ar-prov-buenos-aires,"Almirante Brown",06028010,Componente de localidad compuesta
loc-ar-loc-georef-06119010,loc-ar-prov-buenos-aires,"Altamirano",06119010,Localidad simple
loc-ar-loc-georef-06707010,loc-ar-prov-buenos-aires,"Álvarez de Toledo",06707010,Localidad simple
loc-ar-loc-georef-06655010,loc-ar-prov-buenos-aires,"Alvarez Jonte",06655010,Localidad simple
loc-ar-loc-georef-06679010,loc-ar-prov-buenos-aires,"América",06679010,Localidad simple
loc-ar-loc-georef-06231010,loc-ar-prov-buenos-aires,"Andant",06231010,Localidad simple
loc-ar-loc-georef-0644103002,loc-ar-prov-buenos-aires,"Ángel Etcheverry",0644103002,Entidad
loc-ar-loc-georef-06483010,loc-ar-prov-buenos-aires,"Antonio Carboni",06483010,Localidad simple
loc-ar-loc-georef-06189010,loc-ar-prov-buenos-aires,"Aparicio",06189010,Localidad simple
loc-ar-loc-georef-0644103003,loc-ar-prov-buenos-aires,"Arana",0644103003,Entidad
loc-ar-loc-georef-06231020,loc-ar-prov-buenos-aires,"Arboledas",06231020,Localidad simple
loc-ar-loc-georef-0651501001,loc-ar-prov-buenos-aires,"Área de Promoción El Triángulo",0651501001,Entidad
loc-ar-loc-georef-0603501001,loc-ar-prov-buenos-aires,"Área Reserva Cinturón Ecológico",0603501001,Entidad
loc-ar-loc-georef-06476010,loc-ar-prov-buenos-aires,"Arenas Verdes",06476010,Localidad simple
loc-ar-loc-georef-06469010,loc-ar-prov-buenos-aires,"Arenaza",06469010,Localidad simple
loc-ar-loc-georef-06875010,loc-ar-prov-buenos-aires,"Argerich",06875010,Localidad simple
loc-ar-loc-georef-06049010,loc-ar-prov-buenos-aires,"Ariel",06049010,Localidad simple
loc-ar-loc-georef-06077010,loc-ar-prov-buenos-aires,"Arrecifes",06077010,Localidad simple
loc-ar-loc-georef-06294010,loc-ar-prov-buenos-aires,"Arribeños",06294010,Localidad simple
loc-ar-loc-georef-06700010,loc-ar-prov-buenos-aires,"Arroyo Corto",06700010,Localidad simple
loc-ar-loc-georef-06714010,loc-ar-prov-buenos-aires,"Arroyo Dulce",06714010,Componente de localidad compuesta
loc-ar-loc-georef-06399010,loc-ar-prov-buenos-aires,"Arroyo Venado",06399010,Localidad simple
loc-ar-loc-georef-0644103004,loc-ar-prov-buenos-aires,"Arturo Seguí",0644103004,Entidad
loc-ar-loc-georef-06294020,loc-ar-prov-buenos-aires,"Ascensión",06294020,Localidad simple
loc-ar-loc-georef-06505010,loc-ar-prov-buenos-aires,"Atalaya",06505010,Localidad simple
loc-ar-loc-georef-0651806001,loc-ar-prov-buenos-aires,"Atlántida",0651806001,Entidad
loc-ar-loc-georef-06035010,loc-ar-prov-buenos-aires,"Avellaneda",06035010,Componente de localidad compuesta
loc-ar-loc-georef-06042010,loc-ar-prov-buenos-aires,"Ayacucho",06042010,Localidad simple
loc-ar-loc-georef-06728010,loc-ar-prov-buenos-aires,"Azcuénaga",06728010,Localidad simple
loc-ar-loc-georef-06651010,loc-ar-prov-buenos-aires,"Azopardo",06651010,Localidad simple
loc-ar-loc-georef-06049020,loc-ar-prov-buenos-aires,"Azul",06049020,Localidad simple
loc-ar-loc-georef-06056010,loc-ar-prov-buenos-aires,"Bahía Blanca",06056010,Localidad simple
loc-ar-loc-georef-06602010,loc-ar-prov-buenos-aires,"Bahía San Blas",06602010,Localidad simple
loc-ar-loc-georef-06385010,loc-ar-prov-buenos-aires,"Baigorrita",06385010,Localidad simple
loc-ar-loc-georef-06182010,loc-ar-prov-buenos-aires,"Bajo Hondo",06182010,Localidad simple
loc-ar-loc-georef-06063010,loc-ar-prov-buenos-aires,"Balcarce",06063010,Localidad simple
loc-ar-loc-georef-06833010,loc-ar-prov-buenos-aires,"Balneario Orense",06833010,Localidad simple
loc-ar-loc-georef-06182020,loc-ar-prov-buenos-aires,"Balneario Pehuen Co",06182020,Localidad simple
loc-ar-loc-georef-06742010,loc-ar-prov-buenos-aires,"Balneario San Cayetano",06742010,Localidad simple
loc-ar-loc-georef-06553010,loc-ar-prov-buenos-aires,"Balneario Sauce Grande",06553010,Localidad simple
loc-ar-loc-georef-06392010,loc-ar-prov-buenos-aires,"Banderaló",06392010,Localidad simple
loc-ar-loc-georef-0649001001,loc-ar-prov-buenos-aires,"Banfield",0649001001,Entidad
loc-ar-loc-georef-06070010,loc-ar-prov-buenos-aires,"Baradero",06070010,Localidad simple
loc-ar-loc-georef-0664801001,loc-ar-prov-buenos-aires,"Barrio América Unida",0664801001,Entidad
loc-ar-loc-georef-0609801001,loc-ar-prov-buenos-aires,"Barrio Banco Provincia",0609801001,Entidad
loc-ar-loc-georef-0613405001,loc-ar-prov-buenos-aires,"Barrio Belgrano",0613405001,Entidad
loc-ar-loc-georef-0635712001,loc-ar-prov-buenos-aires,"Barrio Colinas Verdes",0635712001,Entidad
loc-ar-loc-georef-06357020,loc-ar-prov-buenos-aires,"Barrio El Boquerón",06357020,Localidad simple
loc-ar-loc-georef-0609801002,loc-ar-prov-buenos-aires,"Barrio El Carmen Este",0609801002,Entidad
loc-ar-loc-georef-0644103005,loc-ar-prov-buenos-aires,"Barrio El Carmen Oeste",0644103005,Entidad
loc-ar-loc-georef-0635711005,loc-ar-prov-buenos-aires,"Barrio El Casal",0635711005,Entidad
loc-ar-loc-georef-0635712002,loc-ar-prov-buenos-aires,"Barrio El Coyunco",0635712002,Entidad
loc-ar-loc-georef-06119015,loc-ar-prov-buenos-aires,"Barrio El Mirador",06119015,Localidad simple
loc-ar-loc-georef-06134020,loc-ar-prov-buenos-aires,"Barrio El Taladro",06134020,Localidad simple
loc-ar-loc-georef-0644103006,loc-ar-prov-buenos-aires,"Barrio Gambier",0644103006,Entidad
loc-ar-loc-georef-0631501001,loc-ar-prov-buenos-aires,"Barrio Kennedy",0631501001,Entidad
loc-ar-loc-georef-0635712003,loc-ar-prov-buenos-aires,"Barrio La Gloria",0635712003,Entidad
loc-ar-loc-georef-0649706001,loc-ar-prov-buenos-aires,"Barrio Las Casuarinas",0649706001,Entidad
loc-ar-loc-georef-06119020,loc-ar-prov-buenos-aires,"Barrio Las Golondrinas",06119020,Localidad simple
loc-ar-loc-georef-0644103007,loc-ar-prov-buenos-aires,"Barrio Las Malvinas",0644103007,Entidad
loc-ar-loc-georef-0668606001,loc-ar-prov-buenos-aires,"Barrio Las Margaritas",0668606001,Entidad
loc-ar-loc-georef-0644103008,loc-ar-prov-buenos-aires,"Barrio Las Quintas",0644103008,Entidad
loc-ar-loc-georef-0652502001,loc-ar-prov-buenos-aires,"Barrio Lisandro de la Torre y Santa Marta",0652502001,Entidad
loc-ar-loc-georef-06218003,loc-ar-prov-buenos-aires,"Barrio Lomas Altas",06218003,Localidad simple
loc-ar-loc-georef-06119030,loc-ar-prov-buenos-aires,"Barrio Los Bosquecitos",06119030,Localidad simple
loc-ar-loc-georef-06126020,loc-ar-prov-buenos-aires,"Barrio Los Pioneros (Barrio Tavella)",06126020,Localidad simple
loc-ar-loc-georef-0636403001,loc-ar-prov-buenos-aires,"Barrio Morabo",0636403001,Entidad
loc-ar-loc-georef-0637101001,loc-ar-prov-buenos-aires,"Barrio Parque General San Martín",0637101001,Entidad
loc-ar-loc-georef-06119040,loc-ar-prov-buenos-aires,"Barrio Parque Las Acacias",06119040,Localidad simple
loc-ar-loc-georef-0636403002,loc-ar-prov-buenos-aires,"Barrio Ruta 24 Kilómetro 10",0636403002,Entidad
loc-ar-loc-georef-0688205001,loc-ar-prov-buenos-aires,"Barrio Saavedra",0688205001,Entidad
loc-ar-loc-georef-0621801003,loc-ar-prov-buenos-aires,"Barrio San Cayetano",0621801003,Entidad
loc-ar-loc-georef-06357060,loc-ar-prov-buenos-aires,"Barrio Santa Paula",06357060,Localidad simple
loc-ar-loc-georef-06525010,loc-ar-prov-buenos-aires,"Barrio Santa Rosa",06525010,Localidad simple
loc-ar-loc-georef-0609801003,loc-ar-prov-buenos-aires,"Barrio Universitario",0609801003,Entidad
loc-ar-loc-georef-06469020,loc-ar-prov-buenos-aires,"Bayauca",06469020,Localidad simple
loc-ar-loc-georef-0675601002,loc-ar-prov-buenos-aires,"Béccar",0675601002,Entidad
loc-ar-loc-georef-0625201001,loc-ar-prov-buenos-aires,"Belén de Escobar",0625201001,Entidad
loc-ar-loc-georef-0676001001,loc-ar-prov-buenos-aires,"Bella Vista",0676001001,Entidad
loc-ar-loc-georef-06147010,loc-ar-prov-buenos-aires,"Bellocq",06147010,Localidad simple
loc-ar-loc-georef-0680501001,loc-ar-prov-buenos-aires,"Benavídez",0680501001,Entidad
loc-ar-loc-georef-06224005,loc-ar-prov-buenos-aires,"Benitez",06224005,Localidad simple
loc-ar-loc-georef-06084020,loc-ar-prov-buenos-aires,"Benito Juárez",06084020,Localidad simple
loc-ar-loc-georef-06091010,loc-ar-prov-buenos-aires,"Berazategui",06091010,Componente de localidad compuesta
loc-ar-loc-georef-0609101002,loc-ar-prov-buenos-aires,"Berazategui Oeste",0609101002,Entidad
loc-ar-loc-georef-06714020,loc-ar-prov-buenos-aires,"Berdier",06714020,Localidad simple
loc-ar-loc-georef-06098010,loc-ar-prov-buenos-aires,"Berisso",06098010,Componente de localidad compuesta
loc-ar-loc-georef-06469030,loc-ar-prov-buenos-aires,"Bermúdez",06469030,Localidad simple
loc-ar-loc-georef-0665801001,loc-ar-prov-buenos-aires,"Bernal",0665801001,Entidad
loc-ar-loc-georef-0665801002,loc-ar-prov-buenos-aires,"Bernal Oeste",0665801002,Entidad
loc-ar-loc-georef-06826010,loc-ar-prov-buenos-aires,"Berutti",06826010,Localidad simple
loc-ar-loc-georef-0637101002,loc-ar-prov-buenos-aires,"Billinghurst",0637101002,Entidad
loc-ar-loc-georef-06595010,loc-ar-prov-buenos-aires,"Blancagrande",06595010,Localidad simple
loc-ar-loc-georef-06277010,loc-ar-prov-buenos-aires,"Blaquier",06277010,Localidad simple
loc-ar-loc-georef-06616010,loc-ar-prov-buenos-aires,"Bocayuva",06616010,Localidad simple
loc-ar-loc-georef-06651020,loc-ar-prov-buenos-aires,"Bordenave",06651020,Localidad simple
loc-ar-loc-georef-0627401001,loc-ar-prov-buenos-aires,"Bosques",0627401001,Entidad
loc-ar-loc-georef-0675601003,loc-ar-prov-buenos-aires,"Boulogne Sur Mer",0675601003,Entidad
loc-ar-loc-georef-06112010,loc-ar-prov-buenos-aires,"Bragado",06112010,Localidad simple
loc-ar-loc-georef-0602801002,loc-ar-prov-buenos-aires,"Burzaco",0602801002,Entidad
loc-ar-loc-georef-06056020,loc-ar-prov-buenos-aires,"Cabildo",06056020,Localidad simple
loc-ar-loc-georef-06049030,loc-ar-prov-buenos-aires,"Cacharí",06049030,Localidad simple
loc-ar-loc-georef-06147020,loc-ar-prov-buenos-aires,"Cadret",06147020,Localidad simple
loc-ar-loc-georef-0635711001,loc-ar-prov-buenos-aires,"Camet",0635711001,Entidad
loc-ar-loc-georef-0651806002,loc-ar-prov-buenos-aires,"Camet Norte",0651806002,Entidad
loc-ar-loc-georef-06126030,loc-ar-prov-buenos-aires,"Campana",06126030,Localidad simple
loc-ar-loc-georef-0676001002,loc-ar-prov-buenos-aires,"Campo de Mayo",0676001002,Entidad
loc-ar-loc-georef-06119045,loc-ar-prov-buenos-aires,"Campos de Roca",06119045,Localidad simple
loc-ar-loc-georef-0676305001,loc-ar-prov-buenos-aires,"Campos Salles",0676305001,Entidad
loc-ar-loc-georef-0626001001,loc-ar-prov-buenos-aires,"Canning",0626001001,Entidad
loc-ar-loc-georef-06392020,loc-ar-prov-buenos-aires,"Cañada Seca",06392020,Localidad simple
loc-ar-loc-georef-06134030,loc-ar-prov-buenos-aires,"Cañuelas",06134030,Localidad simple
loc-ar-loc-georef-06266020,loc-ar-prov-buenos-aires,"Capilla del Señor",06266020,Localidad simple
loc-ar-loc-georef-06609010,loc-ar-prov-buenos-aires,"Capitán Castro",06609010,Localidad simple
loc-ar-loc-georef-06140010,loc-ar-prov-buenos-aires,"Capitán Sarmiento",06140010,Localidad simple
loc-ar-loc-georef-0686101001,loc-ar-prov-buenos-aires,"Carapachay",0686101001,Entidad
loc-ar-loc-georef-06602020,loc-ar-prov-buenos-aires,"Cardenal Cagliero",06602020,Localidad simple
loc-ar-loc-georef-06007010,loc-ar-prov-buenos-aires,"Carhué",06007010,Localidad simple
loc-ar-loc-georef-0664401001,loc-ar-prov-buenos-aires,"Cariló",0664401001,Entidad
loc-ar-loc-georef-06693010,loc-ar-prov-buenos-aires,"Carlos Beguerie",06693010,Localidad simple
loc-ar-loc-georef-06147030,loc-ar-prov-buenos-aires,"Carlos Casares",06147030,Localidad simple
loc-ar-loc-georef-06497020,loc-ar-prov-buenos-aires,"Carlos Keen",06497020,Localidad simple
loc-ar-loc-georef-06588020,loc-ar-prov-buenos-aires,"Carlos María Naón",06588020,Localidad simple
loc-ar-loc-georef-06469040,loc-ar-prov-buenos-aires,"Carlos Salas",06469040,Localidad simple
loc-ar-loc-georef-0627001003,loc-ar-prov-buenos-aires,"Carlos Spegazzini",0627001003,Entidad
loc-ar-loc-georef-06154010,loc-ar-prov-buenos-aires,"Carlos Tejedor",06154010,Localidad simple
loc-ar-loc-georef-0609101003,loc-ar-prov-buenos-aires,"Carlos Tomás Sourigues",0609101003,Entidad
loc-ar-loc-georef-06161010,loc-ar-prov-buenos-aires,"Carmen de Areco",06161010,Localidad simple
loc-ar-loc-georef-06602030,loc-ar-prov-buenos-aires,"Carmen de Patagones",06602030,Componente de localidad compuesta
loc-ar-loc-georef-06630010,loc-ar-prov-buenos-aires,"Casalins",06630010,Localidad simple
loc-ar-loc-georef-06399020,loc-ar-prov-buenos-aires,"Casbas",06399020,Localidad simple
loc-ar-loc-georef-06203010,loc-ar-prov-buenos-aires,"Cascada",06203010,Localidad simple
loc-ar-loc-georef-0684001001,loc-ar-prov-buenos-aires,"Caseros",0684001001,Entidad
loc-ar-loc-georef-0656801001,loc-ar-prov-buenos-aires,"Castelar",0656801001,Entidad
loc-ar-loc-georef-06168010,loc-ar-prov-buenos-aires,"Castelli",06168010,Localidad simple
loc-ar-loc-georef-06210010,loc-ar-prov-buenos-aires,"Castilla",06210010,Localidad simple
loc-ar-loc-georef-06707030,loc-ar-prov-buenos-aires,"Cazón",06707030,Localidad simple
loc-ar-loc-georef-06280005,loc-ar-prov-buenos-aires,"Centinela del Mar",06280005,Localidad simple
loc-ar-loc-georef-06168020,loc-ar-prov-buenos-aires,"Centro Guerrero",06168020,Localidad simple
loc-ar-loc-georef-06168030,loc-ar-prov-buenos-aires,"Cerro de la Gloria",06168030,Localidad simple
loc-ar-loc-georef-06210020,loc-ar-prov-buenos-aires,"Chacabuco",06210020,Localidad simple
loc-ar-loc-georef-06357080,loc-ar-prov-buenos-aires,"Chapadmalal",06357080,Localidad simple
loc-ar-loc-georef-06218010,loc-ar-prov-buenos-aires,"Chascomús",06218010,Localidad simple
loc-ar-loc-georef-06819010,loc-ar-prov-buenos-aires,"Chasicó",06819010,Localidad simple
loc-ar-loc-georef-06049040,loc-ar-prov-buenos-aires,"Chillar",06049040,Localidad simple
loc-ar-loc-georef-06224010,loc-ar-prov-buenos-aires,"Chivilcoy",06224010,Localidad simple
loc-ar-loc-georef-0684001002,loc-ar-prov-buenos-aires,"Churruca",0684001002,Entidad
loc-ar-loc-georef-0644103009,loc-ar-prov-buenos-aires,"City Bell",0644103009,Entidad
loc-ar-loc-georef-0637101003,loc-ar-prov-buenos-aires,"Ciudad del Libertador General San Martín",0637101003,Entidad
loc-ar-loc-georef-0642701002,loc-ar-prov-buenos-aires,"Ciudad Evita",0642701002,Entidad
loc-ar-loc-georef-0637101004,loc-ar-prov-buenos-aires,"Ciudad Jardín El Libertador",0637101004,Entidad
loc-ar-loc-georef-0684001003,loc-ar-prov-buenos-aires,"Ciudad Jardín Lomas del Palomar",0684001003,Entidad
loc-ar-loc-georef-0684001004,loc-ar-prov-buenos-aires,"Ciudadela",0684001004,Entidad
loc-ar-loc-georef-06581010,loc-ar-prov-buenos-aires,"Claraz",06581010,Localidad simple
loc-ar-loc-georef-06833020,loc-ar-prov-buenos-aires,"Claromecó",06833020,Localidad simple
loc-ar-loc-georef-0602801003,loc-ar-prov-buenos-aires,"Claypole",0602801003,Entidad
loc-ar-loc-georef-06497025,loc-ar-prov-buenos-aires,"Club de Campo Los Puentes",06497025,Localidad simple
loc-ar-loc-georef-06175010,loc-ar-prov-buenos-aires,"Colón",06175010,Localidad simple
loc-ar-loc-georef-0659506001,loc-ar-prov-buenos-aires,"Colonia Hinojo",0659506001,Entidad
loc-ar-loc-georef-06147040,loc-ar-prov-buenos-aires,"Colonia Mauricio",06147040,Localidad simple
loc-ar-loc-georef-06595030,loc-ar-prov-buenos-aires,"Colonia Nievas",06595030,Localidad simple
loc-ar-loc-georef-06700020,loc-ar-prov-buenos-aires,"Colonia San Martín",06700020,Localidad simple
loc-ar-loc-georef-06595040,loc-ar-prov-buenos-aires,"Colonia San Miguel",06595040,Localidad simple
loc-ar-loc-georef-06007020,loc-ar-prov-buenos-aires,"Colonia San Miguel Arcángel",06007020,Localidad simple
loc-ar-loc-georef-06351010,loc-ar-prov-buenos-aires,"Colonia San Ricardo",06351010,Localidad simple
loc-ar-loc-georef-06154020,loc-ar-prov-buenos-aires,"Colonia Seré",06154020,Localidad simple
loc-ar-loc-georef-06280010,loc-ar-prov-buenos-aires,"Comandante Nicanor Otamendi",06280010,Localidad simple
loc-ar-loc-georef-06112020,loc-ar-prov-buenos-aires,"Comodoro Py",06112020,Localidad simple
loc-ar-loc-georef-06763010,loc-ar-prov-buenos-aires,"Conesa",06763010,Localidad simple
loc-ar-loc-georef-06833030,loc-ar-prov-buenos-aires,"Copetonas",06833030,Localidad simple
loc-ar-loc-georef-06455010,loc-ar-prov-buenos-aires,"Coronel Boerr",06455010,Localidad simple
loc-ar-loc-georef-06119050,loc-ar-prov-buenos-aires,"Coronel Brandsen",06119050,Localidad simple
loc-ar-loc-georef-06392030,loc-ar-prov-buenos-aires,"Coronel Charlone",06392030,Localidad simple
loc-ar-loc-georef-06189030,loc-ar-prov-buenos-aires,"Coronel Dorrego",06189030,Localidad simple
loc-ar-loc-georef-06469050,loc-ar-prov-buenos-aires,"Coronel Martínez de Hoz",06469050,Localidad simple
loc-ar-loc-georef-06196010,loc-ar-prov-buenos-aires,"Coronel Pringles",06196010,Localidad simple
loc-ar-loc-georef-06021020,loc-ar-prov-buenos-aires,"Coronel Seguí",06021020,Localidad simple
loc-ar-loc-georef-06203020,loc-ar-prov-buenos-aires,"Coronel Suárez",06203020,Localidad simple
loc-ar-loc-georef-06518010,loc-ar-prov-buenos-aires,"Coronel Vidal",06518010,Localidad simple
loc-ar-loc-georef-0649706002,loc-ar-prov-buenos-aires,"Cortines",0649706002,Entidad
loc-ar-loc-georef-0658104003,loc-ar-prov-buenos-aires,"Costa Bonita",0658104003,Entidad
loc-ar-loc-georef-0636403003,loc-ar-prov-buenos-aires,"Country Club Bosque Real",0636403003,Entidad
loc-ar-loc-georef-0649706007,loc-ar-prov-buenos-aires,"Country Club Las Praderas",0649706007,Entidad
loc-ar-loc-georef-06875025,loc-ar-prov-buenos-aires,"Country Los Medanos",06875025,Localidad simple
loc-ar-loc-georef-06798010,loc-ar-prov-buenos-aires,"Crotto",06798010,Localidad simple
loc-ar-loc-georef-0603501003,loc-ar-prov-buenos-aires,"Crucesita",0603501003,Entidad
loc-ar-loc-georef-0656001001,loc-ar-prov-buenos-aires,"Cuartel V",0656001001,Entidad
loc-ar-loc-georef-06728020,loc-ar-prov-buenos-aires,"Cucullú",06728020,Localidad simple
loc-ar-loc-georef-06203030,loc-ar-prov-buenos-aires,"Curamalal",06203030,Localidad simple
loc-ar-loc-georef-06154030,loc-ar-prov-buenos-aires,"Curarú",06154030,Localidad simple
loc-ar-loc-georef-06231030,loc-ar-prov-buenos-aires,"Daireaux",06231030,Localidad simple
loc-ar-loc-georef-06651030,loc-ar-prov-buenos-aires,"Darregueira",06651030,Localidad simple
loc-ar-loc-georef-06616020,loc-ar-prov-buenos-aires,"De Bary",06616020,Localidad simple
loc-ar-loc-georef-06791010,loc-ar-prov-buenos-aires,"De la Canal",06791010,Localidad simple
loc-ar-loc-georef-06014020,loc-ar-prov-buenos-aires,"De La Garma",06014020,Localidad simple
loc-ar-loc-georef-06707040,loc-ar-prov-buenos-aires,"Del Carril",06707040,Localidad simple
loc-ar-loc-georef-06854020,loc-ar-prov-buenos-aires,"Del Valle",06854020,Localidad simple
loc-ar-loc-georef-0641201001,loc-ar-prov-buenos-aires,"Del Viso",0641201001,Entidad
loc-ar-loc-georef-06007030,loc-ar-prov-buenos-aires,"Delfín Huergo",06007030,Localidad simple
loc-ar-loc-georef-06266030,loc-ar-prov-buenos-aires,"Diego Gaynor",06266030,Localidad simple
loc-ar-loc-georef-0680501002,loc-ar-prov-buenos-aires,"Dique Luján",0680501002,Entidad
loc-ar-loc-georef-0624501001,loc-ar-prov-buenos-aires,"Dique N° 1",0624501001,Entidad
loc-ar-loc-georef-0603501004,loc-ar-prov-buenos-aires,"Dock Sud",0603501004,Entidad
loc-ar-loc-georef-06238010,loc-ar-prov-buenos-aires,"Dolores",06238010,Localidad simple
loc-ar-loc-georef-0677802003,loc-ar-prov-buenos-aires,"Domselaar",0677802003,Entidad
loc-ar-loc-georef-0665801003,loc-ar-prov-buenos-aires,"Don Bosco",0665801003,Entidad
loc-ar-loc-georef-0602801004,loc-ar-prov-buenos-aires,"Don Orione",0602801004,Entidad
loc-ar-loc-georef-0680501003,loc-ar-prov-buenos-aires,"Don Torcuato Este",0680501003,Entidad
loc-ar-loc-georef-0680501004,loc-ar-prov-buenos-aires,"Don Torcuato Oeste",0680501004,Entidad
loc-ar-loc-georef-06203040,loc-ar-prov-buenos-aires,"D'Orbigny",06203040,Localidad simple
loc-ar-loc-georef-06588040,loc-ar-prov-buenos-aires,"Dudignac",06588040,Localidad simple
loc-ar-loc-georef-06700030,loc-ar-prov-buenos-aires,"Dufaur",06700030,Localidad simple
loc-ar-loc-georef-06735010,loc-ar-prov-buenos-aires,"Duggan",06735010,Localidad simple
loc-ar-loc-georef-0683302002,loc-ar-prov-buenos-aires,"Dunamar",0683302002,Entidad
loc-ar-loc-georef-0625201002,loc-ar-prov-buenos-aires,"El Cazador",0625201002,Entidad
loc-ar-loc-georef-06196020,loc-ar-prov-buenos-aires,"El Divisorio",06196020,Localidad simple
loc-ar-loc-georef-06462020,loc-ar-prov-buenos-aires,"El Dorado",06462020,Localidad simple
loc-ar-loc-georef-0626001002,loc-ar-prov-buenos-aires,"El Jagüel",0626001002,Entidad
loc-ar-loc-georef-0684001005,loc-ar-prov-buenos-aires,"El Libertador",0684001005,Entidad
loc-ar-loc-georef-06357090,loc-ar-prov-buenos-aires,"El Marquesado",06357090,Componente de localidad compuesta
loc-ar-loc-georef-0656801002,loc-ar-prov-buenos-aires,"El Palomar",0656801002,Entidad
loc-ar-loc-georef-06665010,loc-ar-prov-buenos-aires,"El Paraíso",06665010,Localidad simple
loc-ar-loc-georef-0609101004,loc-ar-prov-buenos-aires,"El Pato",0609101004,Entidad
loc-ar-loc-georef-06196030,loc-ar-prov-buenos-aires,"El Pensamiento",06196030,Localidad simple
loc-ar-loc-georef-06189040,loc-ar-prov-buenos-aires,"El Perdido",06189040,Localidad simple
loc-ar-loc-georef-0626606001,loc-ar-prov-buenos-aires,"El Remanso",0626606001,Entidad
loc-ar-loc-georef-0644103010,loc-ar-prov-buenos-aires,"El Retiro",0644103010,Entidad
loc-ar-loc-georef-0680501005,loc-ar-prov-buenos-aires,"El Talar",0680501005,Entidad
loc-ar-loc-georef-06455020,loc-ar-prov-buenos-aires,"El Trigo",06455020,Localidad simple
loc-ar-loc-georef-06469060,loc-ar-prov-buenos-aires,"El Triunfo",06469060,Localidad simple
loc-ar-loc-georef-0627401010,loc-ar-prov-buenos-aires,"El Tropezón",0627401010,Entidad
loc-ar-loc-georef-06483020,loc-ar-prov-buenos-aires,"Elvira",06483020,Localidad simple
loc-ar-loc-georef-06224020,loc-ar-prov-buenos-aires,"Emilio Ayarza",06224020,Localidad simple
loc-ar-loc-georef-06392040,loc-ar-prov-buenos-aires,"Emilio V. Bunge",06392040,Localidad simple
loc-ar-loc-georef-06581025,loc-ar-prov-buenos-aires,"Energía",06581025,Localidad simple
loc-ar-loc-georef-06245010,loc-ar-prov-buenos-aires,"Ensenada",06245010,Componente de localidad compuesta
loc-ar-loc-georef-06763020,loc-ar-prov-buenos-aires,"Erezcano",06763020,Localidad simple
loc-ar-loc-georef-06854030,loc-ar-prov-buenos-aires,"Ernestina",06854030,Localidad simple
loc-ar-loc-georef-06252010,loc-ar-prov-buenos-aires,"Escobar",06252010,Componente de localidad compuesta
loc-ar-loc-georef-06007040,loc-ar-prov-buenos-aires,"Espartillar",06007040,Componente de localidad compuesta
loc-ar-loc-georef-06595050,loc-ar-prov-buenos-aires,"Espigas",06595050,Localidad simple
loc-ar-loc-georef-06294030,loc-ar-prov-buenos-aires,"Estación Arenales",06294030,Localidad simple
loc-ar-loc-georef-0635711002,loc-ar-prov-buenos-aires,"Estación Camet",0635711002,Entidad
loc-ar-loc-georef-0627401002,loc-ar-prov-buenos-aires,"Estanislao Severo Zeballos",0627401002,Entidad
loc-ar-loc-georef-06007050,loc-ar-prov-buenos-aires,"Esteban Agustín Gascón",06007050,Localidad simple
loc-ar-loc-georef-06260010,loc-ar-prov-buenos-aires,"Esteban Echeverría",06260010,Componente de localidad compuesta
loc-ar-loc-georef-06651050,loc-ar-prov-buenos-aires,"Estela",06651050,Localidad simple
loc-ar-loc-georef-06270010,loc-ar-prov-buenos-aires,"Ezeiza",06270010,Componente de localidad compuesta
loc-ar-loc-georef-0665801004,loc-ar-prov-buenos-aires,"Ezpeleta",0665801004,Entidad
loc-ar-loc-georef-0665801005,loc-ar-prov-buenos-aires,"Ezpeleta Oeste",0665801005,Entidad
loc-ar-loc-georef-06189050,loc-ar-prov-buenos-aires,"Faro",06189050,Localidad simple
loc-ar-loc-georef-0663804002,loc-ar-prov-buenos-aires,"Fátima",0663804002,Entidad
loc-ar-loc-georef-06651060,loc-ar-prov-buenos-aires,"Felipe Solá",06651060,Localidad simple
loc-ar-loc-georef-06294040,loc-ar-prov-buenos-aires,"Ferré",06294040,Localidad simple
loc-ar-loc-georef-06274010,loc-ar-prov-buenos-aires,"Florencio Varela",06274010,Componente de localidad compuesta
loc-ar-loc-georef-06277020,loc-ar-prov-buenos-aires,"Florentino Ameghino",06277020,Localidad simple
loc-ar-loc-georef-0686101002,loc-ar-prov-buenos-aires,"Florida",0686101002,Entidad
loc-ar-loc-georef-0686101003,loc-ar-prov-buenos-aires,"Florida Oeste",0686101003,Entidad
loc-ar-loc-georef-06623020,loc-ar-prov-buenos-aires,"Fontezuela",06623020,Localidad simple
loc-ar-loc-georef-06462030,loc-ar-prov-buenos-aires,"Fortín Acha",06462030,Localidad simple
loc-ar-loc-georef-06679020,loc-ar-prov-buenos-aires,"Fortín Olavarría",06679020,Localidad simple
loc-ar-loc-georef-06413040,loc-ar-prov-buenos-aires,"Fortín Tiburcio",06413040,Localidad simple
loc-ar-loc-georef-0656001002,loc-ar-prov-buenos-aires,"Francisco Álvarez",0656001002,Entidad
loc-ar-loc-georef-06609030,loc-ar-prov-buenos-aires,"Francisco Madero",06609030,Localidad simple
loc-ar-loc-georef-06728030,loc-ar-prov-buenos-aires,"Franklin",06728030,Localidad simple
loc-ar-loc-georef-0651806003,loc-ar-prov-buenos-aires,"Frente Mar",0651806003,Entidad
loc-ar-loc-georef-06714030,loc-ar-prov-buenos-aires,"Gahan",06714030,Localidad simple
loc-ar-loc-georef-06791030,loc-ar-prov-buenos-aires,"Gardey",06791030,Localidad simple
loc-ar-loc-georef-0625201003,loc-ar-prov-buenos-aires,"Garín",0625201003,Entidad
loc-ar-loc-georef-06399030,loc-ar-prov-buenos-aires,"Garré",06399030,Localidad simple
loc-ar-loc-georef-06287010,loc-ar-prov-buenos-aires,"General Alvear",06287010,Localidad simple
loc-ar-loc-georef-06294050,loc-ar-prov-buenos-aires,"General Arenales",06294050,Localidad simple
loc-ar-loc-georef-06301010,loc-ar-prov-buenos-aires,"General Belgrano",06301010,Localidad simple
loc-ar-loc-georef-06812010,loc-ar-prov-buenos-aires,"General Conesa",06812010,Localidad simple
loc-ar-loc-georef-06056030,loc-ar-prov-buenos-aires,"General Daniel Cerri",06056030,Localidad simple
loc-ar-loc-georef-06308010,loc-ar-prov-buenos-aires,"General Guido",06308010,Localidad simple
loc-ar-loc-georef-06315010,loc-ar-prov-buenos-aires,"General Juan Madariaga",06315010,Localidad simple
loc-ar-loc-georef-06322010,loc-ar-prov-buenos-aires,"General La Madrid",06322010,Localidad simple
loc-ar-loc-georef-06329020,loc-ar-prov-buenos-aires,"General Las Heras",06329020,Localidad simple
loc-ar-loc-georef-06336020,loc-ar-prov-buenos-aires,"General Lavalle",06336020,Localidad simple
loc-ar-loc-georef-06505020,loc-ar-prov-buenos-aires,"General Mansilla",06505020,Localidad simple
loc-ar-loc-georef-06112030,loc-ar-prov-buenos-aires,"General O'Brien",06112030,Localidad simple
loc-ar-loc-georef-0680501006,loc-ar-prov-buenos-aires,"General Pacheco",0680501006,Entidad
loc-ar-loc-georef-06351020,loc-ar-prov-buenos-aires,"General Pinto",06351020,Localidad simple
loc-ar-loc-georef-06518020,loc-ar-prov-buenos-aires,"General Pirán",06518020,Localidad simple
loc-ar-loc-georef-06784010,loc-ar-prov-buenos-aires,"General Rivas",06784010,Localidad simple
loc-ar-loc-georef-06364030,loc-ar-prov-buenos-aires,"General Rodríguez",06364030,Componente de localidad compuesta
loc-ar-loc-georef-06763030,loc-ar-prov-buenos-aires,"General Rojo",06763030,Localidad simple
loc-ar-loc-georef-06371010,loc-ar-prov-buenos-aires,"General San Martín",06371010,Componente de localidad compuesta
loc-ar-loc-georef-06392050,loc-ar-prov-buenos-aires,"General Villegas",06392050,Localidad simple
loc-ar-loc-georef-0603501005,loc-ar-prov-buenos-aires,"Gerli",0603501005,Entidad
loc-ar-loc-georef-06351030,loc-ar-prov-buenos-aires,"Germania",06351030,Localidad simple
loc-ar-loc-georef-06826020,loc-ar-prov-buenos-aires,"Girodias",06826020,Localidad simple
loc-ar-loc-georef-0602801005,loc-ar-prov-buenos-aires,"Glew",0602801005,Entidad
loc-ar-loc-georef-06770010,loc-ar-prov-buenos-aires,"Gobernador Castro",06770010,Localidad simple
loc-ar-loc-georef-0627401004,loc-ar-prov-buenos-aires,"Gobernador Julio A. Costa",0627401004,Entidad
loc-ar-loc-georef-06134040,loc-ar-prov-buenos-aires,"Gobernador Udaondo",06134040,Localidad simple
loc-ar-loc-georef-06854040,loc-ar-prov-buenos-aires,"Gobernador Ugarte",06854040,Localidad simple
loc-ar-loc-georef-06532005,loc-ar-prov-buenos-aires,"Goldney",06532005,Localidad simple
loc-ar-loc-georef-06119060,loc-ar-prov-buenos-aires,"Gómez",06119060,Localidad simple
loc-ar-loc-georef-0642701003,loc-ar-prov-buenos-aires,"González Catán",0642701003,Entidad
loc-ar-loc-georef-06679030,loc-ar-prov-buenos-aires,"González Moreno",06679030,Localidad simple
loc-ar-loc-georef-06301020,loc-ar-prov-buenos-aires,"Gorchs",06301020,Localidad simple
loc-ar-loc-georef-06224030,loc-ar-prov-buenos-aires,"Gorostiaga",06224030,Localidad simple
loc-ar-loc-georef-06700050,loc-ar-prov-buenos-aires,"Goyena",06700050,Localidad simple
loc-ar-loc-georef-0651501002,loc-ar-prov-buenos-aires,"Grand Bourg",0651501002,Entidad
loc-ar-loc-georef-0642701004,loc-ar-prov-buenos-aires,"Gregorio de Laferrere",0642701004,Entidad
loc-ar-loc-georef-0605601002,loc-ar-prov-buenos-aires,"Grünbein",0605601002,Entidad
loc-ar-loc-georef-06399040,loc-ar-prov-buenos-aires,"Guaminí",06399040,Localidad simple
loc-ar-loc-georef-0664801002,loc-ar-prov-buenos-aires,"Guernica",0664801002,Entidad
loc-ar-loc-georef-06623030,loc-ar-prov-buenos-aires,"Guerrico",06623030,Localidad simple
loc-ar-loc-georef-0609101005,loc-ar-prov-buenos-aires,"Guillermo Enrique Hudson",0609101005,Entidad
loc-ar-loc-georef-06351035,loc-ar-prov-buenos-aires,"Gunther",06351035,Localidad simple
loc-ar-loc-georef-0656801003,loc-ar-prov-buenos-aires,"Haedo",0656801003,Entidad
loc-ar-loc-georef-06105010,loc-ar-prov-buenos-aires,"Hale",06105010,Localidad simple
loc-ar-loc-georef-06406010,loc-ar-prov-buenos-aires,"Henderson",06406010,Localidad simple
loc-ar-loc-georef-06406020,loc-ar-prov-buenos-aires,"Herrera Vegas",06406020,Localidad simple
loc-ar-loc-georef-06875030,loc-ar-prov-buenos-aires,"Hilario Ascasubi",06875030,Localidad simple
loc-ar-loc-georef-06595060,loc-ar-prov-buenos-aires,"Hinojo",06595060,Localidad simple
loc-ar-loc-georef-06147050,loc-ar-prov-buenos-aires,"Hortensia",06147050,Localidad simple
loc-ar-loc-georef-06203050,loc-ar-prov-buenos-aires,"Huanguelén",06203050,Localidad simple
loc-ar-loc-georef-06408010,loc-ar-prov-buenos-aires,"Hurlingham",06408010,Componente de localidad compuesta
loc-ar-loc-georef-06196040,loc-ar-prov-buenos-aires,"Indio Rico",06196040,Localidad simple
loc-ar-loc-georef-06714040,loc-ar-prov-buenos-aires,"Inés Indart",06714040,Localidad simple
loc-ar-loc-georef-0651501003,loc-ar-prov-buenos-aires,"Ingeniero Adolfo Sourdeaux",0651501003,Entidad
loc-ar-loc-georef-0627401005,loc-ar-prov-buenos-aires,"Ingeniero Juan Allan",0627401005,Entidad
loc-ar-loc-georef-0625201004,loc-ar-prov-buenos-aires,"Ingeniero Maschwitz",0625201004,Entidad
loc-ar-loc-georef-06770015,loc-ar-prov-buenos-aires,"Ingeniero Moneta",06770015,Localidad simple
loc-ar-loc-georef-0651501004,loc-ar-prov-buenos-aires,"Ingeniero Pablo Nogués",0651501004,Entidad
loc-ar-loc-georef-06847010,loc-ar-prov-buenos-aires,"Ingeniero Thompson",06847010,Localidad simple
loc-ar-loc-georef-0605601003,loc-ar-prov-buenos-aires,"Ingeniero White",0605601003,Entidad
loc-ar-loc-georef-06609035,loc-ar-prov-buenos-aires,"Inocencio Sosa",06609035,Localidad simple
loc-ar-loc-georef-06112040,loc-ar-prov-buenos-aires,"Irala",06112040,Localidad simple
loc-ar-loc-georef-06189060,loc-ar-prov-buenos-aires,"Irene",06189060,Localidad simple
loc-ar-loc-georef-06070020,loc-ar-prov-buenos-aires,"Irineo Portela",06070020,Localidad simple
loc-ar-loc-georef-0642701005,loc-ar-prov-buenos-aires,"Isidro Casanova",0642701005,Entidad
loc-ar-loc-georef-0624501003,loc-ar-prov-buenos-aires,"Isla Santiago",0624501003,Entidad
loc-ar-loc-georef-06410010,loc-ar-prov-buenos-aires,"Ituzaingó",06410010,Componente de localidad compuesta
loc-ar-loc-georef-0641001001,loc-ar-prov-buenos-aires,"Ituzaingó Centro",0641001001,Entidad
loc-ar-loc-georef-0641001002,loc-ar-prov-buenos-aires,"Ituzaingó Sur",0641001002,Entidad
loc-ar-loc-georef-06119070,loc-ar-prov-buenos-aires,"Jeppener",06119070,Localidad simple
loc-ar-loc-georef-0644103011,loc-ar-prov-buenos-aires,"Joaquín Gorina",0644103011,Entidad
loc-ar-loc-georef-06532030,loc-ar-prov-buenos-aires,"Jorge Born",06532030,Localidad simple
loc-ar-loc-georef-06602040,loc-ar-prov-buenos-aires,"José B. Casas",06602040,Localidad simple
loc-ar-loc-georef-06412010,loc-ar-prov-buenos-aires,"José C. Paz",06412010,Componente de localidad compuesta
loc-ar-loc-georef-0644103012,loc-ar-prov-buenos-aires,"José Hernández",0644103012,Entidad
loc-ar-loc-georef-0684001006,loc-ar-prov-buenos-aires,"José Ingenieros",0684001006,Entidad
loc-ar-loc-georef-06574010,loc-ar-prov-buenos-aires,"José Juan Almeyra",06574010,Localidad simple
loc-ar-loc-georef-0627001004,loc-ar-prov-buenos-aires,"José María Ezeiza",0627001004,Entidad
loc-ar-loc-georef-0602801006,loc-ar-prov-buenos-aires,"José Mármol",0602801006,Entidad
loc-ar-loc-georef-0644103013,loc-ar-prov-buenos-aires,"José Melchor Romero",0644103013,Entidad
loc-ar-loc-georef-06623040,loc-ar-prov-buenos-aires,"Juan A. de la Peña",06623040,Localidad simple
loc-ar-loc-georef-06602050,loc-ar-prov-buenos-aires,"Juan A. Pradere",06602050,Localidad simple
loc-ar-loc-georef-06623050,loc-ar-prov-buenos-aires,"Juan Anchorena",06623050,Localidad simple
loc-ar-loc-georef-06462040,loc-ar-prov-buenos-aires,"Juan Bautista Alberdi",06462040,Localidad simple
loc-ar-loc-georef-06875040,loc-ar-prov-buenos-aires,"Juan Cousté",06875040,Localidad simple
loc-ar-loc-georef-06014030,loc-ar-prov-buenos-aires,"Juan E. Barra",06014030,Localidad simple
loc-ar-loc-georef-06105020,loc-ar-prov-buenos-aires,"Juan F. Ibarra",06105020,Localidad simple
loc-ar-loc-georef-06112060,loc-ar-prov-buenos-aires,"Juan F. Salaberry",06112060,Localidad simple
loc-ar-loc-georef-06609040,loc-ar-prov-buenos-aires,"Juan José Paso",06609040,Localidad simple
loc-ar-loc-georef-0609101006,loc-ar-prov-buenos-aires,"Juan María Gutiérrez",0609101006,Entidad
loc-ar-loc-georef-06581030,loc-ar-prov-buenos-aires,"Juan N. Fernández",06581030,Localidad simple
loc-ar-loc-georef-06413050,loc-ar-prov-buenos-aires,"Junín",06413050,Localidad simple
loc-ar-loc-georef-06294060,loc-ar-prov-buenos-aires,"La Angelita",06294060,Localidad simple
loc-ar-loc-georef-06518030,loc-ar-prov-buenos-aires,"La Armonía",06518030,Localidad simple
loc-ar-loc-georef-06588050,loc-ar-prov-buenos-aires,"La Aurora",06588050,Localidad simple
loc-ar-loc-georef-0651805001,loc-ar-prov-buenos-aires,"La Baliza",0651805001,Entidad
loc-ar-loc-georef-06686010,loc-ar-prov-buenos-aires,"La Beba",06686010,Localidad simple
loc-ar-loc-georef-0651805002,loc-ar-prov-buenos-aires,"La Caleta",0651805002,Entidad
loc-ar-loc-georef-0627401011,loc-ar-prov-buenos-aires,"La Capilla",0627401011,Entidad
loc-ar-loc-georef-06826030,loc-ar-prov-buenos-aires,"La Carreta",06826030,Localidad simple
loc-ar-loc-georef-06329030,loc-ar-prov-buenos-aires,"La Choza",06329030,Localidad simple
loc-ar-loc-georef-06322020,loc-ar-prov-buenos-aires,"La Colina",06322020,Localidad simple
loc-ar-loc-georef-06042020,loc-ar-prov-buenos-aires,"La Constancia",06042020,Localidad simple
loc-ar-loc-georef-0644103014,loc-ar-prov-buenos-aires,"La Cumbre",0644103014,Entidad
loc-ar-loc-georef-06385020,loc-ar-prov-buenos-aires,"La Delfina",06385020,Localidad simple
loc-ar-loc-georef-06819060,loc-ar-prov-buenos-aires,"La Gruta",06819060,Localidad simple
loc-ar-loc-georef-06714050,loc-ar-prov-buenos-aires,"La Invencible",06714050,Localidad simple
loc-ar-loc-georef-06231040,loc-ar-prov-buenos-aires,"La Larga",06231040,Localidad simple
loc-ar-loc-georef-06112050,loc-ar-prov-buenos-aires,"La Limpia",06112050,Localidad simple
loc-ar-loc-georef-0663804003,loc-ar-prov-buenos-aires,"La Lonja",0663804003,Entidad
loc-ar-loc-georef-0686101004,loc-ar-prov-buenos-aires,"La Lucila",0686101004,Entidad
loc-ar-loc-georef-06140020,loc-ar-prov-buenos-aires,"La Luisa",06140020,Localidad simple
loc-ar-loc-georef-06427010,loc-ar-prov-buenos-aires,"La Matanza",06427010,Componente de localidad compuesta
loc-ar-loc-georef-06007060,loc-ar-prov-buenos-aires,"La Pala",06007060,Localidad simple
loc-ar-loc-georef-06441030,loc-ar-prov-buenos-aires,"La Plata",06441030,Componente de localidad compuesta
loc-ar-loc-georef-0656001003,loc-ar-prov-buenos-aires,"La Reja",0656001003,Entidad
loc-ar-loc-georef-06224040,loc-ar-prov-buenos-aires,"La Rica",06224040,Localidad simple
loc-ar-loc-georef-06147060,loc-ar-prov-buenos-aires,"La Sofía",06147060,Localidad simple
loc-ar-loc-georef-0642701006,loc-ar-prov-buenos-aires,"La Tablada",0642701006,Entidad
loc-ar-loc-georef-0627001005,loc-ar-prov-buenos-aires,"La Unión",0627001005,Entidad
loc-ar-loc-georef-06623060,loc-ar-prov-buenos-aires,"La Violeta",06623060,Localidad simple
loc-ar-loc-georef-06308020,loc-ar-prov-buenos-aires,"Labardén",06308020,Localidad simple
loc-ar-loc-georef-06399050,loc-ar-prov-buenos-aires,"Laguna Alsina",06399050,Localidad simple
loc-ar-loc-georef-06218015,loc-ar-prov-buenos-aires,"Laguna Vitel",06218015,Localidad simple
loc-ar-loc-georef-06434010,loc-ar-prov-buenos-aires,"Lanús",06434010,Componente de localidad compuesta
loc-ar-loc-georef-0643401002,loc-ar-prov-buenos-aires,"Lanús Este",0643401002,Entidad
loc-ar-loc-georef-0643401003,loc-ar-prov-buenos-aires,"Lanús Oeste",0643401003,Entidad
loc-ar-loc-georef-06413060,loc-ar-prov-buenos-aires,"Laplacette",06413060,Localidad simple
loc-ar-loc-georef-06448010,loc-ar-prov-buenos-aires,"Laprida",06448010,Localidad simple
loc-ar-loc-georef-06196050,loc-ar-prov-buenos-aires,"Lartigau",06196050,Localidad simple
loc-ar-loc-georef-06511010,loc-ar-prov-buenos-aires,"Las Armas",06511010,Localidad simple
loc-ar-loc-georef-06665020,loc-ar-prov-buenos-aires,"Las Bahamas",06665020,Localidad simple
loc-ar-loc-georef-06686020,loc-ar-prov-buenos-aires,"Las Carabelas",06686020,Localidad simple
loc-ar-loc-georef-06700055,loc-ar-prov-buenos-aires,"Las Encadenadas",06700055,Localidad simple
loc-ar-loc-georef-06455030,loc-ar-prov-buenos-aires,"Las Flores",06455030,Localidad simple
loc-ar-loc-georef-06574020,loc-ar-prov-buenos-aires,"Las Marianas",06574020,Localidad simple
loc-ar-loc-georef-06322030,loc-ar-prov-buenos-aires,"Las Martinetas",06322030,Localidad simple
loc-ar-loc-georef-06469070,loc-ar-prov-buenos-aires,"Las Toscas",06469070,Localidad simple
loc-ar-loc-georef-06462050,loc-ar-prov-buenos-aires,"Leandro N. Alem",06462050,Localidad simple
loc-ar-loc-georef-0649706003,loc-ar-prov-buenos-aires,"Lezica y Torrezuri",0649706003,Entidad
loc-ar-loc-georef-06322040,loc-ar-prov-buenos-aires,"Líbano",06322040,Localidad simple
loc-ar-loc-georef-0653901001,loc-ar-prov-buenos-aires,"Libertad",0653901001,Entidad
loc-ar-loc-georef-06476020,loc-ar-prov-buenos-aires,"Licenciado Matienzo",06476020,Localidad simple
loc-ar-loc-georef-06882040,loc-ar-prov-buenos-aires,"Lima",06882040,Localidad simple
loc-ar-loc-georef-06469080,loc-ar-prov-buenos-aires,"Lincoln",06469080,Localidad simple
loc-ar-loc-georef-0644103016,loc-ar-prov-buenos-aires,"Lisandro Olmos",0644103016,Entidad
loc-ar-loc-georef-0649001002,loc-ar-prov-buenos-aires,"Llavallol",0649001002,Entidad
loc-ar-loc-georef-06476030,loc-ar-prov-buenos-aires,"Lobería",06476030,Localidad simple
loc-ar-loc-georef-06483040,loc-ar-prov-buenos-aires,"Lobos",06483040,Localidad simple
loc-ar-loc-georef-0684001007,loc-ar-prov-buenos-aires,"Loma Hermosa",0684001007,Entidad
loc-ar-loc-georef-06343020,loc-ar-prov-buenos-aires,"Loma Verde",06343020,Localidad simple
loc-ar-loc-georef-06490010,loc-ar-prov-buenos-aires,"Lomas de Zamora",06490010,Componente de localidad compuesta
loc-ar-loc-georef-0642701007,loc-ar-prov-buenos-aires,"Lomas del Mirador",0642701007,Entidad
loc-ar-loc-georef-0602801007,loc-ar-prov-buenos-aires,"Longchamps",0602801007,Entidad
loc-ar-loc-georef-06084030,loc-ar-prov-buenos-aires,"López",06084030,Localidad simple
loc-ar-loc-georef-06651070,loc-ar-prov-buenos-aires,"López Lecube",06651070,Localidad simple
loc-ar-loc-georef-06210030,loc-ar-prov-buenos-aires,"Los Angeles",06210030,Localidad simple
loc-ar-loc-georef-0663804004,loc-ar-prov-buenos-aires,"Los Cachorros",0663804004,Entidad
loc-ar-loc-georef-06266040,loc-ar-prov-buenos-aires,"Los Cardales",06266040,Componente de localidad compuesta
loc-ar-loc-georef-0644103017,loc-ar-prov-buenos-aires,"Los Hornos",0644103017,Entidad
loc-ar-loc-georef-06686030,loc-ar-prov-buenos-aires,"Los Indios",06686030,Localidad simple
loc-ar-loc-georef-06505030,loc-ar-prov-buenos-aires,"Los Naranjos",06505030,Localidad simple
loc-ar-loc-georef-06063020,loc-ar-prov-buenos-aires,"Los Pinos",06063020,Localidad simple
loc-ar-loc-georef-0651501005,loc-ar-prov-buenos-aires,"Los Polvorines",0651501005,Entidad
loc-ar-loc-georef-0609801005,loc-ar-prov-buenos-aires,"Los Talas",0609801005,Entidad
loc-ar-loc-georef-06385030,loc-ar-prov-buenos-aires,"Los Toldos",06385030,Localidad simple
loc-ar-loc-georef-06854050,loc-ar-prov-buenos-aires,"Lucas Monteverde",06854050,Localidad simple
loc-ar-loc-georef-0626001003,loc-ar-prov-buenos-aires,"Luis Guillón",0626001003,Entidad
loc-ar-loc-georef-06497060,loc-ar-prov-buenos-aires,"Luján",06497060,Localidad simple
loc-ar-loc-georef-06609050,loc-ar-prov-buenos-aires,"Magdala",06609050,Localidad simple
loc-ar-loc-georef-06505040,loc-ar-prov-buenos-aires,"Magdalena",06505040,Localidad simple
loc-ar-loc-georef-06511020,loc-ar-prov-buenos-aires,"Maipú",06511020,Localidad simple
loc-ar-loc-georef-06515010,loc-ar-prov-buenos-aires,"Malvinas Argentinas",06515010,Componente de localidad compuesta
loc-ar-loc-georef-06588060,loc-ar-prov-buenos-aires,"Manuel B. Gonnet",06588060,Localidad simple
loc-ar-loc-georef-06466020,loc-ar-prov-buenos-aires,"Manuel J. Cobo",06466020,Localidad simple
loc-ar-loc-georef-06623070,loc-ar-prov-buenos-aires,"Manuel Ocampo",06623070,Localidad simple
loc-ar-loc-georef-0663804005,loc-ar-prov-buenos-aires,"Manzanares",0663804005,Entidad
loc-ar-loc-georef-0663804006,loc-ar-prov-buenos-aires,"Manzone",0663804006,Entidad
loc-ar-loc-georef-0625201007,loc-ar-prov-buenos-aires,"Maquinista F. Savio Este",0625201007,Entidad
loc-ar-loc-georef-0663804007,loc-ar-prov-buenos-aires,"Maquinista F. Savio Oeste",0663804007,Entidad
loc-ar-loc-georef-06518040,loc-ar-prov-buenos-aires,"Mar Chiquita",06518040,Localidad simple
loc-ar-loc-georef-06518050,loc-ar-prov-buenos-aires,"Mar de Cobo",06518050,Localidad simple
loc-ar-loc-georef-06357110,loc-ar-prov-buenos-aires,"Mar del Plata",06357110,Localidad simple
loc-ar-loc-georef-06280020,loc-ar-prov-buenos-aires,"Mar del Sur",06280020,Localidad simple
loc-ar-loc-georef-0642004001,loc-ar-prov-buenos-aires,"Mar del Tuyú",0642004001,Entidad
loc-ar-loc-georef-06588070,loc-ar-prov-buenos-aires,"Marcelino Ugarte",06588070,Localidad simple
loc-ar-loc-georef-06525020,loc-ar-prov-buenos-aires,"Marcos Paz",06525020,Componente de localidad compuesta
loc-ar-loc-georef-06791040,loc-ar-prov-buenos-aires,"María Ignacia",06791040,Localidad simple
loc-ar-loc-georef-0653901002,loc-ar-prov-buenos-aires,"Mariano Acosta",0653901002,Entidad
loc-ar-loc-georef-06623080,loc-ar-prov-buenos-aires,"Mariano Benítez",06623080,Localidad simple
loc-ar-loc-georef-06623090,loc-ar-prov-buenos-aires,"Mariano H. Alfonzo",06623090,Localidad simple
loc-ar-loc-georef-06189020,loc-ar-prov-buenos-aires,"Marisol",06189020,Localidad simple
loc-ar-loc-georef-0684001008,loc-ar-prov-buenos-aires,"Martín Coronado",0684001008,Entidad
loc-ar-loc-georef-0675601004,loc-ar-prov-buenos-aires,"Martínez",0675601004,Entidad
loc-ar-loc-georef-06392060,loc-ar-prov-buenos-aires,"Massey",06392060,Localidad simple
loc-ar-loc-georef-0625201006,loc-ar-prov-buenos-aires,"Matheu",0625201006,Entidad
loc-ar-loc-georef-06147070,loc-ar-prov-buenos-aires,"Mauricio Hirsch",06147070,Localidad simple
loc-ar-loc-georef-06134050,loc-ar-prov-buenos-aires,"Máximo Paz",06134050,Componente de localidad compuesta
loc-ar-loc-georef-06875050,loc-ar-prov-buenos-aires,"Mayor Buratovich",06875050,Localidad simple
loc-ar-loc-georef-06007070,loc-ar-prov-buenos-aires,"Maza",06007070,Localidad simple
loc-ar-loc-georef-06021030,loc-ar-prov-buenos-aires,"Mechita",06021030,Componente de localidad compuesta
loc-ar-loc-georef-06280030,loc-ar-prov-buenos-aires,"Mechongué",06280030,Localidad simple
loc-ar-loc-georef-06875060,loc-ar-prov-buenos-aires,"Médanos",06875060,Localidad simple
loc-ar-loc-georef-06532020,loc-ar-prov-buenos-aires,"Mercedes",06532020,Localidad simple
loc-ar-loc-georef-06539010,loc-ar-prov-buenos-aires,"Merlo",06539010,Componente de localidad compuesta
loc-ar-loc-georef-06833050,loc-ar-prov-buenos-aires,"Micaela Cascallares",06833050,Localidad simple
loc-ar-loc-georef-0602801009,loc-ar-prov-buenos-aires,"Ministro Rivadavia",0602801009,Entidad
loc-ar-loc-georef-06679040,loc-ar-prov-buenos-aires,"Mira Pampa",06679040,Localidad simple
loc-ar-loc-georef-06280040,loc-ar-prov-buenos-aires,"Miramar",06280040,Componente de localidad compuesta
loc-ar-loc-georef-06147080,loc-ar-prov-buenos-aires,"Moctezuma",06147080,Localidad simple
loc-ar-loc-georef-06609060,loc-ar-prov-buenos-aires,"Mones Cazón",06609060,Localidad simple
loc-ar-loc-georef-0643401004,loc-ar-prov-buenos-aires,"Monte Chingolo",0643401004,Entidad
loc-ar-loc-georef-0626001004,loc-ar-prov-buenos-aires,"Monte Grande",0626001004,Entidad
loc-ar-loc-georef-06553020,loc-ar-prov-buenos-aires,"Monte Hermoso",06553020,Localidad simple
loc-ar-loc-georef-06224050,loc-ar-prov-buenos-aires,"Moquehuá",06224050,Localidad simple
loc-ar-loc-georef-06588080,loc-ar-prov-buenos-aires,"Morea",06588080,Localidad simple
loc-ar-loc-georef-06560010,loc-ar-prov-buenos-aires,"Moreno",06560010,Componente de localidad compuesta
loc-ar-loc-georef-06568010,loc-ar-prov-buenos-aires,"Morón",06568010,Componente de localidad compuesta
loc-ar-loc-georef-06413070,loc-ar-prov-buenos-aires,"Morse",06413070,Localidad simple
loc-ar-loc-georef-0686101005,loc-ar-prov-buenos-aires,"Munro",0686101005,Entidad
loc-ar-loc-georef-0676001003,loc-ar-prov-buenos-aires,"Muñiz",0676001003,Entidad
loc-ar-loc-georef-06063030,loc-ar-prov-buenos-aires,"Napaleofú",06063030,Localidad simple
loc-ar-loc-georef-06574030,loc-ar-prov-buenos-aires,"Navarro",06574030,Localidad simple
loc-ar-loc-georef-0658104001,loc-ar-prov-buenos-aires,"Necochea",0658104001,Entidad
loc-ar-loc-georef-06581040,loc-ar-prov-buenos-aires,"Necochea - Quequén",06581040,Localidad simple
loc-ar-loc-georef-06581050,loc-ar-prov-buenos-aires,"Nicanor Olivera",06581050,Localidad simple
loc-ar-loc-georef-06854060,loc-ar-prov-buenos-aires,"Norberto de la Riestra",06854060,Localidad simple
loc-ar-loc-georef-06588090,loc-ar-prov-buenos-aires,"Norumbega",06588090,Localidad simple
loc-ar-loc-georef-06609070,loc-ar-prov-buenos-aires,"Nueva Plata",06609070,Localidad simple
loc-ar-loc-georef-06770020,loc-ar-prov-buenos-aires,"Obligado",06770020,Localidad simple
loc-ar-loc-georef-06742020,loc-ar-prov-buenos-aires,"Ochandío",06742020,Localidad simple
loc-ar-loc-georef-06210040,loc-ar-prov-buenos-aires,"O'Higgins",06210040,Localidad simple
loc-ar-loc-georef-06112080,loc-ar-prov-buenos-aires,"Olascoaga",06112080,Localidad simple
loc-ar-loc-georef-06595070,loc-ar-prov-buenos-aires,"Olavarría",06595070,Localidad simple
loc-ar-loc-georef-06119080,loc-ar-prov-buenos-aires,"Oliden",06119080,Localidad simple
loc-ar-loc-georef-06497070,loc-ar-prov-buenos-aires,"Olivera",06497070,Localidad simple
loc-ar-loc-georef-0686101006,loc-ar-prov-buenos-aires,"Olivos",0686101006,Entidad
loc-ar-loc-georef-0649706008,loc-ar-prov-buenos-aires,"Open Door",0649706008,Entidad
loc-ar-loc-georef-06147090,loc-ar-prov-buenos-aires,"Ordoqui",06147090,Localidad simple
loc-ar-loc-georef-06833060,loc-ar-prov-buenos-aires,"Orense",06833060,Localidad simple
loc-ar-loc-georef-06189070,loc-ar-prov-buenos-aires,"Oriente",06189070,Localidad simple
loc-ar-loc-georef-0664401002,loc-ar-prov-buenos-aires,"Ostende",0664401002,Entidad
loc-ar-loc-georef-0684001010,loc-ar-prov-buenos-aires,"Pablo Podestá",0684001010,Entidad
loc-ar-loc-georef-0626606002,loc-ar-prov-buenos-aires,"Parada Robles",0626606002,Entidad
loc-ar-loc-georef-06266060,loc-ar-prov-buenos-aires,"Parada Robles - Pavón",06266060,Localidad simple
loc-ar-loc-georef-06413055,loc-ar-prov-buenos-aires,"Paraje La Agraria",06413055,Localidad simple
loc-ar-loc-georef-06189075,loc-ar-prov-buenos-aires,"Paraje La Ruta",06189075,Localidad simple
loc-ar-loc-georef-06455040,loc-ar-prov-buenos-aires,"Pardo",06455040,Localidad simple
loc-ar-loc-georef-06203060,loc-ar-prov-buenos-aires,"Pasman",06203060,Localidad simple
loc-ar-loc-georef-0656001005,loc-ar-prov-buenos-aires,"Paso del Rey",0656001005,Entidad
loc-ar-loc-georef-06469090,loc-ar-prov-buenos-aires,"Pasteur",06469090,Localidad simple
loc-ar-loc-georef-06588110,loc-ar-prov-buenos-aires,"Patricios",06588110,Localidad simple
loc-ar-loc-georef-06105040,loc-ar-prov-buenos-aires,"Paula",06105040,Localidad simple
loc-ar-loc-georef-06336030,loc-ar-prov-buenos-aires,"Pavón",06336030,Localidad simple
loc-ar-loc-georef-06175030,loc-ar-prov-buenos-aires,"Pearson",06175030,Localidad simple
loc-ar-loc-georef-06854070,loc-ar-prov-buenos-aires,"Pedernales",06854070,Localidad simple
loc-ar-loc-georef-06875070,loc-ar-prov-buenos-aires,"Pedro Luro",06875070,Localidad simple
loc-ar-loc-georef-06609080,loc-ar-prov-buenos-aires,"Pehuajó",06609080,Localidad simple
loc-ar-loc-georef-06616030,loc-ar-prov-buenos-aires,"Pellegrini",06616030,Localidad simple
loc-ar-loc-georef-0609101007,loc-ar-prov-buenos-aires,"Pereyra",0609101007,Entidad
loc-ar-loc-georef-06665030,loc-ar-prov-buenos-aires,"Pérez Millán",06665030,Localidad simple
loc-ar-loc-georef-06623100,loc-ar-prov-buenos-aires,"Pergamino",06623100,Localidad simple
loc-ar-loc-georef-06392070,loc-ar-prov-buenos-aires,"Pichincha",06392070,Localidad simple
loc-ar-loc-georef-06392080,loc-ar-prov-buenos-aires,"Piedritas",06392080,Localidad simple
loc-ar-loc-georef-06476040,loc-ar-prov-buenos-aires,"Pieres",06476040,Localidad simple
loc-ar-loc-georef-06700060,loc-ar-prov-buenos-aires,"Pigüé",06700060,Localidad simple
loc-ar-loc-georef-06630020,loc-ar-prov-buenos-aires,"Pila",06630020,Localidad simple
loc-ar-loc-georef-06638040,loc-ar-prov-buenos-aires,"Pilar",06638040,Componente de localidad compuesta
loc-ar-loc-georef-06644010,loc-ar-prov-buenos-aires,"Pinamar",06644010,Localidad simple
loc-ar-loc-georef-06623110,loc-ar-prov-buenos-aires,"Pinzón",06623110,Localidad simple
loc-ar-loc-georef-0603501006,loc-ar-prov-buenos-aires,"Piñeyro",0603501006,Entidad
loc-ar-loc-georef-06655030,loc-ar-prov-buenos-aires,"Pipinas",06655030,Localidad simple
loc-ar-loc-georef-06105050,loc-ar-prov-buenos-aires,"Pirovano",06105050,Localidad simple
loc-ar-loc-georef-06021040,loc-ar-prov-buenos-aires,"Pla",06021040,Localidad simple
loc-ar-loc-georef-0609101008,loc-ar-prov-buenos-aires,"Plátanos",0609101008,Entidad
loc-ar-loc-georef-0651806004,loc-ar-prov-buenos-aires,"Playa Dorada",0651806004,Entidad
loc-ar-loc-georef-06329050,loc-ar-prov-buenos-aires,"Plomer",06329050,Localidad simple
loc-ar-loc-georef-06707050,loc-ar-prov-buenos-aires,"Polvaredas",06707050,Localidad simple
loc-ar-loc-georef-06322050,loc-ar-prov-buenos-aires,"Pontaut",06322050,Localidad simple
loc-ar-loc-georef-0653901004,loc-ar-prov-buenos-aires,"Pontevedra",0653901004,Entidad
loc-ar-loc-georef-06277030,loc-ar-prov-buenos-aires,"Porvenir",06277030,Localidad simple
loc-ar-loc-georef-0663804009,loc-ar-prov-buenos-aires,"Presidente Derqui",0663804009,Entidad
loc-ar-loc-georef-06648010,loc-ar-prov-buenos-aires,"Presidente Perón",06648010,Componente de localidad compuesta
loc-ar-loc-georef-06651080,loc-ar-prov-buenos-aires,"Puán",06651080,Localidad simple
loc-ar-loc-georef-06770030,loc-ar-prov-buenos-aires,"Pueblo Doyle",06770030,Localidad simple
loc-ar-loc-georef-06161020,loc-ar-prov-buenos-aires,"Pueblo Gouin",06161020,Localidad simple
loc-ar-loc-georef-06448020,loc-ar-prov-buenos-aires,"Pueblo Nuevo",06448020,Localidad simple
loc-ar-loc-georef-06448030,loc-ar-prov-buenos-aires,"Pueblo San Jorge",06448030,Localidad simple
loc-ar-loc-georef-06182030,loc-ar-prov-buenos-aires,"Punta Alta",06182030,Localidad simple
loc-ar-loc-georef-06655040,loc-ar-prov-buenos-aires,"Punta Indio",06655040,Localidad simple
loc-ar-loc-georef-0624501004,loc-ar-prov-buenos-aires,"Punta Lara",0624501004,Entidad
loc-ar-loc-georef-0635711004,loc-ar-prov-buenos-aires,"Punta Mogotes",0635711004,Entidad
loc-ar-loc-georef-06721010,loc-ar-prov-buenos-aires,"Quenumá",06721010,Localidad simple
loc-ar-loc-georef-0658104002,loc-ar-prov-buenos-aires,"Quequén",0658104002,Entidad
loc-ar-loc-georef-06658010,loc-ar-prov-buenos-aires,"Quilmes",06658010,Componente de localidad compuesta
loc-ar-loc-georef-0665801007,loc-ar-prov-buenos-aires,"Quilmes Oeste",0665801007,Entidad
loc-ar-loc-georef-0602801010,loc-ar-prov-buenos-aires,"Rafael Calzada",0602801010,Entidad
loc-ar-loc-georef-0642701008,loc-ar-prov-buenos-aires,"Rafael Castillo",0642701008,Entidad
loc-ar-loc-georef-06686040,loc-ar-prov-buenos-aires,"Rafael Obligado",06686040,Localidad simple
loc-ar-loc-georef-06665040,loc-ar-prov-buenos-aires,"Ramallo",06665040,Localidad simple
loc-ar-loc-georef-06224060,loc-ar-prov-buenos-aires,"Ramón Biaus",06224060,Localidad simple
loc-ar-loc-georef-06581060,loc-ar-prov-buenos-aires,"Ramón Santamarina",06581060,Localidad simple
loc-ar-loc-georef-0642701009,loc-ar-prov-buenos-aires,"Ramos Mejía",0642701009,Entidad
loc-ar-loc-georef-06063040,loc-ar-prov-buenos-aires,"Ramos Otero",06063040,Localidad simple
loc-ar-loc-georef-06623120,loc-ar-prov-buenos-aires,"Rancagua",06623120,Localidad simple
loc-ar-loc-georef-06343030,loc-ar-prov-buenos-aires,"Ranchos",06343030,Localidad simple
loc-ar-loc-georef-0609101009,loc-ar-prov-buenos-aires,"Ranelagh",0609101009,Entidad
loc-ar-loc-georef-06672010,loc-ar-prov-buenos-aires,"Rauch",06672010,Localidad simple
loc-ar-loc-georef-06210050,loc-ar-prov-buenos-aires,"Rawson",06210050,Localidad simple
loc-ar-loc-georef-06595080,loc-ar-prov-buenos-aires,"Recalde",06595080,Localidad simple
loc-ar-loc-georef-0684001011,loc-ar-prov-buenos-aires,"Remedios de Escalada",0684001011,Entidad
loc-ar-loc-georef-0643401005,loc-ar-prov-buenos-aires,"Remedios de Escalada de San Martín",0643401005,Entidad
loc-ar-loc-georef-06833070,loc-ar-prov-buenos-aires,"Reta",06833070,Localidad simple
loc-ar-loc-georef-0680501008,loc-ar-prov-buenos-aires,"Ricardo Rojas",0680501008,Entidad
loc-ar-loc-georef-0680501009,loc-ar-prov-buenos-aires,"Rincón de Milberg",0680501009,Entidad
loc-ar-loc-georef-0644103019,loc-ar-prov-buenos-aires,"Ringuelet",0644103019,Entidad
loc-ar-loc-georef-06770040,loc-ar-prov-buenos-aires,"Río Tala",06770040,Localidad simple
loc-ar-loc-georef-06007080,loc-ar-prov-buenos-aires,"Rivera",06007080,Localidad simple
loc-ar-loc-georef-06686050,loc-ar-prov-buenos-aires,"Roberto Cano",06686050,Localidad simple
loc-ar-loc-georef-0663804010,loc-ar-prov-buenos-aires,"Roberto de Vicenzo",0663804010,Entidad
loc-ar-loc-georef-06469100,loc-ar-prov-buenos-aires,"Roberts",06469100,Localidad simple
loc-ar-loc-georef-06686060,loc-ar-prov-buenos-aires,"Rojas",06686060,Localidad simple
loc-ar-loc-georef-06679050,loc-ar-prov-buenos-aires,"Roosevelt",06679050,Localidad simple
loc-ar-loc-georef-06693020,loc-ar-prov-buenos-aires,"Roque Pérez",06693020,Localidad simple
loc-ar-loc-georef-0644103020,loc-ar-prov-buenos-aires,"Rufino de Elizalde",0644103020,Entidad
loc-ar-loc-georef-06700070,loc-ar-prov-buenos-aires,"Saavedra",06700070,Localidad simple
loc-ar-loc-georef-0684001012,loc-ar-prov-buenos-aires,"Sáenz Peña",0684001012,Entidad
loc-ar-loc-georef-06413080,loc-ar-prov-buenos-aires,"Saforcada",06413080,Localidad simple
loc-ar-loc-georef-06707060,loc-ar-prov-buenos-aires,"Saladillo",06707060,Localidad simple
loc-ar-loc-georef-06231060,loc-ar-prov-buenos-aires,"Salazar",06231060,Localidad simple
loc-ar-loc-georef-06819020,loc-ar-prov-buenos-aires,"Saldungaray",06819020,Localidad simple
loc-ar-loc-georef-06721020,loc-ar-prov-buenos-aires,"Salliqueló",06721020,Localidad simple
loc-ar-loc-georef-06714060,loc-ar-prov-buenos-aires,"Salto",06714060,Localidad simple
loc-ar-loc-georef-06483050,loc-ar-prov-buenos-aires,"Salvador María",06483050,Localidad simple
loc-ar-loc-georef-06063050,loc-ar-prov-buenos-aires,"San Agustín",06063050,Localidad simple
loc-ar-loc-georef-06728040,loc-ar-prov-buenos-aires,"San Andrés de Giles",06728040,Localidad simple
loc-ar-loc-georef-06735020,loc-ar-prov-buenos-aires,"San Antonio de Areco",06735020,Localidad simple
loc-ar-loc-georef-0653901005,loc-ar-prov-buenos-aires,"San Antonio de Padua",0653901005,Entidad
loc-ar-loc-georef-06609090,loc-ar-prov-buenos-aires,"San Bernardo",06609090,Localidad simple
loc-ar-loc-georef-06105060,loc-ar-prov-buenos-aires,"San Carlos de Bolívar",06105060,Localidad simple
loc-ar-loc-georef-06742030,loc-ar-prov-buenos-aires,"San Cayetano",06742030,Localidad simple
loc-ar-loc-georef-06420030,loc-ar-prov-buenos-aires,"San Clemente del Tuyú",06420030,Localidad simple
loc-ar-loc-georef-06385040,loc-ar-prov-buenos-aires,"San Emilio",06385040,Localidad simple
loc-ar-loc-georef-06854080,loc-ar-prov-buenos-aires,"San Enrique",06854080,Localidad simple
loc-ar-loc-georef-06609020,loc-ar-prov-buenos-aires,"San Esteban",06609020,Localidad simple
loc-ar-loc-georef-06749010,loc-ar-prov-buenos-aires,"San Fernando",06749010,Componente de localidad compuesta
loc-ar-loc-georef-06833080,loc-ar-prov-buenos-aires,"San Francisco de Bellocq",06833080,Localidad simple
loc-ar-loc-georef-0602801011,loc-ar-prov-buenos-aires,"San Francisco Solano",0602801011,Entidad
loc-ar-loc-georef-06651090,loc-ar-prov-buenos-aires,"San Germán",06651090,Localidad simple
loc-ar-loc-georef-06756010,loc-ar-prov-buenos-aires,"San Isidro",06756010,Componente de localidad compuesta
loc-ar-loc-georef-0602801012,loc-ar-prov-buenos-aires,"San José",0602801012,Entidad
loc-ar-loc-georef-0627401003,loc-ar-prov-buenos-aires,"San Juan Bautista",0627401003,Entidad
loc-ar-loc-georef-0642701010,loc-ar-prov-buenos-aires,"San Justo",0642701010,Entidad
loc-ar-loc-georef-06476050,loc-ar-prov-buenos-aires,"San Manuel",06476050,Localidad simple
loc-ar-loc-georef-06679060,loc-ar-prov-buenos-aires,"San Mauricio",06679060,Localidad simple
loc-ar-loc-georef-06833090,loc-ar-prov-buenos-aires,"San Mayol",06833090,Localidad simple
loc-ar-loc-georef-06760010,loc-ar-prov-buenos-aires,"San Miguel",06760010,Componente de localidad compuesta
loc-ar-loc-georef-06547020,loc-ar-prov-buenos-aires,"San Miguel del Monte",06547020,Localidad simple
loc-ar-loc-georef-06763050,loc-ar-prov-buenos-aires,"San Nicolás de los Arroyos",06763050,Componente de localidad compuesta
loc-ar-loc-georef-06770050,loc-ar-prov-buenos-aires,"San Pedro",06770050,Localidad simple
loc-ar-loc-georef-06189080,loc-ar-prov-buenos-aires,"San Román",06189080,Localidad simple
loc-ar-loc-georef-06224070,loc-ar-prov-buenos-aires,"San Sebastián",06224070,Localidad simple
loc-ar-loc-georef-06778020,loc-ar-prov-buenos-aires,"San Vicente",06778020,Componente de localidad compuesta
loc-ar-loc-georef-06679070,loc-ar-prov-buenos-aires,"Sansinena",06679070,Localidad simple
loc-ar-loc-georef-06518060,loc-ar-prov-buenos-aires,"Santa Clara del Mar",06518060,Localidad simple
loc-ar-loc-georef-06070030,loc-ar-prov-buenos-aires,"Santa Coloma",06070030,Localidad simple
loc-ar-loc-georef-0651806006,loc-ar-prov-buenos-aires,"Santa Elena",0651806006,Entidad
loc-ar-loc-georef-06392090,loc-ar-prov-buenos-aires,"Santa Eleodora",06392090,Localidad simple
loc-ar-loc-georef-06770060,loc-ar-prov-buenos-aires,"Santa Lucía",06770060,Localidad simple
loc-ar-loc-georef-06595090,loc-ar-prov-buenos-aires,"Santa Luisa",06595090,Localidad simple
loc-ar-loc-georef-06203080,loc-ar-prov-buenos-aires,"Santa María",06203080,Localidad simple
loc-ar-loc-georef-06392100,loc-ar-prov-buenos-aires,"Santa Regina",06392100,Localidad simple
loc-ar-loc-georef-06134060,loc-ar-prov-buenos-aires,"Santa Rosa",06134060,Localidad simple
loc-ar-loc-georef-0663804011,loc-ar-prov-buenos-aires,"Santa Teresa",0663804011,Entidad
loc-ar-loc-georef-0642004002,loc-ar-prov-buenos-aires,"Santa Teresita",0642004002,Entidad
loc-ar-loc-georef-06420040,loc-ar-prov-buenos-aires,"Santa Teresita - Mar del Tuyú",06420040,Localidad simple
loc-ar-loc-georef-06511030,loc-ar-prov-buenos-aires,"Santo Domingo",06511030,Localidad simple
loc-ar-loc-georef-06147095,loc-ar-prov-buenos-aires,"Santo Tomás",06147095,Localidad simple
loc-ar-loc-georef-0684001013,loc-ar-prov-buenos-aires,"Santos Lugares",0684001013,Entidad
loc-ar-loc-georef-0603501007,loc-ar-prov-buenos-aires,"Sarandí",0603501007,Entidad
loc-ar-loc-georef-06175040,loc-ar-prov-buenos-aires,"Sarasa",06175040,Localidad simple
loc-ar-loc-georef-06238020,loc-ar-prov-buenos-aires,"Sevigne",06238020,Localidad simple
loc-ar-loc-georef-06595100,loc-ar-prov-buenos-aires,"Sierra Chica",06595100,Localidad simple
loc-ar-loc-georef-06819030,loc-ar-prov-buenos-aires,"Sierra de la Ventana",06819030,Componente de localidad compuesta
loc-ar-loc-georef-06357120,loc-ar-prov-buenos-aires,"Sierra de los Padres",06357120,Localidad simple
loc-ar-loc-georef-06595110,loc-ar-prov-buenos-aires,"Sierras Bayas",06595110,Localidad simple
loc-ar-loc-georef-06147100,loc-ar-prov-buenos-aires,"Smith",06147100,Localidad simple
loc-ar-loc-georef-06686070,loc-ar-prov-buenos-aires,"Sol de Mayo",06686070,Localidad simple
loc-ar-loc-georef-06042030,loc-ar-prov-buenos-aires,"Solanet",06042030,Localidad simple
loc-ar-loc-georef-06728050,loc-ar-prov-buenos-aires,"Solís",06728050,Localidad simple
loc-ar-loc-georef-06602060,loc-ar-prov-buenos-aires,"Stroeder",06602060,Localidad simple
loc-ar-loc-georef-06784020,loc-ar-prov-buenos-aires,"Suipacha",06784020,Localidad simple
loc-ar-loc-georef-06679080,loc-ar-prov-buenos-aires,"Sundblad",06679080,Localidad simple
loc-ar-loc-georef-06476060,loc-ar-prov-buenos-aires,"Tamangueyú",06476060,Localidad simple
loc-ar-loc-georef-06791050,loc-ar-prov-buenos-aires,"Tandil",06791050,Localidad simple
loc-ar-loc-georef-06798020,loc-ar-prov-buenos-aires,"Tapalqué",06798020,Localidad simple
loc-ar-loc-georef-0642701011,loc-ar-prov-buenos-aires,"Tapiales",0642701011,Entidad
loc-ar-loc-georef-06084040,loc-ar-prov-buenos-aires,"Tedín Uriburu",06084040,Localidad simple
loc-ar-loc-georef-0649001004,loc-ar-prov-buenos-aires,"Temperley",0649001004,Entidad
loc-ar-loc-georef-06875080,loc-ar-prov-buenos-aires,"Teniente Origone",06875080,Localidad simple
loc-ar-loc-georef-06805010,loc-ar-prov-buenos-aires,"Tigre",06805010,Componente de localidad compuesta
loc-ar-loc-georef-06154040,loc-ar-prov-buenos-aires,"Timote",06154040,Localidad simple
loc-ar-loc-georef-0644103021,loc-ar-prov-buenos-aires,"Tolosa",0644103021,Entidad
loc-ar-loc-georef-06819040,loc-ar-prov-buenos-aires,"Tornquist",06819040,Localidad simple
loc-ar-loc-georef-06497090,loc-ar-prov-buenos-aires,"Torres",06497090,Localidad simple
loc-ar-loc-georef-0641201003,loc-ar-prov-buenos-aires,"Tortuguitas",0641201003,Entidad
loc-ar-loc-georef-0644103022,loc-ar-prov-buenos-aires,"Transradio",0644103022,Entidad
loc-ar-loc-georef-06826050,loc-ar-prov-buenos-aires,"Trenque Lauquen",06826050,Localidad simple
loc-ar-loc-georef-06154050,loc-ar-prov-buenos-aires,"Tres Algarrobos",06154050,Localidad simple
loc-ar-loc-georef-06833100,loc-ar-prov-buenos-aires,"Tres Arroyos",06833100,Localidad simple
loc-ar-loc-georef-06840010,loc-ar-prov-buenos-aires,"Tres de Febrero",06840010,Componente de localidad compuesta
loc-ar-loc-georef-06847020,loc-ar-prov-buenos-aires,"Tres Lomas",06847020,Localidad simple
loc-ar-loc-georef-06819050,loc-ar-prov-buenos-aires,"Tres Picos",06819050,Localidad simple
loc-ar-loc-georef-06161030,loc-ar-prov-buenos-aires,"Tres Sargentos",06161030,Localidad simple
loc-ar-loc-georef-0627001006,loc-ar-prov-buenos-aires,"Tristán Suárez",0627001006,Entidad
loc-ar-loc-georef-06469110,loc-ar-prov-buenos-aires,"Triunvirato",06469110,Localidad simple
loc-ar-loc-georef-0680501007,loc-ar-prov-buenos-aires,"Troncos del Talar",0680501007,Entidad
loc-ar-loc-georef-06826060,loc-ar-prov-buenos-aires,"Trongé",06826060,Localidad simple
loc-ar-loc-georef-0656001006,loc-ar-prov-buenos-aires,"Trujui",0656001006,Entidad
loc-ar-loc-georef-0649001005,loc-ar-prov-buenos-aires,"Turdera",0649001005,Entidad
loc-ar-loc-georef-06042040,loc-ar-prov-buenos-aires,"Udaquiola",06042040,Localidad simple
loc-ar-loc-georef-06105070,loc-ar-prov-buenos-aires,"Urdampilleta",06105070,Localidad simple
loc-ar-loc-georef-06134070,loc-ar-prov-buenos-aires,"Uribelarrea",06134070,Localidad simple
loc-ar-loc-georef-0637101022,loc-ar-prov-buenos-aires,"Va.María Irene de los Remedios Escalada",0637101022,Entidad
loc-ar-loc-georef-0637101023,loc-ar-prov-buenos-aires,"Va.Marqués Alejandro María de Aguado",0637101023,Entidad
loc-ar-loc-georef-06854090,loc-ar-prov-buenos-aires,"Valdés",06854090,Localidad simple
loc-ar-loc-georef-0643401006,loc-ar-prov-buenos-aires,"Valentín Alsina",0643401006,Entidad
loc-ar-loc-georef-0664401004,loc-ar-prov-buenos-aires,"Valeria del Mar",0664401004,Entidad
loc-ar-loc-georef-06014040,loc-ar-prov-buenos-aires,"Vásquez",06014040,Localidad simple
loc-ar-loc-georef-06462060,loc-ar-prov-buenos-aires,"Vedia",06462060,Localidad simple
loc-ar-loc-georef-06798030,loc-ar-prov-buenos-aires,"Velloso",06798030,Localidad simple
loc-ar-loc-georef-06655050,loc-ar-prov-buenos-aires,"Verónica",06655050,Localidad simple
loc-ar-loc-georef-06861010,loc-ar-prov-buenos-aires,"Vicente López",06861010,Componente de localidad compuesta
loc-ar-loc-georef-0674901002,loc-ar-prov-buenos-aires,"Victoria",0674901002,Entidad
loc-ar-loc-georef-06505060,loc-ar-prov-buenos-aires,"Vieytes",06505060,Localidad simple
loc-ar-loc-georef-0675601006,loc-ar-prov-buenos-aires,"Villa Adelina",0675601006,Entidad
loc-ar-loc-georef-06595120,loc-ar-prov-buenos-aires,"Villa Alfredo Fortabat",06595120,Localidad simple
loc-ar-loc-georef-06070040,loc-ar-prov-buenos-aires,"Villa Alsina",06070040,Localidad simple
loc-ar-loc-georef-06623130,loc-ar-prov-buenos-aires,"Villa Angélica",06623130,Localidad simple
loc-ar-loc-georef-0609801006,loc-ar-prov-buenos-aires,"Villa Argüello",0609801006,Entidad
loc-ar-loc-georef-0659511002,loc-ar-prov-buenos-aires,"Villa Arrieta",0659511002,Entidad
loc-ar-loc-georef-0663804013,loc-ar-prov-buenos-aires,"Villa Astolfi",0663804013,Entidad
loc-ar-loc-georef-0637101005,loc-ar-prov-buenos-aires,"Villa Ayacucho",0637101005,Entidad
loc-ar-loc-georef-0637101006,loc-ar-prov-buenos-aires,"Villa Ballester",0637101006,Entidad
loc-ar-loc-georef-0637101007,loc-ar-prov-buenos-aires,"Villa Bernardo Monteagudo",0637101007,Entidad
loc-ar-loc-georef-0605601004,loc-ar-prov-buenos-aires,"Villa Bordeau",0605601004,Entidad
loc-ar-loc-georef-0684001014,loc-ar-prov-buenos-aires,"Villa Bosch",0684001014,Entidad
loc-ar-loc-georef-0627401006,loc-ar-prov-buenos-aires,"Villa Brown",0627401006,Entidad
loc-ar-loc-georef-06084050,loc-ar-prov-buenos-aires,"Villa Cacique",06084050,Localidad simple
loc-ar-loc-georef-06651100,loc-ar-prov-buenos-aires,"Villa Castelar",06651100,Localidad simple
loc-ar-loc-georef-0624501005,loc-ar-prov-buenos-aires,"Villa Catela",0624501005,Entidad
loc-ar-loc-georef-0649001006,loc-ar-prov-buenos-aires,"Villa Centenario",0649001006,Entidad
loc-ar-loc-georef-0637101008,loc-ar-prov-buenos-aires,"Villa Chacabuco",0637101008,Entidad
loc-ar-loc-georef-0637101009,loc-ar-prov-buenos-aires,"Villa Coronel José M. Zapiola",0637101009,Entidad
loc-ar-loc-georef-0651501008,loc-ar-prov-buenos-aires,"Villa de Mayo",0651501008,Entidad
loc-ar-loc-georef-0618203002,loc-ar-prov-buenos-aires,"Villa del Mar",0618203002,Entidad
loc-ar-loc-georef-0609801007,loc-ar-prov-buenos-aires,"Villa Dolores",0609801007,Entidad
loc-ar-loc-georef-0603501008,loc-ar-prov-buenos-aires,"Villa Domínico",0603501008,Entidad
loc-ar-loc-georef-0642701013,loc-ar-prov-buenos-aires,"Villa Eduardo Madero",0642701013,Entidad
loc-ar-loc-georef-0644103023,loc-ar-prov-buenos-aires,"Villa Elisa",0644103023,Entidad
loc-ar-loc-georef-0644103024,loc-ar-prov-buenos-aires,"Villa Elvira",0644103024,Entidad
loc-ar-loc-georef-0609101010,loc-ar-prov-buenos-aires,"Villa España",0609101010,Entidad
loc-ar-loc-georef-06763060,loc-ar-prov-buenos-aires,"Villa Esperanza",06763060,Localidad simple
loc-ar-loc-georef-06728060,loc-ar-prov-buenos-aires,"Villa Espil",06728060,Localidad simple
loc-ar-loc-georef-0605601005,loc-ar-prov-buenos-aires,"Villa Espora",0605601005,Entidad
loc-ar-loc-georef-0649001007,loc-ar-prov-buenos-aires,"Villa Fiorito",0649001007,Entidad
loc-ar-loc-georef-0649706005,loc-ar-prov-buenos-aires,"Villa Flandria Norte",0649706005,Entidad
loc-ar-loc-georef-0649706006,loc-ar-prov-buenos-aires,"Villa Flandria Sur",0649706006,Entidad
loc-ar-loc-georef-06351040,loc-ar-prov-buenos-aires,"Villa Francia",06351040,Localidad simple
loc-ar-loc-georef-0644103025,loc-ar-prov-buenos-aires,"Villa Garibaldi",0644103025,Entidad
loc-ar-loc-georef-0637101010,loc-ar-prov-buenos-aires,"Villa General Antonio J. de Sucre",0637101010,Entidad
loc-ar-loc-georef-0637101011,loc-ar-prov-buenos-aires,"Villa General Eugenio Necochea",0637101011,Entidad
loc-ar-loc-georef-0637101012,loc-ar-prov-buenos-aires,"Villa General José Tomás Guido",0637101012,Entidad
loc-ar-loc-georef-0637101013,loc-ar-prov-buenos-aires,"Villa General Juan G. Las Heras",0637101013,Entidad
loc-ar-loc-georef-06665050,loc-ar-prov-buenos-aires,"Villa General Savio",06665050,Localidad simple
loc-ar-loc-georef-06868020,loc-ar-prov-buenos-aires,"Villa Gesell",06868020,Localidad simple
loc-ar-loc-georef-0641001003,loc-ar-prov-buenos-aires,"Villa Gobernador Udadondo",0641001003,Entidad
loc-ar-loc-georef-0637101014,loc-ar-prov-buenos-aires,"Villa Godoy Cruz",0637101014,Entidad
loc-ar-loc-georef-0637101015,loc-ar-prov-buenos-aires,"Villa Granaderos de San Martín",0637101015,Entidad
loc-ar-loc-georef-0637101016,loc-ar-prov-buenos-aires,"Villa Gregoria Matorras",0637101016,Entidad
loc-ar-loc-georef-06021050,loc-ar-prov-buenos-aires,"Villa Grisolía",06021050,Localidad simple
loc-ar-loc-georef-0609801008,loc-ar-prov-buenos-aires,"Villa Independencia",0609801008,Entidad
loc-ar-loc-georef-06651110,loc-ar-prov-buenos-aires,"Villa Iris",06651110,Localidad simple
loc-ar-loc-georef-0637101017,loc-ar-prov-buenos-aires,"Villa José León Suárez",0637101017,Entidad
loc-ar-loc-georef-0637101018,loc-ar-prov-buenos-aires,"Villa Juan Martín de Pueyrredón",0637101018,Entidad
loc-ar-loc-georef-06203100,loc-ar-prov-buenos-aires,"Villa La Arcadia",06203100,Componente de localidad compuesta
loc-ar-loc-georef-0665801009,loc-ar-prov-buenos-aires,"Villa La Florida",0665801009,Entidad
loc-ar-loc-georef-06063060,loc-ar-prov-buenos-aires,"Villa Laguna La Brava",06063060,Localidad simple
loc-ar-loc-georef-06735030,loc-ar-prov-buenos-aires,"Villa Lía",06735030,Localidad simple
loc-ar-loc-georef-0637101019,loc-ar-prov-buenos-aires,"Villa Libertad",0637101019,Entidad
loc-ar-loc-georef-0642701014,loc-ar-prov-buenos-aires,"Villa Luzuriaga",0642701014,Entidad
loc-ar-loc-georef-0637101020,loc-ar-prov-buenos-aires,"Villa Lynch",0637101020,Entidad
loc-ar-loc-georef-06105080,loc-ar-prov-buenos-aires,"Villa Lynch Pueyrredón",06105080,Localidad simple
loc-ar-loc-georef-0637101021,loc-ar-prov-buenos-aires,"Villa Maipú",0637101021,Entidad
loc-ar-loc-georef-06175020,loc-ar-prov-buenos-aires,"Villa Manuel Pomar",06175020,Componente de localidad compuesta
loc-ar-loc-georef-06021060,loc-ar-prov-buenos-aires,"Villa María",06021060,Localidad simple
loc-ar-loc-georef-0686101009,loc-ar-prov-buenos-aires,"Villa Martelli",0686101009,Entidad
loc-ar-loc-georef-06574040,loc-ar-prov-buenos-aires,"Villa Moll",06574040,Localidad simple
loc-ar-loc-georef-0644103026,loc-ar-prov-buenos-aires,"Villa Montoro",0644103026,Entidad
loc-ar-loc-georef-0609801009,loc-ar-prov-buenos-aires,"Villa Nueva",0609801009,Entidad
loc-ar-loc-georef-06021070,loc-ar-prov-buenos-aires,"Villa Ortiz",06021070,Localidad simple
loc-ar-loc-georef-0668606003,loc-ar-prov-buenos-aires,"Villa Parque Cecir",0668606003,Entidad
loc-ar-loc-georef-06218030,loc-ar-prov-buenos-aires,"Villa Parque Girado",06218030,Localidad simple
loc-ar-loc-georef-0637101024,loc-ar-prov-buenos-aires,"Villa Parque Presidente Figueroa Alcorta",0637101024,Entidad
loc-ar-loc-georef-0637101025,loc-ar-prov-buenos-aires,"Villa Parque San Lorenzo",0637101025,Entidad
loc-ar-loc-georef-0644103027,loc-ar-prov-buenos-aires,"Villa Parque Sicardi",0644103027,Entidad
loc-ar-loc-georef-0609801010,loc-ar-prov-buenos-aires,"Villa Porteña",0609801010,Entidad
loc-ar-loc-georef-0609801011,loc-ar-prov-buenos-aires,"Villa Progreso",0609801011,Entidad
loc-ar-loc-georef-0684001015,loc-ar-prov-buenos-aires,"Villa Raffo",0684001015,Entidad
loc-ar-loc-georef-06833110,loc-ar-prov-buenos-aires,"Villa Rodríguez",06833110,Localidad simple
loc-ar-loc-georef-0663804014,loc-ar-prov-buenos-aires,"Villa Rosa",0663804014,Entidad
loc-ar-loc-georef-06351050,loc-ar-prov-buenos-aires,"Villa Roth",06351050,Localidad simple
loc-ar-loc-georef-06728070,loc-ar-prov-buenos-aires,"Villa Ruiz",06728070,Localidad simple
loc-ar-loc-georef-06392110,loc-ar-prov-buenos-aires,"Villa Saboya",06392110,Localidad simple
loc-ar-loc-georef-0637101026,loc-ar-prov-buenos-aires,"Villa San Andrés",0637101026,Entidad
loc-ar-loc-georef-0609801012,loc-ar-prov-buenos-aires,"Villa San Carlos",0609801012,Entidad
loc-ar-loc-georef-06623140,loc-ar-prov-buenos-aires,"Villa San José",06623140,Componente de localidad compuesta
loc-ar-loc-georef-0627401007,loc-ar-prov-buenos-aires,"Villa San Luis",0627401007,Entidad
loc-ar-loc-georef-0627401008,loc-ar-prov-buenos-aires,"Villa Santa Rosa",0627401008,Entidad
loc-ar-loc-georef-0640801002,loc-ar-prov-buenos-aires,"Villa Santos Tesei",0640801002,Entidad
loc-ar-loc-georef-0656801005,loc-ar-prov-buenos-aires,"Villa Sarmiento",0656801005,Entidad
loc-ar-loc-georef-06392120,loc-ar-prov-buenos-aires,"Villa Sauze",06392120,Localidad simple
loc-ar-loc-georef-0627401009,loc-ar-prov-buenos-aires,"Villa Vatteone",0627401009,Entidad
loc-ar-loc-georef-06819070,loc-ar-prov-buenos-aires,"Villa Ventana",06819070,Localidad simple
loc-ar-loc-georef-0637101027,loc-ar-prov-buenos-aires,"Villa Yapeyú",0637101027,Entidad
loc-ar-loc-georef-0609801013,loc-ar-prov-buenos-aires,"Villa Zula",0609801013,Entidad
loc-ar-loc-georef-06602070,loc-ar-prov-buenos-aires,"Villalonga",06602070,Localidad simple
loc-ar-loc-georef-06343040,loc-ar-prov-buenos-aires,"Villanueva",06343040,Localidad simple
loc-ar-loc-georef-06329060,loc-ar-prov-buenos-aires,"Villars",06329060,Localidad simple
loc-ar-loc-georef-06077030,loc-ar-prov-buenos-aires,"Viña",06077030,Localidad simple
loc-ar-loc-georef-0642701015,loc-ar-prov-buenos-aires,"Virrey del Pino",0642701015,Entidad
loc-ar-loc-georef-0674901003,loc-ar-prov-buenos-aires,"Virreyes",0674901003,Entidad
loc-ar-loc-georef-06518070,loc-ar-prov-buenos-aires,"Vivoratá",06518070,Localidad simple
loc-ar-loc-georef-06112090,loc-ar-prov-buenos-aires,"Warnes",06112090,Localidad simple
loc-ar-loc-georef-0603501009,loc-ar-prov-buenos-aires,"Wilde",0603501009,Entidad
loc-ar-loc-georef-0640801003,loc-ar-prov-buenos-aires,"William C. Morris",0640801003,Entidad
loc-ar-loc-georef-06007110,loc-ar-prov-buenos-aires,"Yutuyaco",06007110,Localidad simple
loc-ar-loc-georef-06882050,loc-ar-prov-buenos-aires,"Zárate",06882050,Localidad simple
loc-ar-loc-georef-06385050,loc-ar-prov-buenos-aires,"Zavalía",06385050,Localidad simple
loc-ar-loc-georef-0663804015,loc-ar-prov-buenos-aires,"Zelaya",0663804015,Entidad
loc-ar-loc-georef-06547030,loc-ar-prov-buenos-aires,"Zenón Videla Dorna",06547030,Localidad simple
loc-ar-loc-georef-0210501001,loc-ar-prov-caba,"Agronomía",0210501001,Entidad
loc-ar-loc-georef-0203501001,loc-ar-prov-caba,"Almagro",0203501001,Entidad
loc-ar-loc-georef-0202101001,loc-ar-prov-caba,"Balvanera",0202101001,Entidad
loc-ar-loc-georef-0202801001,loc-ar-prov-caba,"Barracas",0202801001,Entidad
loc-ar-loc-georef-0209101001,loc-ar-prov-caba,"Belgrano",0209101001,Entidad
loc-ar-loc-georef-0202801002,loc-ar-prov-caba,"Boca",0202801002,Entidad
loc-ar-loc-georef-0203501002,loc-ar-prov-caba,"Boedo",0203501002,Entidad
loc-ar-loc-georef-0204201001,loc-ar-prov-caba,"Caballito",0204201001,Entidad
loc-ar-loc-georef-0210501002,loc-ar-prov-caba,"Chacarita",0210501002,Entidad
loc-ar-loc-georef-02014010,loc-ar-prov-caba,"Ciudad de Buenos Aires",02014010,Componente de localidad compuesta
loc-ar-loc-georef-0208401001,loc-ar-prov-caba,"Coghlan",0208401001,Entidad
loc-ar-loc-georef-0209101002,loc-ar-prov-caba,"Colegiales",0209101002,Entidad
loc-ar-loc-georef-0200701001,loc-ar-prov-caba,"Constitución",0200701001,Entidad
loc-ar-loc-georef-0204901001,loc-ar-prov-caba,"Flores",0204901001,Entidad
loc-ar-loc-georef-0207001001,loc-ar-prov-caba,"Floresta",0207001001,Entidad
loc-ar-loc-georef-0206301001,loc-ar-prov-caba,"Liniers",0206301001,Entidad
loc-ar-loc-georef-0206301002,loc-ar-prov-caba,"Mataderos",0206301002,Entidad
loc-ar-loc-georef-0200701002,loc-ar-prov-caba,"Monserrat",0200701002,Entidad
loc-ar-loc-georef-0207001002,loc-ar-prov-caba,"Monte Castro",0207001002,Entidad
loc-ar-loc-georef-0202801003,loc-ar-prov-caba,"Nueva Pompeya",0202801003,Entidad
loc-ar-loc-georef-0209101003,loc-ar-prov-caba,"Nuñez",0209101003,Entidad
loc-ar-loc-georef-0209801001,loc-ar-prov-caba,"Palermo",0209801001,Entidad
loc-ar-loc-georef-0206301003,loc-ar-prov-caba,"Parque Avellaneda",0206301003,Entidad
loc-ar-loc-georef-0204901002,loc-ar-prov-caba,"Parque Chacabuco",0204901002,Entidad
loc-ar-loc-georef-0210501003,loc-ar-prov-caba,"Parque Chas",0210501003,Entidad
loc-ar-loc-georef-0202801004,loc-ar-prov-caba,"Parque Patricios",0202801004,Entidad
loc-ar-loc-georef-0210501004,loc-ar-prov-caba,"Paternal",0210501004,Entidad
loc-ar-loc-georef-0200701003,loc-ar-prov-caba,"Puerto Madero",0200701003,Entidad
loc-ar-loc-georef-0201401001,loc-ar-prov-caba,"Recoleta",0201401001,Entidad
loc-ar-loc-georef-0200701004,loc-ar-prov-caba,"Retiro",0200701004,Entidad
loc-ar-loc-georef-0208401002,loc-ar-prov-caba,"Saavedra",0208401002,Entidad
loc-ar-loc-georef-0202101002,loc-ar-prov-caba,"San Cristóbal",0202101002,Entidad
loc-ar-loc-georef-0200701005,loc-ar-prov-caba,"San Nicolás",0200701005,Entidad
loc-ar-loc-georef-0200701006,loc-ar-prov-caba,"San Telmo",0200701006,Entidad
loc-ar-loc-georef-0207001003,loc-ar-prov-caba,"Vélez Sarsfield",0207001003,Entidad
loc-ar-loc-georef-0207001004,loc-ar-prov-caba,"Versalles",0207001004,Entidad
loc-ar-loc-georef-0210501005,loc-ar-prov-caba,"Villa Crespo",0210501005,Entidad
loc-ar-loc-georef-0207701001,loc-ar-prov-caba,"Villa del Parque",0207701001,Entidad
loc-ar-loc-georef-0207701002,loc-ar-prov-caba,"Villa Devoto",0207701002,Entidad
loc-ar-loc-georef-0207701003,loc-ar-prov-caba,"Villa General Mitre",0207701003,Entidad
loc-ar-loc-georef-0205601001,loc-ar-prov-caba,"Villa Lugano",0205601001,Entidad
loc-ar-loc-georef-0207001005,loc-ar-prov-caba,"Villa Luro",0207001005,Entidad
loc-ar-loc-georef-0210501006,loc-ar-prov-caba,"Villa Ortúzar",0210501006,Entidad
loc-ar-loc-georef-0208401003,loc-ar-prov-caba,"Villa Pueyrredón",0208401003,Entidad
loc-ar-loc-georef-0207001006,loc-ar-prov-caba,"Villa Real",0207001006,Entidad
loc-ar-loc-georef-0205601002,loc-ar-prov-caba,"Villa Riachuelo",0205601002,Entidad
loc-ar-loc-georef-0207701004,loc-ar-prov-caba,"Villa Santa Rita",0207701004,Entidad
loc-ar-loc-georef-0205601003,loc-ar-prov-caba,"Villa Soldati",0205601003,Entidad
loc-ar-loc-georef-0208401004,loc-ar-prov-caba,"Villa Urquiza",0208401004,Entidad
loc-ar-loc-georef-1002106001,loc-ar-prov-catamarca,"Aconquija",1002106001,Entidad
loc-ar-loc-georef-10098010,loc-ar-prov-catamarca,"Alijilán",10098010,Localidad simple
loc-ar-loc-georef-1002106002,loc-ar-prov-catamarca,"Alto de las Juntas",1002106002,Entidad
loc-ar-loc-georef-10077010,loc-ar-prov-catamarca,"Amadores",10077010,Localidad simple
loc-ar-loc-georef-10021010,loc-ar-prov-catamarca,"Amanao",10021010,Localidad simple
loc-ar-loc-georef-10014010,loc-ar-prov-catamarca,"Ancasti",10014010,Localidad simple
loc-ar-loc-georef-10021020,loc-ar-prov-catamarca,"Andalgalá",10021020,Localidad simple
loc-ar-loc-georef-10091010,loc-ar-prov-catamarca,"Andalhualá",10091010,Localidad simple
loc-ar-loc-georef-10105010,loc-ar-prov-catamarca,"Anillaco",10105010,Localidad simple
loc-ar-loc-georef-10014020,loc-ar-prov-catamarca,"Anquincila",10014020,Localidad simple
loc-ar-loc-georef-10028010,loc-ar-prov-catamarca,"Antofagasta de la Sierra",10028010,Localidad simple
loc-ar-loc-georef-10098020,loc-ar-prov-catamarca,"Bañado de Ovanta",10098020,Localidad simple
loc-ar-loc-georef-10035010,loc-ar-prov-catamarca,"Barranca Larga",10035010,Localidad simple
loc-ar-loc-georef-10035020,loc-ar-prov-catamarca,"Belén",10035020,Localidad simple
loc-ar-loc-georef-1002105001,loc-ar-prov-catamarca,"Buena Vista",1002105001,Entidad
loc-ar-loc-georef-10042030,loc-ar-prov-catamarca,"Capayán",10042030,Localidad simple
loc-ar-loc-georef-10070010,loc-ar-prov-catamarca,"Casa de Piedra",10070010,Localidad simple
loc-ar-loc-georef-10091030,loc-ar-prov-catamarca,"Chañar Punco",10091030,Localidad simple
loc-ar-loc-georef-10021030,loc-ar-prov-catamarca,"Chaquiago",10021030,Localidad simple
loc-ar-loc-georef-10021040,loc-ar-prov-catamarca,"Choya",10021040,Localidad simple
loc-ar-loc-georef-10007010,loc-ar-prov-catamarca,"Chuchucaruana",10007010,Localidad simple
loc-ar-loc-georef-10042040,loc-ar-prov-catamarca,"Chumbicha",10042040,Localidad simple
loc-ar-loc-georef-10084020,loc-ar-prov-catamarca,"Colana",10084020,Localidad simple
loc-ar-loc-georef-10042050,loc-ar-prov-catamarca,"Colonia del Valle",10042050,Localidad simple
loc-ar-loc-georef-10042060,loc-ar-prov-catamarca,"Colonia Nueva Coneta",10042060,Localidad simple
loc-ar-loc-georef-10007020,loc-ar-prov-catamarca,"Colpes",10007020,Localidad simple
loc-ar-loc-georef-10042070,loc-ar-prov-catamarca,"Concepción",10042070,Localidad simple
loc-ar-loc-georef-10035030,loc-ar-prov-catamarca,"Cóndor Huasi",10035030,Localidad simple
loc-ar-loc-georef-10042080,loc-ar-prov-catamarca,"Coneta",10042080,Localidad simple
loc-ar-loc-georef-10105050,loc-ar-prov-catamarca,"Copacabana",10105050,Localidad simple
loc-ar-loc-georef-10035040,loc-ar-prov-catamarca,"Corral Quemado",10035040,Localidad simple
loc-ar-loc-georef-10021050,loc-ar-prov-catamarca,"El Alamito",10021050,Localidad simple
loc-ar-loc-georef-10056010,loc-ar-prov-catamarca,"El Alto",10056010,Localidad simple
loc-ar-loc-georef-10070020,loc-ar-prov-catamarca,"El Aybal",10070020,Localidad simple
loc-ar-loc-georef-10042090,loc-ar-prov-catamarca,"El Bañado",10042090,Localidad simple
loc-ar-loc-georef-10007030,loc-ar-prov-catamarca,"El Bolsón",10007030,Localidad simple
loc-ar-loc-georef-10091040,loc-ar-prov-catamarca,"El Cajón",10091040,Localidad simple
loc-ar-loc-georef-1009111001,loc-ar-prov-catamarca,"El Cerrito",1009111001,Entidad
loc-ar-loc-georef-10091050,loc-ar-prov-catamarca,"El Desmonte",10091050,Localidad simple
loc-ar-loc-georef-10070040,loc-ar-prov-catamarca,"El Divisadero",10070040,Localidad simple
loc-ar-loc-georef-10035050,loc-ar-prov-catamarca,"El Durazno",10035050,Localidad simple
loc-ar-loc-georef-1006304001,loc-ar-prov-catamarca,"El Hueco",1006304001,Entidad
loc-ar-loc-georef-10021060,loc-ar-prov-catamarca,"El Lindero",10021060,Localidad simple
loc-ar-loc-georef-10084040,loc-ar-prov-catamarca,"El Pajonal",10084040,Localidad simple
loc-ar-loc-georef-10028030,loc-ar-prov-catamarca,"El Peñón",10028030,Localidad simple
loc-ar-loc-georef-10112010,loc-ar-prov-catamarca,"El Portezuelo",10112010,Localidad simple
loc-ar-loc-georef-10021070,loc-ar-prov-catamarca,"El Potrero",10021070,Localidad simple
loc-ar-loc-georef-10091060,loc-ar-prov-catamarca,"El Puesto",10091060,Localidad simple
loc-ar-loc-georef-10070050,loc-ar-prov-catamarca,"El Quimilo",10070050,Localidad simple
loc-ar-loc-georef-10007040,loc-ar-prov-catamarca,"El Rodeo",10007040,Localidad simple
loc-ar-loc-georef-10105100,loc-ar-prov-catamarca,"El Salado",10105100,Localidad simple
loc-ar-loc-georef-10070060,loc-ar-prov-catamarca,"Esquiú",10070060,Localidad simple
loc-ar-loc-georef-10091070,loc-ar-prov-catamarca,"Famatanca",10091070,Localidad simple
loc-ar-loc-georef-10035060,loc-ar-prov-catamarca,"Farallón Negro",10035060,Localidad simple
loc-ar-loc-georef-10105110,loc-ar-prov-catamarca,"Fiambalá",10105110,Localidad simple
loc-ar-loc-georef-10091080,loc-ar-prov-catamarca,"Fuerte Quemado",10091080,Localidad simple
loc-ar-loc-georef-10056020,loc-ar-prov-catamarca,"Guayamba",10056020,Localidad simple
loc-ar-loc-georef-10035070,loc-ar-prov-catamarca,"Hualfín",10035070,Localidad simple
loc-ar-loc-georef-10007050,loc-ar-prov-catamarca,"Huaycama",10007050,Localidad simple
loc-ar-loc-georef-10042100,loc-ar-prov-catamarca,"Huillapima",10042100,Localidad simple
loc-ar-loc-georef-10070070,loc-ar-prov-catamarca,"Icaño",10070070,Localidad simple
loc-ar-loc-georef-10056030,loc-ar-prov-catamarca,"Infanzón",10056030,Localidad simple
loc-ar-loc-georef-10035080,loc-ar-prov-catamarca,"Jacipunco",10035080,Localidad simple
loc-ar-loc-georef-10014030,loc-ar-prov-catamarca,"La Candelaria",10014030,Localidad simple
loc-ar-loc-georef-1006304002,loc-ar-prov-catamarca,"La Carrera",1006304002,Entidad
loc-ar-loc-georef-10070080,loc-ar-prov-catamarca,"La Dorada",10070080,Localidad simple
loc-ar-loc-georef-1006304003,loc-ar-prov-catamarca,"La Falda de San Antonio",1006304003,Entidad
loc-ar-loc-georef-10070090,loc-ar-prov-catamarca,"La Guardia",10070090,Localidad simple
loc-ar-loc-georef-10077040,loc-ar-prov-catamarca,"La Higuera",10077040,Localidad simple
loc-ar-loc-georef-10091090,loc-ar-prov-catamarca,"La Hoyada",10091090,Localidad simple
loc-ar-loc-georef-10014040,loc-ar-prov-catamarca,"La Majada",10014040,Localidad simple
loc-ar-loc-georef-10077050,loc-ar-prov-catamarca,"La Merced",10077050,Localidad simple
loc-ar-loc-georef-1002106004,loc-ar-prov-catamarca,"La Mesada",1002106004,Entidad
loc-ar-loc-georef-10007060,loc-ar-prov-catamarca,"La Puerta",10007060,Localidad simple
loc-ar-loc-georef-10035090,loc-ar-prov-catamarca,"La Puntilla",10035090,Localidad simple
loc-ar-loc-georef-1010511002,loc-ar-prov-catamarca,"La Ramadita",1010511002,Entidad
loc-ar-loc-georef-1006304004,loc-ar-prov-catamarca,"La Tercena",1006304004,Entidad
loc-ar-loc-georef-10077060,loc-ar-prov-catamarca,"La Viña",10077060,Localidad simple
loc-ar-loc-georef-1009103002,loc-ar-prov-catamarca,"Lampacito",1009103002,Entidad
loc-ar-loc-georef-10098030,loc-ar-prov-catamarca,"Las Cañas",10098030,Localidad simple
loc-ar-loc-georef-10007070,loc-ar-prov-catamarca,"Las Chacritas",10007070,Localidad simple
loc-ar-loc-georef-10070100,loc-ar-prov-catamarca,"Las Esquinas",10070100,Localidad simple
loc-ar-loc-georef-10007080,loc-ar-prov-catamarca,"Las Juntas",10007080,Localidad simple
loc-ar-loc-georef-10077070,loc-ar-prov-catamarca,"Las Lajas",10077070,Localidad simple
loc-ar-loc-georef-10091110,loc-ar-prov-catamarca,"Las Mojarras",10091110,Localidad simple
loc-ar-loc-georef-10070110,loc-ar-prov-catamarca,"Las Palmitas",10070110,Localidad simple
loc-ar-loc-georef-10112030,loc-ar-prov-catamarca,"Las Tejas",10112030,Localidad simple
loc-ar-loc-georef-10098040,loc-ar-prov-catamarca,"Lavalle",10098040,Componente de localidad compuesta
loc-ar-loc-georef-10035110,loc-ar-prov-catamarca,"Londres",10035110,Localidad simple
loc-ar-loc-georef-10098050,loc-ar-prov-catamarca,"Los Altos",10098050,Localidad simple
loc-ar-loc-georef-10042110,loc-ar-prov-catamarca,"Los Angeles",10042110,Localidad simple
loc-ar-loc-georef-1004211001,loc-ar-prov-catamarca,"Los Ángeles Norte",1004211001,Entidad
loc-ar-loc-georef-1004211002,loc-ar-prov-catamarca,"Los Ángeles Sur",1004211002,Entidad
loc-ar-loc-georef-10007090,loc-ar-prov-catamarca,"Los Castillos",10007090,Localidad simple
loc-ar-loc-georef-10056040,loc-ar-prov-catamarca,"Los Corrales",10056040,Localidad simple
loc-ar-loc-georef-10028040,loc-ar-prov-catamarca,"Los Nacimientos",10028040,Localidad simple
loc-ar-loc-georef-10007100,loc-ar-prov-catamarca,"Los Talas",10007100,Localidad simple
loc-ar-loc-georef-10007110,loc-ar-prov-catamarca,"Los Varela",10007110,Localidad simple
loc-ar-loc-georef-10098060,loc-ar-prov-catamarca,"Manantiales",10098060,Localidad simple
loc-ar-loc-georef-10105130,loc-ar-prov-catamarca,"Medanitos",10105130,Localidad simple
loc-ar-loc-georef-10042120,loc-ar-prov-catamarca,"Miraflores",10042120,Localidad simple
loc-ar-loc-georef-10077080,loc-ar-prov-catamarca,"Monte Potrero",10077080,Localidad simple
loc-ar-loc-georef-10084060,loc-ar-prov-catamarca,"Mutquin",10084060,Localidad simple
loc-ar-loc-georef-10105140,loc-ar-prov-catamarca,"Palo Blanco",10105140,Localidad simple
loc-ar-loc-georef-10077090,loc-ar-prov-catamarca,"Palo Labrado",10077090,Localidad simple
loc-ar-loc-georef-1009114003,loc-ar-prov-catamarca,"Palo Seco",1009114003,Entidad
loc-ar-loc-georef-1010511003,loc-ar-prov-catamarca,"Pampa Blanca",1010511003,Entidad
loc-ar-loc-georef-1011204002,loc-ar-prov-catamarca,"Polcos",1011204002,Entidad
loc-ar-loc-georef-10084070,loc-ar-prov-catamarca,"Pomán",10084070,Localidad simple
loc-ar-loc-georef-10063020,loc-ar-prov-catamarca,"Pomancillo Este",10063020,Localidad simple
loc-ar-loc-georef-10063030,loc-ar-prov-catamarca,"Pomancillo Oeste",10063030,Localidad simple
loc-ar-loc-georef-1011204003,loc-ar-prov-catamarca,"Pozo del Mistol",1011204003,Entidad
loc-ar-loc-georef-10035130,loc-ar-prov-catamarca,"Puerta de Corral Quemado",10035130,Localidad simple
loc-ar-loc-georef-10035140,loc-ar-prov-catamarca,"Puerta de San José",10035140,Localidad simple
loc-ar-loc-georef-10091130,loc-ar-prov-catamarca,"Punta de Balasto",10091130,Localidad simple
loc-ar-loc-georef-10070120,loc-ar-prov-catamarca,"Quirós",10070120,Localidad simple
loc-ar-loc-georef-10070130,loc-ar-prov-catamarca,"Ramblones",10070130,Localidad simple
loc-ar-loc-georef-10070140,loc-ar-prov-catamarca,"Recreo",10070140,Localidad simple
loc-ar-loc-georef-10084080,loc-ar-prov-catamarca,"Rincón",10084080,Localidad simple
loc-ar-loc-georef-10070150,loc-ar-prov-catamarca,"San Antonio",10070150,Localidad simple
loc-ar-loc-georef-10049030,loc-ar-prov-catamarca,"San Fernando del Valle de Catamarca",10049030,Componente de localidad compuesta
loc-ar-loc-georef-10112040,loc-ar-prov-catamarca,"San Isidro",10112040,Componente de localidad compuesta
loc-ar-loc-georef-10091140,loc-ar-prov-catamarca,"San José",10091140,Localidad simple
loc-ar-loc-georef-1009107002,loc-ar-prov-catamarca,"San José Banda",1009107002,Entidad
loc-ar-loc-georef-1009114004,loc-ar-prov-catamarca,"San José Norte",1009114004,Entidad
loc-ar-loc-georef-1009114005,loc-ar-prov-catamarca,"San José Villa",1009114005,Entidad
loc-ar-loc-georef-10042130,loc-ar-prov-catamarca,"San Martín",10042130,Localidad simple
loc-ar-loc-georef-10084090,loc-ar-prov-catamarca,"San Miguel",10084090,Localidad simple
loc-ar-loc-georef-10042140,loc-ar-prov-catamarca,"San Pablo",10042140,Localidad simple
loc-ar-loc-georef-10042150,loc-ar-prov-catamarca,"San Pedro",10042150,Localidad simple
loc-ar-loc-georef-10112050,loc-ar-prov-catamarca,"Santa Cruz",10112050,Localidad simple
loc-ar-loc-georef-10091150,loc-ar-prov-catamarca,"Santa María",10091150,Localidad simple
loc-ar-loc-georef-1011204005,loc-ar-prov-catamarca,"Santa Rosa",1011204005,Entidad
loc-ar-loc-georef-10084100,loc-ar-prov-catamarca,"Saujil",10084100,Localidad simple
loc-ar-loc-georef-10084110,loc-ar-prov-catamarca,"Siján",10084110,Localidad simple
loc-ar-loc-georef-10007120,loc-ar-prov-catamarca,"Singuil",10007120,Localidad simple
loc-ar-loc-georef-1011204006,loc-ar-prov-catamarca,"Sumalao",1011204006,Entidad
loc-ar-loc-georef-10056050,loc-ar-prov-catamarca,"Tapso",10056050,Componente de localidad compuesta
loc-ar-loc-georef-10105180,loc-ar-prov-catamarca,"Tinogasta",10105180,Localidad simple
loc-ar-loc-georef-10056060,loc-ar-prov-catamarca,"Vilismán",10056060,Localidad simple
loc-ar-loc-georef-10077110,loc-ar-prov-catamarca,"Villa de Balcozna",10077110,Localidad simple
loc-ar-loc-georef-1011204007,loc-ar-prov-catamarca,"Villa Dolores",1011204007,Entidad
loc-ar-loc-georef-10063050,loc-ar-prov-catamarca,"Villa Las Pirquitas",10063050,Localidad simple
loc-ar-loc-georef-10035150,loc-ar-prov-catamarca,"Villa Vil",10035150,Localidad simple
loc-ar-loc-georef-10091160,loc-ar-prov-catamarca,"Yapes",10091160,Localidad simple
loc-ar-loc-georef-22070010,loc-ar-prov-chaco,"Avia Terai",22070010,Localidad simple
loc-ar-loc-georef-22140010,loc-ar-prov-chaco,"Barranqueras",22140010,Componente de localidad compuesta
loc-ar-loc-georef-22126010,loc-ar-prov-chaco,"Barrio de los Pescadores",22126010,Localidad simple
loc-ar-loc-georef-22140020,loc-ar-prov-chaco,"Basail",22140020,Localidad simple
loc-ar-loc-georef-22070020,loc-ar-prov-chaco,"Campo Largo",22070020,Localidad simple
loc-ar-loc-georef-22154010,loc-ar-prov-chaco,"Capitán Solari",22154010,Localidad simple
loc-ar-loc-georef-22161010,loc-ar-prov-chaco,"Charadai",22161010,Localidad simple
loc-ar-loc-georef-22028010,loc-ar-prov-chaco,"Charata",22028010,Localidad simple
loc-ar-loc-georef-22043010,loc-ar-prov-chaco,"Chorotis",22043010,Localidad simple
loc-ar-loc-georef-22084010,loc-ar-prov-chaco,"Ciervo Petiso",22084010,Localidad simple
loc-ar-loc-georef-22168010,loc-ar-prov-chaco,"Colonia Aborigen",22168010,Localidad simple
loc-ar-loc-georef-22140030,loc-ar-prov-chaco,"Colonia Baranda",22140030,Localidad simple
loc-ar-loc-georef-22126020,loc-ar-prov-chaco,"Colonia Benítez",22126020,Localidad simple
loc-ar-loc-georef-22154020,loc-ar-prov-chaco,"Colonia Elisa",22154020,Localidad simple
loc-ar-loc-georef-22077010,loc-ar-prov-chaco,"Colonia Popular",22077010,Localidad simple
loc-ar-loc-georef-22154030,loc-ar-prov-chaco,"Colonias Unidas",22154030,Localidad simple
loc-ar-loc-georef-22007010,loc-ar-prov-chaco,"Concepción del Bermejo",22007010,Localidad simple
loc-ar-loc-georef-22098010,loc-ar-prov-chaco,"Coronel Du Graty",22098010,Localidad simple
loc-ar-loc-georef-22049010,loc-ar-prov-chaco,"Corzuela",22049010,Localidad simple
loc-ar-loc-georef-22161020,loc-ar-prov-chaco,"Cote Lai",22161020,Localidad simple
loc-ar-loc-georef-22063010,loc-ar-prov-chaco,"El Espinillo",22063010,Localidad simple
loc-ar-loc-georef-22063020,loc-ar-prov-chaco,"El Sauzal",22063020,Localidad simple
loc-ar-loc-georef-22063030,loc-ar-prov-chaco,"El Sauzalito",22063030,Localidad simple
loc-ar-loc-georef-22098020,loc-ar-prov-chaco,"Enrique Urien",22098020,Localidad simple
loc-ar-loc-georef-22077020,loc-ar-prov-chaco,"Estación General Obligado",22077020,Localidad simple
loc-ar-loc-georef-22140040,loc-ar-prov-chaco,"Fontana",22140040,Componente de localidad compuesta
loc-ar-loc-georef-22070030,loc-ar-prov-chaco,"Fortín Las Chuñas",22070030,Localidad simple
loc-ar-loc-georef-22063040,loc-ar-prov-chaco,"Fortín Lavalle",22063040,Localidad simple
loc-ar-loc-georef-22063050,loc-ar-prov-chaco,"Fuerte Esperanza",22063050,Localidad simple
loc-ar-loc-georef-22036010,loc-ar-prov-chaco,"Gancedo",22036010,Localidad simple
loc-ar-loc-georef-22036020,loc-ar-prov-chaco,"General Capdevila",22036020,Localidad simple
loc-ar-loc-georef-22084020,loc-ar-prov-chaco,"General José de San Martín",22084020,Localidad simple
loc-ar-loc-georef-22036030,loc-ar-prov-chaco,"General Pinedo",22036030,Localidad simple
loc-ar-loc-georef-22014010,loc-ar-prov-chaco,"General Vedia",22014010,Localidad simple
loc-ar-loc-georef-22161030,loc-ar-prov-chaco,"Haumonia",22161030,Localidad simple
loc-ar-loc-georef-22039010,loc-ar-prov-chaco,"Hermoso Campo",22039010,Localidad simple
loc-ar-loc-georef-22161040,loc-ar-prov-chaco,"Horquilla",22161040,Localidad simple
loc-ar-loc-georef-22154040,loc-ar-prov-chaco,"Ingeniero Barbet",22154040,Localidad simple
loc-ar-loc-georef-22014020,loc-ar-prov-chaco,"Isla del Cerrito",22014020,Localidad simple
loc-ar-loc-georef-22039020,loc-ar-prov-chaco,"Itín",22039020,Localidad simple
loc-ar-loc-georef-22063060,loc-ar-prov-chaco,"Juan José Castelli",22063060,Localidad simple
loc-ar-loc-georef-22112010,loc-ar-prov-chaco,"La Clotilde",22112010,Localidad simple
loc-ar-loc-georef-22084030,loc-ar-prov-chaco,"La Eduvigis",22084030,Localidad simple
loc-ar-loc-georef-22056010,loc-ar-prov-chaco,"La Escondida",22056010,Localidad simple
loc-ar-loc-georef-22014030,loc-ar-prov-chaco,"La Leonesa",22014030,Componente de localidad compuesta
loc-ar-loc-georef-22161050,loc-ar-prov-chaco,"La Sabana",22161050,Localidad simple
loc-ar-loc-georef-22112020,loc-ar-prov-chaco,"La Tigra",22112020,Localidad simple
loc-ar-loc-georef-22056020,loc-ar-prov-chaco,"La Verde",22056020,Localidad simple
loc-ar-loc-georef-22077030,loc-ar-prov-chaco,"Laguna Blanca",22077030,Localidad simple
loc-ar-loc-georef-22084040,loc-ar-prov-chaco,"Laguna Limpia",22084040,Localidad simple
loc-ar-loc-georef-22056030,loc-ar-prov-chaco,"Lapachito",22056030,Localidad simple
loc-ar-loc-georef-22105010,loc-ar-prov-chaco,"Las Breñas",22105010,Localidad simple
loc-ar-loc-georef-22154050,loc-ar-prov-chaco,"Las Garcitas",22154050,Localidad simple
loc-ar-loc-georef-22014040,loc-ar-prov-chaco,"Las Palmas",22014040,Componente de localidad compuesta
loc-ar-loc-georef-22007020,loc-ar-prov-chaco,"Los Frentones",22007020,Localidad simple
loc-ar-loc-georef-22168020,loc-ar-prov-chaco,"Machagai",22168020,Localidad simple
loc-ar-loc-georef-22056040,loc-ar-prov-chaco,"Makallé",22056040,Localidad simple
loc-ar-loc-georef-22126030,loc-ar-prov-chaco,"Margarita Belén",22126030,Localidad simple
loc-ar-loc-georef-22036040,loc-ar-prov-chaco,"Mesón de Fierro",22036040,Localidad simple
loc-ar-loc-georef-22063070,loc-ar-prov-chaco,"Miraflores",22063070,Localidad simple
loc-ar-loc-georef-22168030,loc-ar-prov-chaco,"Napalpí",22168030,Localidad simple
loc-ar-loc-georef-22070040,loc-ar-prov-chaco,"Napenay",22070040,Localidad simple
loc-ar-loc-georef-22063080,loc-ar-prov-chaco,"Nueva Pompeya",22063080,Localidad simple
loc-ar-loc-georef-22084050,loc-ar-prov-chaco,"Pampa Almirón",22084050,Localidad simple
loc-ar-loc-georef-22084060,loc-ar-prov-chaco,"Pampa del Indio",22084060,Localidad simple
loc-ar-loc-georef-22007030,loc-ar-prov-chaco,"Pampa del Infierno",22007030,Localidad simple
loc-ar-loc-georef-22036050,loc-ar-prov-chaco,"Pampa Landriel",22036050,Localidad simple
loc-ar-loc-georef-22119010,loc-ar-prov-chaco,"Presidencia de la Plaza",22119010,Localidad simple
loc-ar-loc-georef-22084070,loc-ar-prov-chaco,"Presidencia Roca",22084070,Localidad simple
loc-ar-loc-georef-22021010,loc-ar-prov-chaco,"Presidencia Roque Sáenz Peña",22021010,Localidad simple
loc-ar-loc-georef-22014050,loc-ar-prov-chaco,"Puerto Bermejo Nuevo",22014050,Localidad simple
loc-ar-loc-georef-22014060,loc-ar-prov-chaco,"Puerto Bermejo Viejo",22014060,Localidad simple
loc-ar-loc-georef-22014070,loc-ar-prov-chaco,"Puerto Eva Perón",22014070,Localidad simple
loc-ar-loc-georef-22077040,loc-ar-prov-chaco,"Puerto Tirol",22077040,Localidad simple
loc-ar-loc-georef-22140050,loc-ar-prov-chaco,"Puerto Vilelas",22140050,Componente de localidad compuesta
loc-ar-loc-georef-22133010,loc-ar-prov-chaco,"Quitilipi",22133010,Localidad simple
loc-ar-loc-georef-22140060,loc-ar-prov-chaco,"Resistencia",22140060,Componente de localidad compuesta
loc-ar-loc-georef-22007040,loc-ar-prov-chaco,"Río Muerto",22007040,Localidad simple
loc-ar-loc-georef-22147010,loc-ar-prov-chaco,"Samuhú",22147010,Localidad simple
loc-ar-loc-georef-22112030,loc-ar-prov-chaco,"San Bernardo",22112030,Localidad simple
loc-ar-loc-georef-22043020,loc-ar-prov-chaco,"Santa Sylvina",22043020,Localidad simple
loc-ar-loc-georef-22084080,loc-ar-prov-chaco,"Selvas del Río de Oro",22084080,Localidad simple
loc-ar-loc-georef-22007050,loc-ar-prov-chaco,"Taco Pozo",22007050,Localidad simple
loc-ar-loc-georef-22091010,loc-ar-prov-chaco,"Tres Isletas",22091010,Localidad simple
loc-ar-loc-georef-22043030,loc-ar-prov-chaco,"Venados Grandes",22043030,Localidad simple
loc-ar-loc-georef-22098030,loc-ar-prov-chaco,"Villa Angela",22098030,Localidad simple
loc-ar-loc-georef-22147020,loc-ar-prov-chaco,"Villa Berthet",22147020,Localidad simple
loc-ar-loc-georef-22133020,loc-ar-prov-chaco,"Villa El Palmar",22133020,Localidad simple
loc-ar-loc-georef-22063100,loc-ar-prov-chaco,"Villa Río Bermejito",22063100,Localidad simple
loc-ar-loc-georef-22063110,loc-ar-prov-chaco,"Wichi",22063110,Localidad simple
loc-ar-loc-georef-22063120,loc-ar-prov-chaco,"Zaparinqui",22063120,Localidad simple
loc-ar-loc-georef-26042040,loc-ar-prov-chubut,"28 de Julio",26042040,Localidad simple
loc-ar-loc-georef-2602103001,loc-ar-prov-chubut,"Acceso Norte",2602103001,Entidad
loc-ar-loc-georef-26084010,loc-ar-prov-chubut,"Aldea Apeleg",26084010,Localidad simple
loc-ar-loc-georef-26084020,loc-ar-prov-chubut,"Aldea Beleiro",26084020,Localidad simple
loc-ar-loc-georef-26056010,loc-ar-prov-chubut,"Aldea Epulef",26056010,Localidad simple
loc-ar-loc-georef-26035010,loc-ar-prov-chubut,"Aldea Escolar (Los Rápidos)",26035010,Localidad simple
loc-ar-loc-georef-26084030,loc-ar-prov-chubut,"Alto Río Senguer",26084030,Localidad simple
loc-ar-loc-georef-26007010,loc-ar-prov-chubut,"Arroyo Verde",26007010,Localidad simple
loc-ar-loc-georef-26021010,loc-ar-prov-chubut,"Astra",26021010,Localidad simple
loc-ar-loc-georef-26021020,loc-ar-prov-chubut,"Bahía Bustamante",26021020,Localidad simple
loc-ar-loc-georef-2602103016,loc-ar-prov-chubut,"Barrio 25 de Mayo",2602103016,Entidad
loc-ar-loc-georef-2602103002,loc-ar-prov-chubut,"Barrio Caleta Córdova",2602103002,Entidad
loc-ar-loc-georef-2602103004,loc-ar-prov-chubut,"Barrio Castelli",2602103004,Entidad
loc-ar-loc-georef-2602103005,loc-ar-prov-chubut,"Barrio Ciudadela",2602103005,Entidad
loc-ar-loc-georef-2602103006,loc-ar-prov-chubut,"Barrio Gasoducto",2602103006,Entidad
loc-ar-loc-georef-2602103007,loc-ar-prov-chubut,"Barrio Güemes",2602103007,Entidad
loc-ar-loc-georef-2602103008,loc-ar-prov-chubut,"Barrio Laprida",2602103008,Entidad
loc-ar-loc-georef-2602103009,loc-ar-prov-chubut,"Barrio Manantial Rosales",2602103009,Entidad
loc-ar-loc-georef-2602103010,loc-ar-prov-chubut,"Barrio Militar y Aeropuerto",2602103010,Entidad
loc-ar-loc-georef-2602103011,loc-ar-prov-chubut,"Barrio Próspero Palazzo",2602103011,Entidad
loc-ar-loc-georef-2602103012,loc-ar-prov-chubut,"Barrio Restinga Alí",2602103012,Entidad
loc-ar-loc-georef-2602103013,loc-ar-prov-chubut,"Barrio Rodríguez Peña",2602103013,Entidad
loc-ar-loc-georef-2602103014,loc-ar-prov-chubut,"Barrio Saavedra",2602103014,Entidad
loc-ar-loc-georef-2602103015,loc-ar-prov-chubut,"Barrio Sarmiento",2602103015,Entidad
loc-ar-loc-georef-2602103017,loc-ar-prov-chubut,"Barrio Villa S.U.P.E.",2602103017,Entidad
loc-ar-loc-georef-26049010,loc-ar-prov-chubut,"Blancuntre",26049010,Localidad simple
loc-ar-loc-georef-26091010,loc-ar-prov-chubut,"Buen Pasto",26091010,Localidad simple
loc-ar-loc-georef-26014010,loc-ar-prov-chubut,"Buenos Aires Chico",26014010,Localidad simple
loc-ar-loc-georef-2602103003,loc-ar-prov-chubut,"Caleta Olivares",2602103003,Entidad
loc-ar-loc-georef-26028010,loc-ar-prov-chubut,"Camarones",26028010,Localidad simple
loc-ar-loc-georef-26056020,loc-ar-prov-chubut,"Carrenleufú",26056020,Localidad simple
loc-ar-loc-georef-26070010,loc-ar-prov-chubut,"Cerro Cóndor",26070010,Localidad simple
loc-ar-loc-georef-26014020,loc-ar-prov-chubut,"Cholila",26014020,Localidad simple
loc-ar-loc-georef-26056030,loc-ar-prov-chubut,"Colan Conhué",26056030,Localidad simple
loc-ar-loc-georef-26021030,loc-ar-prov-chubut,"Comodoro Rivadavia",26021030,Localidad simple
loc-ar-loc-georef-26035020,loc-ar-prov-chubut,"Corcovado",26035020,Localidad simple
loc-ar-loc-georef-26014025,loc-ar-prov-chubut,"Costa del Chubut",26014025,Localidad simple
loc-ar-loc-georef-26014030,loc-ar-prov-chubut,"Cushamen Centro",26014030,Localidad simple
loc-ar-loc-georef-26021040,loc-ar-prov-chubut,"Diadema Argentina",26021040,Localidad simple
loc-ar-loc-georef-26042010,loc-ar-prov-chubut,"Dique Florentino Ameghino",26042010,Localidad simple
loc-ar-loc-georef-26098010,loc-ar-prov-chubut,"Doctor Oscar Atilio Viglione (Frontera de Río Pico)",26098010,Localidad simple
loc-ar-loc-georef-26084040,loc-ar-prov-chubut,"Doctor Ricardo Rojas",26084040,Localidad simple
loc-ar-loc-georef-26042020,loc-ar-prov-chubut,"Dolavon",26042020,Localidad simple
loc-ar-loc-georef-26049020,loc-ar-prov-chubut,"El Escorial",26049020,Localidad simple
loc-ar-loc-georef-26014040,loc-ar-prov-chubut,"El Hoyo",26014040,Localidad simple
loc-ar-loc-georef-26014050,loc-ar-prov-chubut,"El Maitén",26014050,Localidad simple
loc-ar-loc-georef-26063010,loc-ar-prov-chubut,"El Mirasol",26063010,Localidad simple
loc-ar-loc-georef-26014060,loc-ar-prov-chubut,"Epuyén",26014060,Localidad simple
loc-ar-loc-georef-26035030,loc-ar-prov-chubut,"Esquel",26035030,Localidad simple
loc-ar-loc-georef-26084050,loc-ar-prov-chubut,"Facundo",26084050,Localidad simple
loc-ar-loc-georef-26014065,loc-ar-prov-chubut,"Fofo Cahuel",26014065,Localidad simple
loc-ar-loc-georef-26042030,loc-ar-prov-chubut,"Gaiman",26042030,Localidad simple
loc-ar-loc-georef-26105010,loc-ar-prov-chubut,"Gan Gan",26105010,Localidad simple
loc-ar-loc-georef-26028020,loc-ar-prov-chubut,"Garayalde",26028020,Localidad simple
loc-ar-loc-georef-26049030,loc-ar-prov-chubut,"Gastre",26049030,Localidad simple
loc-ar-loc-georef-26098020,loc-ar-prov-chubut,"Gobernador Costa",26098020,Localidad simple
loc-ar-loc-georef-26014070,loc-ar-prov-chubut,"Gualjaina",26014070,Localidad simple
loc-ar-loc-georef-26098030,loc-ar-prov-chubut,"José de San Martín",26098030,Localidad simple
loc-ar-loc-georef-2602103021,loc-ar-prov-chubut,"Kilómetro 11 - Cuarteles",2602103021,Entidad
loc-ar-loc-georef-2602103022,loc-ar-prov-chubut,"Kilómetro 3 - General Mosconi",2602103022,Entidad
loc-ar-loc-georef-2602103019,loc-ar-prov-chubut,"Kilómetro 5 - Presidente Ortíz",2602103019,Entidad
loc-ar-loc-georef-2602103020,loc-ar-prov-chubut,"Kilómetro 8 - Don Bosco",2602103020,Entidad
loc-ar-loc-georef-26084060,loc-ar-prov-chubut,"Lago Blanco",26084060,Localidad simple
loc-ar-loc-georef-26014080,loc-ar-prov-chubut,"Lago Epuyén",26014080,Localidad simple
loc-ar-loc-georef-26014090,loc-ar-prov-chubut,"Lago Puelo",26014090,Localidad simple
loc-ar-loc-georef-26035040,loc-ar-prov-chubut,"Lago Rosario",26035040,Localidad simple
loc-ar-loc-georef-26049040,loc-ar-prov-chubut,"Lagunita Salada",26049040,Localidad simple
loc-ar-loc-georef-26063020,loc-ar-prov-chubut,"Las Plumas",26063020,Localidad simple
loc-ar-loc-georef-26014100,loc-ar-prov-chubut,"Leleque",26014100,Localidad simple
loc-ar-loc-georef-26070020,loc-ar-prov-chubut,"Los Altares",26070020,Localidad simple
loc-ar-loc-georef-26035050,loc-ar-prov-chubut,"Los Cipreses",26035050,Localidad simple
loc-ar-loc-georef-26070030,loc-ar-prov-chubut,"Paso de Indios",26070030,Localidad simple
loc-ar-loc-georef-26056040,loc-ar-prov-chubut,"Paso del Sapo",26056040,Localidad simple
loc-ar-loc-georef-26077010,loc-ar-prov-chubut,"Playa Magagna",26077010,Localidad simple
loc-ar-loc-georef-26077020,loc-ar-prov-chubut,"Playa Unión",26077020,Localidad simple
loc-ar-loc-georef-26007020,loc-ar-prov-chubut,"Puerto Madryn",26007020,Localidad simple
loc-ar-loc-georef-26007030,loc-ar-prov-chubut,"Puerto Pirámides",26007030,Localidad simple
loc-ar-loc-georef-26007040,loc-ar-prov-chubut,"Quintas El Mirador",26007040,Localidad simple
loc-ar-loc-georef-26021050,loc-ar-prov-chubut,"Rada Tilly",26021050,Localidad simple
loc-ar-loc-georef-26077030,loc-ar-prov-chubut,"Rawson",26077030,Localidad simple
loc-ar-loc-georef-26007050,loc-ar-prov-chubut,"Reserva Area Protegida El Doradillo",26007050,Localidad simple
loc-ar-loc-georef-26084070,loc-ar-prov-chubut,"Río Mayo",26084070,Localidad simple
loc-ar-loc-georef-26098040,loc-ar-prov-chubut,"Río Pico",26098040,Localidad simple
loc-ar-loc-georef-26091020,loc-ar-prov-chubut,"Sarmiento",26091020,Localidad simple
loc-ar-loc-georef-26056050,loc-ar-prov-chubut,"Tecka",26056050,Localidad simple
loc-ar-loc-georef-26105020,loc-ar-prov-chubut,"Telsen",26105020,Localidad simple
loc-ar-loc-georef-26077040,loc-ar-prov-chubut,"Trelew",26077040,Localidad simple
loc-ar-loc-georef-26035060,loc-ar-prov-chubut,"Trevelín",26035060,Localidad simple
loc-ar-loc-georef-26035070,loc-ar-prov-chubut,"Villa Futalaufquen",26035070,Localidad simple
loc-ar-loc-georef-26049050,loc-ar-prov-chubut,"Yala Laubat",26049050,Localidad simple
loc-ar-loc-georef-1402131004,loc-ar-prov-cordoba,"1° de Agosto",1402131004,Entidad
loc-ar-loc-georef-14098010,loc-ar-prov-cordoba,"Achiras",14098010,Localidad simple
loc-ar-loc-georef-14098020,loc-ar-prov-cordoba,"Adelia María",14098020,Localidad simple
loc-ar-loc-georef-14021010,loc-ar-prov-cordoba,"Agua de Oro",14021010,Componente de localidad compuesta
loc-ar-loc-georef-14098030,loc-ar-prov-cordoba,"Alcira Gigena",14098030,Localidad simple
loc-ar-loc-georef-14182010,loc-ar-prov-cordoba,"Aldea Santa María",14182010,Localidad simple
loc-ar-loc-georef-14056010,loc-ar-prov-cordoba,"Alejandro Roca",14056010,Localidad simple
loc-ar-loc-georef-14063010,loc-ar-prov-cordoba,"Alejo Ledesma",14063010,Localidad simple
loc-ar-loc-georef-14140010,loc-ar-prov-cordoba,"Alicia",14140010,Localidad simple
loc-ar-loc-georef-1402131005,loc-ar-prov-cordoba,"Allmirante Brown",1402131005,Entidad
loc-ar-loc-georef-14161010,loc-ar-prov-cordoba,"Almafuerte",14161010,Localidad simple
loc-ar-loc-georef-14098040,loc-ar-prov-cordoba,"Alpa Corral",14098040,Localidad simple
loc-ar-loc-georef-14147010,loc-ar-prov-cordoba,"Alta Gracia",14147010,Localidad simple
loc-ar-loc-georef-14182020,loc-ar-prov-cordoba,"Alto Alegre",14182020,Localidad simple
loc-ar-loc-georef-14028010,loc-ar-prov-cordoba,"Alto de los Quebrachos",14028010,Localidad simple
loc-ar-loc-georef-1413319001,loc-ar-prov-cordoba,"Alto Resbaloso - El Barrial",1413319001,Entidad
loc-ar-loc-georef-14140020,loc-ar-prov-cordoba,"Altos de Chipión",14140020,Localidad simple
loc-ar-loc-georef-14007010,loc-ar-prov-cordoba,"Amboy",14007010,Localidad simple
loc-ar-loc-georef-14126010,loc-ar-prov-cordoba,"Ambul",14126010,Localidad simple
loc-ar-loc-georef-14182030,loc-ar-prov-cordoba,"Ana Zumarán",14182030,Localidad simple
loc-ar-loc-georef-14147020,loc-ar-prov-cordoba,"Anisacate",14147020,Componente de localidad compuesta
loc-ar-loc-georef-14063020,loc-ar-prov-cordoba,"Arias",14063020,Localidad simple
loc-ar-loc-georef-14140030,loc-ar-prov-cordoba,"Arroyito",14140030,Localidad simple
loc-ar-loc-georef-14042010,loc-ar-prov-cordoba,"Arroyo Algodón",14042010,Localidad simple
loc-ar-loc-georef-14042020,loc-ar-prov-cordoba,"Arroyo Cabral",14042020,Localidad simple
loc-ar-loc-georef-14126020,loc-ar-prov-cordoba,"Arroyo Los Patos",14126020,Localidad simple
loc-ar-loc-georef-14007020,loc-ar-prov-cordoba,"Arroyo San Antonio",14007020,Localidad simple
loc-ar-loc-georef-14021020,loc-ar-prov-cordoba,"Ascochinga",14021020,Localidad simple
loc-ar-loc-georef-14056020,loc-ar-prov-cordoba,"Assunta",14056020,Localidad simple
loc-ar-loc-georef-14105010,loc-ar-prov-cordoba,"Atahona",14105010,Localidad simple
loc-ar-loc-georef-14042030,loc-ar-prov-cordoba,"Ausonia",14042030,Localidad simple
loc-ar-loc-georef-14049010,loc-ar-prov-cordoba,"Avellaneda",14049010,Localidad simple
loc-ar-loc-georef-14182040,loc-ar-prov-cordoba,"Ballesteros",14182040,Localidad simple
loc-ar-loc-georef-14182050,loc-ar-prov-cordoba,"Ballesteros Sud",14182050,Localidad simple
loc-ar-loc-georef-14140040,loc-ar-prov-cordoba,"Balnearia",14140040,Localidad simple
loc-ar-loc-georef-14028020,loc-ar-prov-cordoba,"Bañado de Soto",14028020,Localidad simple
loc-ar-loc-georef-1414703001,loc-ar-prov-cordoba,"Barrio Gilbert",1414703001,Entidad
loc-ar-loc-georef-14147030,loc-ar-prov-cordoba,"Barrio Gilbert (1º de Mayo) - Tejas Tres",14147030,Localidad simple
loc-ar-loc-georef-1414731001,loc-ar-prov-cordoba,"Barrio Villa del Parque",1414731001,Entidad
loc-ar-loc-georef-14182060,loc-ar-prov-cordoba,"Bell Ville",14182060,Localidad simple
loc-ar-loc-georef-14056030,loc-ar-prov-cordoba,"Bengolea",14056030,Localidad simple
loc-ar-loc-georef-14182070,loc-ar-prov-cordoba,"Benjamín Gould",14182070,Localidad simple
loc-ar-loc-georef-14098050,loc-ar-prov-cordoba,"Berrotarán",14098050,Localidad simple
loc-ar-loc-georef-14091020,loc-ar-prov-cordoba,"Bialet Massé",14091020,Componente de localidad compuesta
loc-ar-loc-georef-14147050,loc-ar-prov-cordoba,"Bouwer",14147050,Localidad simple
loc-ar-loc-georef-14140050,loc-ar-prov-cordoba,"Brinkmann",14140050,Localidad simple
loc-ar-loc-georef-14098060,loc-ar-prov-cordoba,"Bulnes",14098060,Localidad simple
loc-ar-loc-georef-14091030,loc-ar-prov-cordoba,"Cabalango",14091030,Localidad simple
loc-ar-loc-georef-14119010,loc-ar-prov-cordoba,"Calchín",14119010,Localidad simple
loc-ar-loc-georef-14119020,loc-ar-prov-cordoba,"Calchín Oeste",14119020,Localidad simple
loc-ar-loc-georef-14063030,loc-ar-prov-cordoba,"Camilo Aldao",14063030,Localidad simple
loc-ar-loc-georef-14154010,loc-ar-prov-cordoba,"Caminiaga",14154010,Localidad simple
loc-ar-loc-georef-14182080,loc-ar-prov-cordoba,"Canals",14182080,Localidad simple
loc-ar-loc-georef-14168010,loc-ar-prov-cordoba,"Candelaria Sur",14168010,Localidad simple
loc-ar-loc-georef-14168020,loc-ar-prov-cordoba,"Cañada de Luque",14168020,Localidad simple
loc-ar-loc-georef-14105020,loc-ar-prov-cordoba,"Cañada de Machado",14105020,Localidad simple
loc-ar-loc-georef-14049020,loc-ar-prov-cordoba,"Cañada de Río Pinto",14049020,Localidad simple
loc-ar-loc-georef-14007030,loc-ar-prov-cordoba,"Cañada del Sauce",14007030,Localidad simple
loc-ar-loc-georef-14105030,loc-ar-prov-cordoba,"Capilla de los Remedios",14105030,Localidad simple
loc-ar-loc-georef-14168030,loc-ar-prov-cordoba,"Capilla de Sitón",14168030,Localidad simple
loc-ar-loc-georef-14119030,loc-ar-prov-cordoba,"Capilla del Carmen",14119030,Localidad simple
loc-ar-loc-georef-14091040,loc-ar-prov-cordoba,"Capilla del Monte",14091040,Localidad simple
loc-ar-loc-georef-14063040,loc-ar-prov-cordoba,"Capitán General Bernardo O'Higgins",14063040,Localidad simple
loc-ar-loc-georef-14056040,loc-ar-prov-cordoba,"Carnerillo",14056040,Localidad simple
loc-ar-loc-georef-14119040,loc-ar-prov-cordoba,"Carrilobo",14119040,Localidad simple
loc-ar-loc-georef-14091050,loc-ar-prov-cordoba,"Casa Grande",14091050,Componente de localidad compuesta
loc-ar-loc-georef-14147060,loc-ar-prov-cordoba,"Caseros Centro",14147060,Localidad simple
loc-ar-loc-georef-14063050,loc-ar-prov-cordoba,"Cavanagh",14063050,Localidad simple
loc-ar-loc-georef-14112010,loc-ar-prov-cordoba,"Cerro Colorado",14112010,Localidad simple
loc-ar-loc-georef-14098070,loc-ar-prov-cordoba,"Chaján",14098070,Localidad simple
loc-ar-loc-georef-14105040,loc-ar-prov-cordoba,"Chalacea",14105040,Localidad simple
loc-ar-loc-georef-14077010,loc-ar-prov-cordoba,"Chancani",14077010,Localidad simple
loc-ar-loc-georef-14112020,loc-ar-prov-cordoba,"Chañar Viejo",14112020,Localidad simple
loc-ar-loc-georef-14091060,loc-ar-prov-cordoba,"Charbonier",14091060,Localidad simple
loc-ar-loc-georef-14056050,loc-ar-prov-cordoba,"Charras",14056050,Localidad simple
loc-ar-loc-georef-14042040,loc-ar-prov-cordoba,"Chazón",14042040,Localidad simple
loc-ar-loc-georef-14182090,loc-ar-prov-cordoba,"Chilibroste",14182090,Localidad simple
loc-ar-loc-georef-14098080,loc-ar-prov-cordoba,"Chucul",14098080,Localidad simple
loc-ar-loc-georef-14049030,loc-ar-prov-cordoba,"Chuña",14049030,Localidad simple
loc-ar-loc-georef-14154030,loc-ar-prov-cordoba,"Chuña Huasi",14154030,Localidad simple
loc-ar-loc-georef-14175020,loc-ar-prov-cordoba,"Churqui Cañada",14175020,Localidad simple
loc-ar-loc-georef-14070010,loc-ar-prov-cordoba,"Ciénaga del Coro",14070010,Localidad simple
loc-ar-loc-georef-14182100,loc-ar-prov-cordoba,"Cintra",14182100,Localidad simple
loc-ar-loc-georef-1402131006,loc-ar-prov-cordoba,"Ciudad de los Niños",1402131006,Entidad
loc-ar-loc-georef-14119050,loc-ar-prov-cordoba,"Colazo",14119050,Localidad simple
loc-ar-loc-georef-14140070,loc-ar-prov-cordoba,"Colonia 10 de Julio",14140070,Localidad simple
loc-ar-loc-georef-14161020,loc-ar-prov-cordoba,"Colonia Almada",14161020,Localidad simple
loc-ar-loc-georef-14140060,loc-ar-prov-cordoba,"Colonia Anita",14140060,Localidad simple
loc-ar-loc-georef-14063060,loc-ar-prov-cordoba,"Colonia Barge",14063060,Localidad simple
loc-ar-loc-georef-14182110,loc-ar-prov-cordoba,"Colonia Bismarck",14182110,Localidad simple
loc-ar-loc-georef-14182120,loc-ar-prov-cordoba,"Colonia Bremen",14182120,Localidad simple
loc-ar-loc-georef-14021050,loc-ar-prov-cordoba,"Colonia Caroya",14021050,Componente de localidad compuesta
loc-ar-loc-georef-14063070,loc-ar-prov-cordoba,"Colonia Italiana",14063070,Localidad simple
loc-ar-loc-georef-14140215,loc-ar-prov-cordoba,"Colonia Iturraspe",14140215,Localidad simple
loc-ar-loc-georef-14105050,loc-ar-prov-cordoba,"Colonia Las Cuatro Esquinas",14105050,Localidad simple
loc-ar-loc-georef-14140080,loc-ar-prov-cordoba,"Colonia Las Pichanas",14140080,Localidad simple
loc-ar-loc-georef-14140090,loc-ar-prov-cordoba,"Colonia Marina",14140090,Localidad simple
loc-ar-loc-georef-14140100,loc-ar-prov-cordoba,"Colonia Prosperidad",14140100,Localidad simple
loc-ar-loc-georef-14140110,loc-ar-prov-cordoba,"Colonia San Bartolomé",14140110,Localidad simple
loc-ar-loc-georef-14140120,loc-ar-prov-cordoba,"Colonia San Pedro",14140120,Localidad simple
loc-ar-loc-georef-14140130,loc-ar-prov-cordoba,"Colonia Santa María",14140130,Localidad simple
loc-ar-loc-georef-14021060,loc-ar-prov-cordoba,"Colonia Tirolesa",14021060,Localidad simple
loc-ar-loc-georef-14140140,loc-ar-prov-cordoba,"Colonia Valtelina",14140140,Localidad simple
loc-ar-loc-georef-14063080,loc-ar-prov-cordoba,"Colonia Veinticinco",14063080,Localidad simple
loc-ar-loc-georef-14021070,loc-ar-prov-cordoba,"Colonia Vicente Agüero",14021070,Localidad simple
loc-ar-loc-georef-14119060,loc-ar-prov-cordoba,"Colonia Videla",14119060,Localidad simple
loc-ar-loc-georef-14140150,loc-ar-prov-cordoba,"Colonia Vignaud",14140150,Localidad simple
loc-ar-loc-georef-14133010,loc-ar-prov-cordoba,"Conlara",14133010,Localidad simple
loc-ar-loc-georef-14049040,loc-ar-prov-cordoba,"Copacabana",14049040,Localidad simple
loc-ar-loc-georef-14014010,loc-ar-prov-cordoba,"Córdoba",14014010,Componente de localidad compuesta
loc-ar-loc-georef-14098090,loc-ar-prov-cordoba,"Coronel Baigorria",14098090,Localidad simple
loc-ar-loc-georef-14098100,loc-ar-prov-cordoba,"Coronel Moldes",14098100,Localidad simple
loc-ar-loc-georef-14063090,loc-ar-prov-cordoba,"Corral de Bustos",14063090,Localidad simple
loc-ar-loc-georef-14161030,loc-ar-prov-cordoba,"Corralito",14161030,Localidad simple
loc-ar-loc-georef-14091070,loc-ar-prov-cordoba,"Cosquín",14091070,Componente de localidad compuesta
loc-ar-loc-georef-14119070,loc-ar-prov-cordoba,"Costasacate",14119070,Localidad simple
loc-ar-loc-georef-14063100,loc-ar-prov-cordoba,"Cruz Alta",14063100,Localidad simple
loc-ar-loc-georef-14028040,loc-ar-prov-cordoba,"Cruz de Caña",14028040,Localidad simple
loc-ar-loc-georef-14028050,loc-ar-prov-cordoba,"Cruz del Eje",14028050,Localidad simple
loc-ar-loc-georef-14091080,loc-ar-prov-cordoba,"Cuesta Blanca",14091080,Componente de localidad compuesta
loc-ar-loc-georef-14161040,loc-ar-prov-cordoba,"Dalmacio Vélez",14161040,Localidad simple
loc-ar-loc-georef-14049050,loc-ar-prov-cordoba,"Deán Funes",14049050,Localidad simple
loc-ar-loc-georef-14035010,loc-ar-prov-cordoba,"Del Campillo",14035010,Localidad simple
loc-ar-loc-georef-14147080,loc-ar-prov-cordoba,"Despeñaderos",14147080,Localidad simple
loc-ar-loc-georef-14140160,loc-ar-prov-cordoba,"Devoto",14140160,Localidad simple
loc-ar-loc-georef-14105060,loc-ar-prov-cordoba,"Diego de Rojas",14105060,Localidad simple
loc-ar-loc-georef-14147090,loc-ar-prov-cordoba,"Dique Chico",14147090,Localidad simple
loc-ar-loc-georef-1402115001,loc-ar-prov-cordoba,"Dumesnil",1402115001,Entidad
loc-ar-loc-georef-14105070,loc-ar-prov-cordoba,"El Alcalde",14105070,Localidad simple
loc-ar-loc-georef-14140170,loc-ar-prov-cordoba,"El Arañado",14140170,Localidad simple
loc-ar-loc-georef-14028060,loc-ar-prov-cordoba,"El Brete",14028060,Localidad simple
loc-ar-loc-georef-14070020,loc-ar-prov-cordoba,"El Chacho",14070020,Localidad simple
loc-ar-loc-georef-14007050,loc-ar-prov-cordoba,"El Corcovado - El Torreón",14007050,Localidad simple
loc-ar-loc-georef-14105080,loc-ar-prov-cordoba,"El Crispín",14105080,Localidad simple
loc-ar-loc-georef-1402115003,loc-ar-prov-cordoba,"El Diquecito",1402115003,Entidad
loc-ar-loc-georef-14007055,loc-ar-prov-cordoba,"El Durazno",14007055,Localidad simple
loc-ar-loc-georef-14140180,loc-ar-prov-cordoba,"El Fortín",14140180,Localidad simple
loc-ar-loc-georef-14140190,loc-ar-prov-cordoba,"El Fuertecito",14140190,Localidad simple
loc-ar-loc-georef-14021110,loc-ar-prov-cordoba,"El Manzano",14021110,Componente de localidad compuesta
loc-ar-loc-georef-1402125001,loc-ar-prov-cordoba,"El Pueblito",1402125001,Entidad
loc-ar-loc-georef-14056060,loc-ar-prov-cordoba,"El Rastreador",14056060,Localidad simple
loc-ar-loc-georef-14175030,loc-ar-prov-cordoba,"El Rodeo",14175030,Localidad simple
loc-ar-loc-georef-14140200,loc-ar-prov-cordoba,"El Tío",14140200,Localidad simple
loc-ar-loc-georef-14175040,loc-ar-prov-cordoba,"El Tuscal",14175040,Localidad simple
loc-ar-loc-georef-1413319003,loc-ar-prov-cordoba,"El Valle",1413319003,Entidad
loc-ar-loc-georef-14098110,loc-ar-prov-cordoba,"Elena",14098110,Localidad simple
loc-ar-loc-georef-14007060,loc-ar-prov-cordoba,"Embalse",14007060,Localidad simple
loc-ar-loc-georef-14105090,loc-ar-prov-cordoba,"Esquina",14105090,Localidad simple
loc-ar-loc-georef-14035020,loc-ar-prov-cordoba,"Estación Lecueder",14035020,Localidad simple
loc-ar-loc-georef-14140210,loc-ar-prov-cordoba,"Estación Luxardo",14140210,Localidad simple
loc-ar-loc-georef-14070030,loc-ar-prov-cordoba,"Estancia de Guadalupe",14070030,Localidad simple
loc-ar-loc-georef-14091090,loc-ar-prov-cordoba,"Estancia Vieja",14091090,Componente de localidad compuesta
loc-ar-loc-georef-14042050,loc-ar-prov-cordoba,"Etruria",14042050,Localidad simple
loc-ar-loc-georef-14112030,loc-ar-prov-cordoba,"Eufrasio Loza",14112030,Localidad simple
loc-ar-loc-georef-14147100,loc-ar-prov-cordoba,"Falda del Cañete",14147100,Localidad simple
loc-ar-loc-georef-14147110,loc-ar-prov-cordoba,"Falda del Carmen",14147110,Localidad simple
loc-ar-loc-georef-14140220,loc-ar-prov-cordoba,"Freyre",14140220,Localidad simple
loc-ar-loc-georef-14063110,loc-ar-prov-cordoba,"General Baldissera",14063110,Localidad simple
loc-ar-loc-georef-14056070,loc-ar-prov-cordoba,"General Cabrera",14056070,Localidad simple
loc-ar-loc-georef-14056080,loc-ar-prov-cordoba,"General Deheza",14056080,Localidad simple
loc-ar-loc-georef-14161050,loc-ar-prov-cordoba,"General Fotheringham",14161050,Localidad simple
loc-ar-loc-georef-14084010,loc-ar-prov-cordoba,"General Levalle",14084010,Localidad simple
loc-ar-loc-georef-14021130,loc-ar-prov-cordoba,"General Paz",14021130,Localidad simple
loc-ar-loc-georef-14063120,loc-ar-prov-cordoba,"General Roca",14063120,Localidad simple
loc-ar-loc-georef-14028080,loc-ar-prov-cordoba,"Guanaco Muerto",14028080,Localidad simple
loc-ar-loc-georef-14070040,loc-ar-prov-cordoba,"Guasapampa",14070040,Localidad simple
loc-ar-loc-georef-14063130,loc-ar-prov-cordoba,"Guatimozín",14063130,Localidad simple
loc-ar-loc-georef-1402131001,loc-ar-prov-cordoba,"Guiñazú Norte",1402131001,Entidad
loc-ar-loc-georef-14112040,loc-ar-prov-cordoba,"Gutemberg",14112040,Localidad simple
loc-ar-loc-georef-14161060,loc-ar-prov-cordoba,"Hernando",14161060,Localidad simple
loc-ar-loc-georef-14035030,loc-ar-prov-cordoba,"Hipólito Bouchard",14035030,Localidad simple
loc-ar-loc-georef-14056090,loc-ar-prov-cordoba,"Huanchillas",14056090,Localidad simple
loc-ar-loc-georef-14091100,loc-ar-prov-cordoba,"Huerta Grande",14091100,Componente de localidad compuesta
loc-ar-loc-georef-14035040,loc-ar-prov-cordoba,"Huinca Renancó",14035040,Localidad simple
loc-ar-loc-georef-14182130,loc-ar-prov-cordoba,"Idiazabal",14182130,Localidad simple
loc-ar-loc-georef-14119080,loc-ar-prov-cordoba,"Impira",14119080,Localidad simple
loc-ar-loc-georef-14063140,loc-ar-prov-cordoba,"Inriville",14063140,Localidad simple
loc-ar-loc-georef-14063150,loc-ar-prov-cordoba,"Isla Verde",14063150,Localidad simple
loc-ar-loc-georef-14035050,loc-ar-prov-cordoba,"Italó",14035050,Localidad simple
loc-ar-loc-georef-14161070,loc-ar-prov-cordoba,"James Craik",14161070,Localidad simple
loc-ar-loc-georef-1401401001,loc-ar-prov-cordoba,"Jardín Arenales",1401401001,Entidad
loc-ar-loc-georef-14021140,loc-ar-prov-cordoba,"Jesús María",14021140,Componente de localidad compuesta
loc-ar-loc-georef-14147115,loc-ar-prov-cordoba,"José de la Quintana",14147115,Componente de localidad compuesta
loc-ar-loc-georef-1402132001,loc-ar-prov-cordoba,"Juárez Celman",1402132001,Entidad
loc-ar-loc-georef-14182140,loc-ar-prov-cordoba,"Justiniano Posse",14182140,Localidad simple
loc-ar-loc-georef-14105100,loc-ar-prov-cordoba,"Kilómetro 658",14105100,Localidad simple
loc-ar-loc-georef-14028100,loc-ar-prov-cordoba,"La Batea",14028100,Localidad simple
loc-ar-loc-georef-14147120,loc-ar-prov-cordoba,"La Boca del Río",14147120,Localidad simple
loc-ar-loc-georef-14021150,loc-ar-prov-cordoba,"La Calera",14021150,Componente de localidad compuesta
loc-ar-loc-georef-14056100,loc-ar-prov-cordoba,"La Carlota",14056100,Localidad simple
loc-ar-loc-georef-14098120,loc-ar-prov-cordoba,"La Carolina",14098120,Localidad simple
loc-ar-loc-georef-14098130,loc-ar-prov-cordoba,"La Cautiva",14098130,Localidad simple
loc-ar-loc-georef-14084020,loc-ar-prov-cordoba,"La Cesira",14084020,Localidad simple
loc-ar-loc-georef-14007070,loc-ar-prov-cordoba,"La Cruz",14007070,Localidad simple
loc-ar-loc-georef-14091110,loc-ar-prov-cordoba,"La Cumbre",14091110,Componente de localidad compuesta
loc-ar-loc-georef-14007080,loc-ar-prov-cordoba,"La Cumbrecita",14007080,Localidad simple
loc-ar-loc-georef-1414732002,loc-ar-prov-cordoba,"La Donosa",1414732002,Entidad
loc-ar-loc-georef-14091120,loc-ar-prov-cordoba,"La Falda",14091120,Componente de localidad compuesta
loc-ar-loc-georef-1401401002,loc-ar-prov-cordoba,"La Floresta",1401401002,Entidad
loc-ar-loc-georef-14140230,loc-ar-prov-cordoba,"La Francia",14140230,Localidad simple
loc-ar-loc-georef-14098140,loc-ar-prov-cordoba,"La Gilda",14098140,Localidad simple
loc-ar-loc-georef-14021160,loc-ar-prov-cordoba,"La Granja",14021160,Componente de localidad compuesta
loc-ar-loc-georef-14028110,loc-ar-prov-cordoba,"La Higuera",14028110,Localidad simple
loc-ar-loc-georef-14042060,loc-ar-prov-cordoba,"La Laguna",14042060,Localidad simple
loc-ar-loc-georef-14147150,loc-ar-prov-cordoba,"La Paisanita",14147150,Localidad simple
loc-ar-loc-georef-14042070,loc-ar-prov-cordoba,"La Palestina",14042070,Localidad simple
loc-ar-loc-georef-14168040,loc-ar-prov-cordoba,"La Pampa",14168040,Localidad simple
loc-ar-loc-georef-14140240,loc-ar-prov-cordoba,"La Paquita",14140240,Localidad simple
loc-ar-loc-georef-14105110,loc-ar-prov-cordoba,"La Para",14105110,Localidad simple
loc-ar-loc-georef-14133060,loc-ar-prov-cordoba,"La Paz",14133060,Localidad simple
loc-ar-loc-georef-14070050,loc-ar-prov-cordoba,"La Playa",14070050,Localidad simple
loc-ar-loc-georef-14042080,loc-ar-prov-cordoba,"La Playosa",14042080,Localidad simple
loc-ar-loc-georef-14133070,loc-ar-prov-cordoba,"La Población",14133070,Localidad simple
loc-ar-loc-georef-14105120,loc-ar-prov-cordoba,"La Posta",14105120,Localidad simple
loc-ar-loc-georef-14021170,loc-ar-prov-cordoba,"La Puerta",14021170,Localidad simple
loc-ar-loc-georef-14105140,loc-ar-prov-cordoba,"La Quinta",14105140,Localidad simple
loc-ar-loc-georef-14147170,loc-ar-prov-cordoba,"La Rancherita y Las Cascadas",14147170,Componente de localidad compuesta
loc-ar-loc-georef-14112050,loc-ar-prov-cordoba,"La Rinconada",14112050,Localidad simple
loc-ar-loc-georef-14147180,loc-ar-prov-cordoba,"La Serranita",14147180,Componente de localidad compuesta
loc-ar-loc-georef-14140250,loc-ar-prov-cordoba,"La Tordilla",14140250,Localidad simple
loc-ar-loc-georef-14133090,loc-ar-prov-cordoba,"La Travesía",14133090,Localidad simple
loc-ar-loc-georef-14182150,loc-ar-prov-cordoba,"Laborde",14182150,Localidad simple
loc-ar-loc-georef-14084030,loc-ar-prov-cordoba,"Laboulaye",14084030,Localidad simple
loc-ar-loc-georef-14119090,loc-ar-prov-cordoba,"Laguna Larga",14119090,Localidad simple
loc-ar-loc-georef-14098150,loc-ar-prov-cordoba,"Las Acequias",14098150,Localidad simple
loc-ar-loc-georef-14098160,loc-ar-prov-cordoba,"Las Albahacas",14098160,Localidad simple
loc-ar-loc-georef-14175050,loc-ar-prov-cordoba,"Las Arrias",14175050,Localidad simple
loc-ar-loc-georef-14007090,loc-ar-prov-cordoba,"Las Bajadas",14007090,Localidad simple
loc-ar-loc-georef-14007100,loc-ar-prov-cordoba,"Las Caleras",14007100,Localidad simple
loc-ar-loc-georef-14126050,loc-ar-prov-cordoba,"Las Calles",14126050,Localidad simple
loc-ar-loc-georef-14028120,loc-ar-prov-cordoba,"Las Cañadas",14028120,Localidad simple
loc-ar-loc-georef-1413319004,loc-ar-prov-cordoba,"Las Chacras",1413319004,Entidad
loc-ar-loc-georef-14105150,loc-ar-prov-cordoba,"Las Gramillas",14105150,Localidad simple
loc-ar-loc-georef-14098170,loc-ar-prov-cordoba,"Las Higueras",14098170,Componente de localidad compuesta
loc-ar-loc-georef-14161080,loc-ar-prov-cordoba,"Las Isletillas",14161080,Localidad simple
loc-ar-loc-georef-14091130,loc-ar-prov-cordoba,"Las Jarillas",14091130,Localidad simple
loc-ar-loc-georef-14119100,loc-ar-prov-cordoba,"Las Junturas",14119100,Localidad simple
loc-ar-loc-georef-14042090,loc-ar-prov-cordoba,"Las Mojarras",14042090,Localidad simple
loc-ar-loc-georef-14077020,loc-ar-prov-cordoba,"Las Palmas",14077020,Localidad simple
loc-ar-loc-georef-14098180,loc-ar-prov-cordoba,"Las Peñas",14098180,Localidad simple
loc-ar-loc-georef-14161090,loc-ar-prov-cordoba,"Las Perdices",14161090,Localidad simple
loc-ar-loc-georef-14028130,loc-ar-prov-cordoba,"Las Playas",14028130,Localidad simple
loc-ar-loc-georef-1414719001,loc-ar-prov-cordoba,"Las Quintas",1414719001,Entidad
loc-ar-loc-georef-14126070,loc-ar-prov-cordoba,"Las Rabonas",14126070,Localidad simple
loc-ar-loc-georef-14105160,loc-ar-prov-cordoba,"Las Saladas",14105160,Localidad simple
loc-ar-loc-georef-14133100,loc-ar-prov-cordoba,"Las Tapias",14133100,Componente de localidad compuesta
loc-ar-loc-georef-14140260,loc-ar-prov-cordoba,"Las Varas",14140260,Localidad simple
loc-ar-loc-georef-14140270,loc-ar-prov-cordoba,"Las Varillas",14140270,Localidad simple
loc-ar-loc-georef-14098190,loc-ar-prov-cordoba,"Las Vertientes",14098190,Localidad simple
loc-ar-loc-georef-14084040,loc-ar-prov-cordoba,"Leguizamón",14084040,Localidad simple
loc-ar-loc-georef-14063160,loc-ar-prov-cordoba,"Leones",14063160,Localidad simple
loc-ar-loc-georef-14147190,loc-ar-prov-cordoba,"Los Cedros",14147190,Localidad simple
loc-ar-loc-georef-14133110,loc-ar-prov-cordoba,"Los Cerrillos",14133110,Localidad simple
loc-ar-loc-georef-14028140,loc-ar-prov-cordoba,"Los Chañaritos",14028140,Localidad simple
loc-ar-loc-georef-14056110,loc-ar-prov-cordoba,"Los Cisnes",14056110,Localidad simple
loc-ar-loc-georef-14091140,loc-ar-prov-cordoba,"Los Cocos",14091140,Componente de localidad compuesta
loc-ar-loc-georef-14007110,loc-ar-prov-cordoba,"Los Cóndores",14007110,Localidad simple
loc-ar-loc-georef-14133120,loc-ar-prov-cordoba,"Los Hornillos",14133120,Localidad simple
loc-ar-loc-georef-14112060,loc-ar-prov-cordoba,"Los Hoyos",14112060,Localidad simple
loc-ar-loc-georef-14168070,loc-ar-prov-cordoba,"Los Mistoles",14168070,Localidad simple
loc-ar-loc-georef-14007120,loc-ar-prov-cordoba,"Los Molinos",14007120,Localidad simple
loc-ar-loc-georef-14049080,loc-ar-prov-cordoba,"Los Pozos",14049080,Localidad simple
loc-ar-loc-georef-14007130,loc-ar-prov-cordoba,"Los Reartes",14007130,Componente de localidad compuesta
loc-ar-loc-georef-14063170,loc-ar-prov-cordoba,"Los Surgentes",14063170,Localidad simple
loc-ar-loc-georef-14077030,loc-ar-prov-cordoba,"Los Talares",14077030,Localidad simple
loc-ar-loc-georef-14161100,loc-ar-prov-cordoba,"Los Zorros",14161100,Localidad simple
loc-ar-loc-georef-14147200,loc-ar-prov-cordoba,"Lozada",14147200,Localidad simple
loc-ar-loc-georef-14042100,loc-ar-prov-cordoba,"Luca",14042100,Localidad simple
loc-ar-loc-georef-14175060,loc-ar-prov-cordoba,"Lucio V. Mansilla",14175060,Localidad simple
loc-ar-loc-georef-14119120,loc-ar-prov-cordoba,"Luque",14119120,Localidad simple
loc-ar-loc-georef-14007140,loc-ar-prov-cordoba,"Lutti",14007140,Localidad simple
loc-ar-loc-georef-14133150,loc-ar-prov-cordoba,"Luyaba",14133150,Localidad simple
loc-ar-loc-georef-14147210,loc-ar-prov-cordoba,"Malagueño",14147210,Localidad simple
loc-ar-loc-georef-14098200,loc-ar-prov-cordoba,"Malena",14098200,Localidad simple
loc-ar-loc-georef-14091150,loc-ar-prov-cordoba,"Mallín",14091150,Localidad simple
loc-ar-loc-georef-14021190,loc-ar-prov-cordoba,"Malvinas Argentinas",14021190,Localidad simple
loc-ar-loc-georef-14119130,loc-ar-prov-cordoba,"Manfredi",14119130,Localidad simple
loc-ar-loc-georef-14105170,loc-ar-prov-cordoba,"Maquinista Gallini",14105170,Localidad simple
loc-ar-loc-georef-14063180,loc-ar-prov-cordoba,"Marcos Juárez",14063180,Localidad simple
loc-ar-loc-georef-14140280,loc-ar-prov-cordoba,"Marull",14140280,Localidad simple
loc-ar-loc-georef-14119140,loc-ar-prov-cordoba,"Matorrales",14119140,Localidad simple
loc-ar-loc-georef-14035060,loc-ar-prov-cordoba,"Mattaldi",14035060,Localidad simple
loc-ar-loc-georef-14091160,loc-ar-prov-cordoba,"Mayu Sumaj",14091160,Componente de localidad compuesta
loc-ar-loc-georef-14028150,loc-ar-prov-cordoba,"Media Naranja",14028150,Localidad simple
loc-ar-loc-georef-14084050,loc-ar-prov-cordoba,"Melo",14084050,Localidad simple
loc-ar-loc-georef-14021200,loc-ar-prov-cordoba,"Mendiolaza",14021200,Componente de localidad compuesta
loc-ar-loc-georef-14021210,loc-ar-prov-cordoba,"Mi Granja",14021210,Localidad simple
loc-ar-loc-georef-1414735001,loc-ar-prov-cordoba,"Mi Valle",1414735001,Entidad
loc-ar-loc-georef-14126090,loc-ar-prov-cordoba,"Mina Clavero",14126090,Componente de localidad compuesta
loc-ar-loc-georef-14140290,loc-ar-prov-cordoba,"Miramar",14140290,Localidad simple
loc-ar-loc-georef-14063190,loc-ar-prov-cordoba,"Monte Buey",14063190,Localidad simple
loc-ar-loc-georef-14098210,loc-ar-prov-cordoba,"Monte de los Gauchos",14098210,Localidad simple
loc-ar-loc-georef-14105180,loc-ar-prov-cordoba,"Monte del Rosario",14105180,Localidad simple
loc-ar-loc-georef-14182160,loc-ar-prov-cordoba,"Monte Leña",14182160,Localidad simple
loc-ar-loc-georef-14182170,loc-ar-prov-cordoba,"Monte Maíz",14182170,Localidad simple
loc-ar-loc-georef-14147220,loc-ar-prov-cordoba,"Monte Ralo",14147220,Localidad simple
loc-ar-loc-georef-14105190,loc-ar-prov-cordoba,"Montecristo",14105190,Localidad simple
loc-ar-loc-georef-14182180,loc-ar-prov-cordoba,"Morrison",14182180,Localidad simple
loc-ar-loc-georef-14140300,loc-ar-prov-cordoba,"Morteros",14140300,Localidad simple
loc-ar-loc-georef-14126100,loc-ar-prov-cordoba,"Mussi",14126100,Localidad simple
loc-ar-loc-georef-14035070,loc-ar-prov-cordoba,"Nicolás Bruzzone",14035070,Localidad simple
loc-ar-loc-georef-14182190,loc-ar-prov-cordoba,"Noetinger",14182190,Localidad simple
loc-ar-loc-georef-14126110,loc-ar-prov-cordoba,"Nono",14126110,Localidad simple
loc-ar-loc-georef-14105200,loc-ar-prov-cordoba,"Obispo Trejo",14105200,Localidad simple
loc-ar-loc-georef-14056120,loc-ar-prov-cordoba,"Olaeta",14056120,Localidad simple
loc-ar-loc-georef-14161110,loc-ar-prov-cordoba,"Oliva",14161110,Localidad simple
loc-ar-loc-georef-14049090,loc-ar-prov-cordoba,"Olivares de San Nicolás",14049090,Localidad simple
loc-ar-loc-georef-14035080,loc-ar-prov-cordoba,"Onagoity",14035080,Localidad simple
loc-ar-loc-georef-14119150,loc-ar-prov-cordoba,"Oncativo",14119150,Localidad simple
loc-ar-loc-georef-14182200,loc-ar-prov-cordoba,"Ordoñez",14182200,Localidad simple
loc-ar-loc-georef-14056130,loc-ar-prov-cordoba,"Pacheco de Melo",14056130,Localidad simple
loc-ar-loc-georef-14161120,loc-ar-prov-cordoba,"Pampayasta Norte",14161120,Componente de localidad compuesta
loc-ar-loc-georef-14161130,loc-ar-prov-cordoba,"Pampayasta Sud",14161130,Componente de localidad compuesta
loc-ar-loc-georef-14126120,loc-ar-prov-cordoba,"Panaholma",14126120,Localidad simple
loc-ar-loc-georef-14007160,loc-ar-prov-cordoba,"Parque Calmayo",14007160,Localidad simple
loc-ar-loc-georef-1402131002,loc-ar-prov-cordoba,"Parque Norte",1402131002,Entidad
loc-ar-loc-georef-14021310,loc-ar-prov-cordoba,"Parque Norte - Ciudad de los Niños - Guiñazú Norte",14021310,Componente de localidad compuesta
loc-ar-loc-georef-14182210,loc-ar-prov-cordoba,"Pascanas",14182210,Localidad simple
loc-ar-loc-georef-14042110,loc-ar-prov-cordoba,"Pasco",14042110,Localidad simple
loc-ar-loc-georef-14056140,loc-ar-prov-cordoba,"Paso del Durazno",14056140,Componente de localidad compuesta
loc-ar-loc-georef-14028160,loc-ar-prov-cordoba,"Paso Viejo",14028160,Localidad simple
loc-ar-loc-georef-14119160,loc-ar-prov-cordoba,"Pilar",14119160,Componente de localidad compuesta
loc-ar-loc-georef-14035090,loc-ar-prov-cordoba,"Pincén",14035090,Localidad simple
loc-ar-loc-georef-14105210,loc-ar-prov-cordoba,"Piquillín",14105210,Localidad simple
loc-ar-loc-georef-14105220,loc-ar-prov-cordoba,"Plaza de Mercedes",14105220,Localidad simple
loc-ar-loc-georef-14140310,loc-ar-prov-cordoba,"Plaza Luxardo",14140310,Localidad simple
loc-ar-loc-georef-14140320,loc-ar-prov-cordoba,"Plaza San Francisco",14140320,Localidad simple
loc-ar-loc-georef-14140330,loc-ar-prov-cordoba,"Porteña",14140330,Localidad simple
loc-ar-loc-georef-14147230,loc-ar-prov-cordoba,"Potrero de Garay",14147230,Componente de localidad compuesta
loc-ar-loc-georef-14119170,loc-ar-prov-cordoba,"Pozo del Molle",14119170,Localidad simple
loc-ar-loc-georef-14154040,loc-ar-prov-cordoba,"Pozo Nuevo",14154040,Localidad simple
loc-ar-loc-georef-14105230,loc-ar-prov-cordoba,"Pueblo Comechingones",14105230,Localidad simple
loc-ar-loc-georef-14182220,loc-ar-prov-cordoba,"Pueblo Italiano",14182220,Localidad simple
loc-ar-loc-georef-14112070,loc-ar-prov-cordoba,"Puesto de Castro",14112070,Localidad simple
loc-ar-loc-georef-14161140,loc-ar-prov-cordoba,"Punta del Agua",14161140,Localidad simple
loc-ar-loc-georef-14140340,loc-ar-prov-cordoba,"Quebracho Herrado",14140340,Localidad simple
loc-ar-loc-georef-14049100,loc-ar-prov-cordoba,"Quilino",14049100,Localidad simple
loc-ar-loc-georef-14147240,loc-ar-prov-cordoba,"Rafael García",14147240,Localidad simple
loc-ar-loc-georef-14182230,loc-ar-prov-cordoba,"Ramón J. Cárcano",14182230,Localidad simple
loc-ar-loc-georef-14035100,loc-ar-prov-cordoba,"Ranqueles",14035100,Localidad simple
loc-ar-loc-georef-14112080,loc-ar-prov-cordoba,"Rayo Cortado",14112080,Localidad simple
loc-ar-loc-georef-14119180,loc-ar-prov-cordoba,"Rincón",14119180,Localidad simple
loc-ar-loc-georef-14084060,loc-ar-prov-cordoba,"Río Bamba",14084060,Localidad simple
loc-ar-loc-georef-14021230,loc-ar-prov-cordoba,"Río Ceballos",14021230,Componente de localidad compuesta
loc-ar-loc-georef-14098230,loc-ar-prov-cordoba,"Río Cuarto",14098230,Componente de localidad compuesta
loc-ar-loc-georef-14007170,loc-ar-prov-cordoba,"Río de los Sauces",14007170,Localidad simple
loc-ar-loc-georef-14105240,loc-ar-prov-cordoba,"Río Primero",14105240,Localidad simple
loc-ar-loc-georef-14119190,loc-ar-prov-cordoba,"Río Segundo",14119190,Componente de localidad compuesta
loc-ar-loc-georef-14161150,loc-ar-prov-cordoba,"Río Tercero",14161150,Localidad simple
loc-ar-loc-georef-14084070,loc-ar-prov-cordoba,"Rosales",14084070,Localidad simple
loc-ar-loc-georef-14175070,loc-ar-prov-cordoba,"Rosario del Saladillo",14175070,Localidad simple
loc-ar-loc-georef-14140350,loc-ar-prov-cordoba,"Sacanta",14140350,Localidad simple
loc-ar-loc-georef-14105250,loc-ar-prov-cordoba,"Sagrada Familia",14105250,Localidad simple
loc-ar-loc-georef-14063210,loc-ar-prov-cordoba,"Saira",14063210,Localidad simple
loc-ar-loc-georef-14063220,loc-ar-prov-cordoba,"Saladillo",14063220,Localidad simple
loc-ar-loc-georef-14021240,loc-ar-prov-cordoba,"Saldán",14021240,Componente de localidad compuesta
loc-ar-loc-georef-14077040,loc-ar-prov-cordoba,"Salsacate",14077040,Localidad simple
loc-ar-loc-georef-14021250,loc-ar-prov-cordoba,"Salsipuedes",14021250,Componente de localidad compuesta
loc-ar-loc-georef-14098240,loc-ar-prov-cordoba,"Sampacho",14098240,Localidad simple
loc-ar-loc-georef-14007180,loc-ar-prov-cordoba,"San Agustín",14007180,Localidad simple
loc-ar-loc-georef-14091180,loc-ar-prov-cordoba,"San Antonio de Arredondo",14091180,Componente de localidad compuesta
loc-ar-loc-georef-14182240,loc-ar-prov-cordoba,"San Antonio de Litín",14182240,Localidad simple
loc-ar-loc-georef-14098250,loc-ar-prov-cordoba,"San Basilio",14098250,Localidad simple
loc-ar-loc-georef-14070060,loc-ar-prov-cordoba,"San Carlos Minas",14070060,Localidad simple
loc-ar-loc-georef-14147250,loc-ar-prov-cordoba,"San Clemente",14147250,Localidad simple
loc-ar-loc-georef-14091190,loc-ar-prov-cordoba,"San Esteban",14091190,Componente de localidad compuesta
loc-ar-loc-georef-14140360,loc-ar-prov-cordoba,"San Francisco",14140360,Componente de localidad compuesta
loc-ar-loc-georef-14154050,loc-ar-prov-cordoba,"San Francisco del Chañar",14154050,Localidad simple
loc-ar-loc-georef-14077050,loc-ar-prov-cordoba,"San Gerónimo",14077050,Localidad simple
loc-ar-loc-georef-14007190,loc-ar-prov-cordoba,"San Ignacio (Loteo San Javier)",14007190,Localidad simple
loc-ar-loc-georef-1400721003,loc-ar-prov-cordoba,"San Ignacio (Loteo Vélez Crespo)",1400721003,Entidad
loc-ar-loc-georef-14133170,loc-ar-prov-cordoba,"San Javier y Yacanto",14133170,Localidad simple
loc-ar-loc-georef-14084080,loc-ar-prov-cordoba,"San Joaquín",14084080,Localidad simple
loc-ar-loc-georef-14133180,loc-ar-prov-cordoba,"San José",14133180,Localidad simple
loc-ar-loc-georef-14175080,loc-ar-prov-cordoba,"San José de la Dormida",14175080,Localidad simple
loc-ar-loc-georef-14175090,loc-ar-prov-cordoba,"San José de las Salinas",14175090,Localidad simple
loc-ar-loc-georef-14126140,loc-ar-prov-cordoba,"San Lorenzo",14126140,Localidad simple
loc-ar-loc-georef-14182250,loc-ar-prov-cordoba,"San Marcos",14182250,Localidad simple
loc-ar-loc-georef-14028170,loc-ar-prov-cordoba,"San Marcos Sierra",14028170,Localidad simple
loc-ar-loc-georef-14126150,loc-ar-prov-cordoba,"San Martín",14126150,Localidad simple
loc-ar-loc-georef-14126160,loc-ar-prov-cordoba,"San Pedro",14126160,Componente de localidad compuesta
loc-ar-loc-georef-14112090,loc-ar-prov-cordoba,"San Pedro de Gütemberg",14112090,Localidad simple
loc-ar-loc-georef-14049110,loc-ar-prov-cordoba,"San Pedro de Toyos",14049110,Localidad simple
loc-ar-loc-georef-14175100,loc-ar-prov-cordoba,"San Pedro Norte",14175100,Localidad simple
loc-ar-loc-georef-14091200,loc-ar-prov-cordoba,"San Roque",14091200,Componente de localidad compuesta
loc-ar-loc-georef-1409102002,loc-ar-prov-cordoba,"San Roque del Lago",1409102002,Entidad
loc-ar-loc-georef-14182260,loc-ar-prov-cordoba,"San Severo",14182260,Localidad simple
loc-ar-loc-georef-14126170,loc-ar-prov-cordoba,"San Vicente",14126170,Localidad simple
loc-ar-loc-georef-14042120,loc-ar-prov-cordoba,"Sanabria",14042120,Localidad simple
loc-ar-loc-georef-14168080,loc-ar-prov-cordoba,"Santa Catalina",14168080,Localidad simple
loc-ar-loc-georef-14098260,loc-ar-prov-cordoba,"Santa Catalina Holmberg",14098260,Localidad simple
loc-ar-loc-georef-14112100,loc-ar-prov-cordoba,"Santa Elena",14112100,Localidad simple
loc-ar-loc-georef-14056150,loc-ar-prov-cordoba,"Santa Eufemia",14056150,Localidad simple
loc-ar-loc-georef-14035110,loc-ar-prov-cordoba,"Santa Magdalena",14035110,Localidad simple
loc-ar-loc-georef-14091210,loc-ar-prov-cordoba,"Santa María de Punilla",14091210,Componente de localidad compuesta
loc-ar-loc-georef-1400721001,loc-ar-prov-cordoba,"Santa Mónica",1400721001,Entidad
loc-ar-loc-georef-14007210,loc-ar-prov-cordoba,"Santa Rosa de Calamuchita",14007210,Localidad simple
loc-ar-loc-georef-14105260,loc-ar-prov-cordoba,"Santa Rosa de Río Primero",14105260,Localidad simple
loc-ar-loc-georef-14119200,loc-ar-prov-cordoba,"Santiago Temple",14119200,Localidad simple
loc-ar-loc-georef-14168090,loc-ar-prov-cordoba,"Sarmiento",14168090,Localidad simple
loc-ar-loc-georef-14140370,loc-ar-prov-cordoba,"Saturnino María Laspiur",14140370,Localidad simple
loc-ar-loc-georef-14126180,loc-ar-prov-cordoba,"Sauce Arriba",14126180,Localidad simple
loc-ar-loc-georef-14112110,loc-ar-prov-cordoba,"Sebastián Elcano",14112110,Localidad simple
loc-ar-loc-georef-14140380,loc-ar-prov-cordoba,"Seeber",14140380,Localidad simple
loc-ar-loc-georef-14007220,loc-ar-prov-cordoba,"Segunda Usina",14007220,Localidad simple
loc-ar-loc-georef-14084090,loc-ar-prov-cordoba,"Serrano",14084090,Localidad simple
loc-ar-loc-georef-14028180,loc-ar-prov-cordoba,"Serrezuela",14028180,Localidad simple
loc-ar-loc-georef-14042130,loc-ar-prov-cordoba,"Silvio Pellico",14042130,Localidad simple
loc-ar-loc-georef-14168100,loc-ar-prov-cordoba,"Simbolar",14168100,Localidad simple
loc-ar-loc-georef-14168110,loc-ar-prov-cordoba,"Sinsacate",14168110,Localidad simple
loc-ar-loc-georef-14147270,loc-ar-prov-cordoba,"Socavones",14147270,Localidad simple
loc-ar-loc-georef-14007230,loc-ar-prov-cordoba,"Solar de los Molinos",14007230,Localidad simple
loc-ar-loc-georef-14098270,loc-ar-prov-cordoba,"Suco",14098270,Localidad simple
loc-ar-loc-georef-14077060,loc-ar-prov-cordoba,"Tala Cañada",14077060,Localidad simple
loc-ar-loc-georef-14091220,loc-ar-prov-cordoba,"Tala Huasi",14091220,Componente de localidad compuesta
loc-ar-loc-georef-14070070,loc-ar-prov-cordoba,"Talaini",14070070,Localidad simple
loc-ar-loc-georef-14161160,loc-ar-prov-cordoba,"Tancacha",14161160,Localidad simple
loc-ar-loc-georef-14091230,loc-ar-prov-cordoba,"Tanti",14091230,Componente de localidad compuesta
loc-ar-loc-georef-1414703002,loc-ar-prov-cordoba,"Tejas Tres",1414703002,Entidad
loc-ar-loc-georef-14042140,loc-ar-prov-cordoba,"Ticino",14042140,Localidad simple
loc-ar-loc-georef-14021270,loc-ar-prov-cordoba,"Tinoco",14021270,Localidad simple
loc-ar-loc-georef-14042150,loc-ar-prov-cordoba,"Tío Pujio",14042150,Localidad simple
loc-ar-loc-georef-14147280,loc-ar-prov-cordoba,"Toledo",14147280,Localidad simple
loc-ar-loc-georef-14140390,loc-ar-prov-cordoba,"Toro Pujio",14140390,Localidad simple
loc-ar-loc-georef-14070080,loc-ar-prov-cordoba,"Tosno",14070080,Localidad simple
loc-ar-loc-georef-14098280,loc-ar-prov-cordoba,"Tosquitas",14098280,Localidad simple
loc-ar-loc-georef-14140400,loc-ar-prov-cordoba,"Tránsito",14140400,Localidad simple
loc-ar-loc-georef-14028190,loc-ar-prov-cordoba,"Tuclame",14028190,Localidad simple
loc-ar-loc-georef-14056160,loc-ar-prov-cordoba,"Ucacha",14056160,Localidad simple
loc-ar-loc-georef-14021280,loc-ar-prov-cordoba,"Unquillo",14021280,Componente de localidad compuesta
loc-ar-loc-georef-1400727002,loc-ar-prov-cordoba,"Va.Ciudad Pque.Los Reartes (1° Sección)",1400727002,Entidad
loc-ar-loc-georef-1400727003,loc-ar-prov-cordoba,"Va.Ciudad Pque.Los Reartes (3° Sección)",1400727003,Entidad
loc-ar-loc-georef-14147300,loc-ar-prov-cordoba,"Valle de Anisacate",14147300,Componente de localidad compuesta
loc-ar-loc-georef-14091240,loc-ar-prov-cordoba,"Valle Hermoso",14091240,Componente de localidad compuesta
loc-ar-loc-georef-14182270,loc-ar-prov-cordoba,"Viamonte",14182270,Localidad simple
loc-ar-loc-georef-14098290,loc-ar-prov-cordoba,"Vicuña Mackenna",14098290,Localidad simple
loc-ar-loc-georef-14021290,loc-ar-prov-cordoba,"Villa Allende",14021290,Componente de localidad compuesta
loc-ar-loc-georef-14007240,loc-ar-prov-cordoba,"Villa Alpina",14007240,Localidad simple
loc-ar-loc-georef-14007250,loc-ar-prov-cordoba,"Villa Amancay",14007250,Localidad simple
loc-ar-loc-georef-14161170,loc-ar-prov-cordoba,"Villa Ascasubi",14161170,Localidad simple
loc-ar-loc-georef-14007260,loc-ar-prov-cordoba,"Villa Berna",14007260,Localidad simple
loc-ar-loc-georef-14112120,loc-ar-prov-cordoba,"Villa Candelaria",14112120,Localidad simple
loc-ar-loc-georef-14091250,loc-ar-prov-cordoba,"Villa Carlos Paz",14091250,Componente de localidad compuesta
loc-ar-loc-georef-14021300,loc-ar-prov-cordoba,"Villa Cerro Azul",14021300,Localidad simple
loc-ar-loc-georef-14147310,loc-ar-prov-cordoba,"Villa Ciudad de América",14147310,Componente de localidad compuesta
loc-ar-loc-georef-14007270,loc-ar-prov-cordoba,"Villa Ciudad Parque Los Reartes",14007270,Componente de localidad compuesta
loc-ar-loc-georef-14140420,loc-ar-prov-cordoba,"Villa Concepción del Tío",14140420,Localidad simple
loc-ar-loc-georef-14021075,loc-ar-prov-cordoba,"Villa Corazón de María",14021075,Localidad simple
loc-ar-loc-georef-14126200,loc-ar-prov-cordoba,"Villa Cura Brochero",14126200,Componente de localidad compuesta
loc-ar-loc-georef-14133190,loc-ar-prov-cordoba,"Villa de las Rosas",14133190,Componente de localidad compuesta
loc-ar-loc-georef-14112130,loc-ar-prov-cordoba,"Villa de María",14112130,Localidad simple
loc-ar-loc-georef-14077080,loc-ar-prov-cordoba,"Villa de Pocho",14077080,Localidad simple
loc-ar-loc-georef-14028200,loc-ar-prov-cordoba,"Villa de Soto",14028200,Localidad simple
loc-ar-loc-georef-14007290,loc-ar-prov-cordoba,"Villa del Dique",14007290,Componente de localidad compuesta
loc-ar-loc-georef-14147320,loc-ar-prov-cordoba,"Villa del Prado",14147320,Localidad simple
loc-ar-loc-georef-14119210,loc-ar-prov-cordoba,"Villa del Rosario",14119210,Localidad simple
loc-ar-loc-georef-14168120,loc-ar-prov-cordoba,"Villa del Totoral",14168120,Localidad simple
loc-ar-loc-georef-14140430,loc-ar-prov-cordoba,"Villa del Tránsito",14140430,Localidad simple
loc-ar-loc-georef-14133200,loc-ar-prov-cordoba,"Villa Dolores",14133200,Componente de localidad compuesta
loc-ar-loc-georef-14098300,loc-ar-prov-cordoba,"Villa El Chacay",14098300,Localidad simple
loc-ar-loc-georef-14007300,loc-ar-prov-cordoba,"Villa El Tala",14007300,Localidad simple
loc-ar-loc-georef-14063230,loc-ar-prov-cordoba,"Villa Elisa",14063230,Localidad simple
loc-ar-loc-georef-14091260,loc-ar-prov-cordoba,"Villa Flor Serrana",14091260,Localidad simple
loc-ar-loc-georef-14105270,loc-ar-prov-cordoba,"Villa Fontana",14105270,Localidad simple
loc-ar-loc-georef-14007310,loc-ar-prov-cordoba,"Villa General Belgrano",14007310,Localidad simple
loc-ar-loc-georef-14091270,loc-ar-prov-cordoba,"Villa Giardino",14091270,Componente de localidad compuesta
loc-ar-loc-georef-14049120,loc-ar-prov-cordoba,"Villa Gutiérrez",14049120,Localidad simple
loc-ar-loc-georef-14035120,loc-ar-prov-cordoba,"Villa Huidobro",14035120,Localidad simple
loc-ar-loc-georef-14147330,loc-ar-prov-cordoba,"Villa La Bolsa",14147330,Componente de localidad compuesta
loc-ar-loc-georef-14007320,loc-ar-prov-cordoba,"Villa La Rivera",14007320,Localidad simple
loc-ar-loc-georef-14133210,loc-ar-prov-cordoba,"Villa La Viña",14133210,Localidad simple
loc-ar-loc-georef-14091280,loc-ar-prov-cordoba,"Villa Lago Azul",14091280,Localidad simple
loc-ar-loc-georef-14147340,loc-ar-prov-cordoba,"Villa Los Aromos",14147340,Componente de localidad compuesta
loc-ar-loc-georef-1402132002,loc-ar-prov-cordoba,"Villa Los Llanos",1402132002,Entidad
loc-ar-loc-georef-14021320,loc-ar-prov-cordoba,"Villa Los Llanos - Juárez Celman",14021320,Localidad simple
loc-ar-loc-georef-14182280,loc-ar-prov-cordoba,"Villa Los Patos",14182280,Localidad simple
loc-ar-loc-georef-14042170,loc-ar-prov-cordoba,"Villa María",14042170,Componente de localidad compuesta
loc-ar-loc-georef-14042180,loc-ar-prov-cordoba,"Villa Nueva",14042180,Componente de localidad compuesta
loc-ar-loc-georef-14042190,loc-ar-prov-cordoba,"Villa Oeste",14042190,Localidad simple
loc-ar-loc-georef-14147350,loc-ar-prov-cordoba,"Villa Parque Santa Ana",14147350,Localidad simple
loc-ar-loc-georef-14091290,loc-ar-prov-cordoba,"Villa Parque Siquimán",14091290,Componente de localidad compuesta
loc-ar-loc-georef-1402131007,loc-ar-prov-cordoba,"Villa Pastora",1402131007,Entidad
loc-ar-loc-georef-14007330,loc-ar-prov-cordoba,"Villa Quillinzo",14007330,Localidad simple
loc-ar-loc-georef-14056170,loc-ar-prov-cordoba,"Villa Reducción",14056170,Localidad simple
loc-ar-loc-georef-14091300,loc-ar-prov-cordoba,"Villa Río Icho Cruz",14091300,Componente de localidad compuesta
loc-ar-loc-georef-14084100,loc-ar-prov-cordoba,"Villa Rossi",14084100,Localidad simple
loc-ar-loc-georef-14007340,loc-ar-prov-cordoba,"Villa Rumipal",14007340,Componente de localidad compuesta
loc-ar-loc-georef-14140440,loc-ar-prov-cordoba,"Villa San Esteban",14140440,Localidad simple
loc-ar-loc-georef-14147360,loc-ar-prov-cordoba,"Villa San Isidro",14147360,Componente de localidad compuesta
loc-ar-loc-georef-1400712002,loc-ar-prov-cordoba,"Villa San Miguel",1400712002,Entidad
loc-ar-loc-georef-14091320,loc-ar-prov-cordoba,"Villa Santa Cruz del Lago",14091320,Componente de localidad compuesta
loc-ar-loc-georef-14035130,loc-ar-prov-cordoba,"Villa Sarmiento",14035130,Localidad simple
loc-ar-loc-georef-14175110,loc-ar-prov-cordoba,"Villa Tulumba",14175110,Localidad simple
loc-ar-loc-georef-14035140,loc-ar-prov-cordoba,"Villa Valeria",14035140,Localidad simple
loc-ar-loc-georef-14007360,loc-ar-prov-cordoba,"Villa Yacanto",14007360,Localidad simple
loc-ar-loc-georef-14098320,loc-ar-prov-cordoba,"Washington",14098320,Localidad simple
loc-ar-loc-georef-14182290,loc-ar-prov-cordoba,"Wenceslao Escalante",14182290,Localidad simple
loc-ar-loc-georef-18161030,loc-ar-prov-corrientes,"9 de Julio",18161030,Localidad simple
loc-ar-loc-georef-18056010,loc-ar-prov-corrientes,"Alvear",18056010,Localidad simple
loc-ar-loc-georef-18007010,loc-ar-prov-corrientes,"Bella Vista",18007010,Localidad simple
loc-ar-loc-georef-18014010,loc-ar-prov-corrientes,"Berón de Astrada",18014010,Localidad simple
loc-ar-loc-georef-18119010,loc-ar-prov-corrientes,"Bonpland",18119010,Localidad simple
loc-ar-loc-georef-18070010,loc-ar-prov-corrientes,"Carolina",18070010,Localidad simple
loc-ar-loc-georef-18035010,loc-ar-prov-corrientes,"Cazadores Correntinos",18035010,Localidad simple
loc-ar-loc-georef-18161010,loc-ar-prov-corrientes,"Chavarría",18161010,Localidad simple
loc-ar-loc-georef-18147010,loc-ar-prov-corrientes,"Colonia Carlos Pellegrini",18147010,Localidad simple
loc-ar-loc-georef-18112010,loc-ar-prov-corrientes,"Colonia Libertad",18112010,Localidad simple
loc-ar-loc-georef-18084010,loc-ar-prov-corrientes,"Colonia Liebig's",18084010,Componente de localidad compuesta
loc-ar-loc-georef-18161020,loc-ar-prov-corrientes,"Colonia Pando",18161020,Localidad simple
loc-ar-loc-georef-18028010,loc-ar-prov-corrientes,"Concepción",18028010,Localidad simple
loc-ar-loc-georef-18021020,loc-ar-prov-corrientes,"Corrientes",18021020,Localidad simple
loc-ar-loc-georef-18091010,loc-ar-prov-corrientes,"Cruz de los Milagros",18091010,Localidad simple
loc-ar-loc-georef-18035020,loc-ar-prov-corrientes,"Curuzú Cuatiá",18035020,Localidad simple
loc-ar-loc-georef-18042010,loc-ar-prov-corrientes,"El Sombrero",18042010,Localidad simple
loc-ar-loc-georef-18042020,loc-ar-prov-corrientes,"Empedrado",18042020,Localidad simple
loc-ar-loc-georef-18049010,loc-ar-prov-corrientes,"Esquina",18049010,Localidad simple
loc-ar-loc-georef-18112020,loc-ar-prov-corrientes,"Estación Libertad",18112020,Localidad simple
loc-ar-loc-georef-18056020,loc-ar-prov-corrientes,"Estación Torrent",18056020,Localidad simple
loc-ar-loc-georef-18105010,loc-ar-prov-corrientes,"Felipe Yofré",18105010,Localidad simple
loc-ar-loc-georef-18168020,loc-ar-prov-corrientes,"Garruchos",18168020,Localidad simple
loc-ar-loc-georef-18168030,loc-ar-prov-corrientes,"Gobernador Igr. Valentín Virasoro",18168030,Localidad simple
loc-ar-loc-georef-18091020,loc-ar-prov-corrientes,"Gobernador Juan E. Martínez",18091020,Localidad simple
loc-ar-loc-georef-18070020,loc-ar-prov-corrientes,"Goya",18070020,Localidad simple
loc-ar-loc-georef-18147020,loc-ar-prov-corrientes,"Guaviraví",18147020,Localidad simple
loc-ar-loc-georef-18133010,loc-ar-prov-corrientes,"Ingenio Primer Correntino",18133010,Localidad simple
loc-ar-loc-georef-18063010,loc-ar-prov-corrientes,"Itá Ibaté",18063010,Localidad simple
loc-ar-loc-georef-18077010,loc-ar-prov-corrientes,"Itatí",18077010,Localidad simple
loc-ar-loc-georef-18084020,loc-ar-prov-corrientes,"Ituzaingó",18084020,Localidad simple
loc-ar-loc-georef-18168010,loc-ar-prov-corrientes,"José Rafael Gómez",18168010,Localidad simple
loc-ar-loc-georef-18112030,loc-ar-prov-corrientes,"Juan Pujol",18112030,Localidad simple
loc-ar-loc-georef-18147030,loc-ar-prov-corrientes,"La Cruz",18147030,Localidad simple
loc-ar-loc-georef-18091030,loc-ar-prov-corrientes,"Lavalle",18091030,Localidad simple
loc-ar-loc-georef-18063020,loc-ar-prov-corrientes,"Lomas de Vallejos",18063020,Localidad simple
loc-ar-loc-georef-18154010,loc-ar-prov-corrientes,"Loreto",18154010,Localidad simple
loc-ar-loc-georef-18105020,loc-ar-prov-corrientes,"Mariano I. Loza",18105020,Localidad simple
loc-ar-loc-georef-18098010,loc-ar-prov-corrientes,"Mburucuyá",18098010,Localidad simple
loc-ar-loc-georef-18105030,loc-ar-prov-corrientes,"Mercedes",18105030,Localidad simple
loc-ar-loc-georef-18112040,loc-ar-prov-corrientes,"Mocoretá",18112040,Localidad simple
loc-ar-loc-georef-18112050,loc-ar-prov-corrientes,"Monte Caseros",18112050,Localidad simple
loc-ar-loc-georef-18063030,loc-ar-prov-corrientes,"Nuestra Señora del Rosario de Caá Catí",18063030,Localidad simple
loc-ar-loc-georef-18063040,loc-ar-prov-corrientes,"Palmar Grande",18063040,Localidad simple
loc-ar-loc-georef-18112060,loc-ar-prov-corrientes,"Parada Acuña",18112060,Localidad simple
loc-ar-loc-georef-18112070,loc-ar-prov-corrientes,"Parada Labougle",18112070,Localidad simple
loc-ar-loc-georef-18119020,loc-ar-prov-corrientes,"Parada Pucheta",18119020,Localidad simple
loc-ar-loc-georef-18133020,loc-ar-prov-corrientes,"Paso de la Patria",18133020,Localidad simple
loc-ar-loc-georef-18119030,loc-ar-prov-corrientes,"Paso de los Libres",18119030,Localidad simple
loc-ar-loc-georef-18161040,loc-ar-prov-corrientes,"Pedro R. Fernández",18161040,Localidad simple
loc-ar-loc-georef-18035030,loc-ar-prov-corrientes,"Perugorría",18035030,Localidad simple
loc-ar-loc-georef-18049020,loc-ar-prov-corrientes,"Pueblo Libertador",18049020,Localidad simple
loc-ar-loc-georef-18077020,loc-ar-prov-corrientes,"Ramada Paso",18077020,Localidad simple
loc-ar-loc-georef-18021040,loc-ar-prov-corrientes,"Riachuelo",18021040,Localidad simple
loc-ar-loc-georef-18126010,loc-ar-prov-corrientes,"Saladas",18126010,Localidad simple
loc-ar-loc-georef-18084030,loc-ar-prov-corrientes,"San Antonio",18084030,Localidad simple
loc-ar-loc-georef-18084040,loc-ar-prov-corrientes,"San Carlos",18084040,Localidad simple
loc-ar-loc-georef-18021050,loc-ar-prov-corrientes,"San Cayetano",18021050,Localidad simple
loc-ar-loc-georef-18133030,loc-ar-prov-corrientes,"San Cosme",18133030,Localidad simple
loc-ar-loc-georef-18126020,loc-ar-prov-corrientes,"San Lorenzo",18126020,Localidad simple
loc-ar-loc-georef-18140010,loc-ar-prov-corrientes,"San Luis del Palmar",18140010,Localidad simple
loc-ar-loc-georef-18154020,loc-ar-prov-corrientes,"San Miguel",18154020,Localidad simple
loc-ar-loc-georef-18161050,loc-ar-prov-corrientes,"San Roque",18161050,Localidad simple
loc-ar-loc-georef-18133040,loc-ar-prov-corrientes,"Santa Ana",18133040,Localidad simple
loc-ar-loc-georef-18091040,loc-ar-prov-corrientes,"Santa Lucía",18091040,Localidad simple
loc-ar-loc-georef-18028020,loc-ar-prov-corrientes,"Santa Rosa",18028020,Localidad simple
loc-ar-loc-georef-18168040,loc-ar-prov-corrientes,"Santo Tomé",18168040,Localidad simple
loc-ar-loc-georef-18175010,loc-ar-prov-corrientes,"Sauce",18175010,Localidad simple
loc-ar-loc-georef-18028030,loc-ar-prov-corrientes,"Tabay",18028030,Localidad simple
loc-ar-loc-georef-18119040,loc-ar-prov-corrientes,"Tapebicuá",18119040,Localidad simple
loc-ar-loc-georef-18028040,loc-ar-prov-corrientes,"Tatacua",18028040,Localidad simple
loc-ar-loc-georef-18091050,loc-ar-prov-corrientes,"Villa Córdoba",18091050,Localidad simple
loc-ar-loc-georef-18084050,loc-ar-prov-corrientes,"Villa Olivari",18084050,Localidad simple
loc-ar-loc-georef-18014020,loc-ar-prov-corrientes,"Yahapé",18014020,Localidad simple
loc-ar-loc-georef-18147040,loc-ar-prov-corrientes,"Yapeyú",18147040,Localidad simple
loc-ar-loc-georef-18091060,loc-ar-prov-corrientes,"Yatayti Calle",18091060,Localidad simple
loc-ar-loc-georef-30098090,loc-ar-prov-entre-rios,"1º de Mayo",30098090,Localidad simple
loc-ar-loc-georef-30070005,loc-ar-prov-entre-rios,"Alcaraz",30070005,Localidad simple
loc-ar-loc-georef-30049010,loc-ar-prov-entre-rios,"Aldea Asunción",30049010,Localidad simple
loc-ar-loc-georef-30021010,loc-ar-prov-entre-rios,"Aldea Brasilera",30021010,Localidad simple
loc-ar-loc-georef-30021015,loc-ar-prov-entre-rios,"Aldea Grapschental",30021015,Localidad simple
loc-ar-loc-georef-30084010,loc-ar-prov-entre-rios,"Aldea María Luisa",30084010,Localidad simple
loc-ar-loc-georef-30021020,loc-ar-prov-entre-rios,"Aldea Protestante",30021020,Localidad simple
loc-ar-loc-georef-30021030,loc-ar-prov-entre-rios,"Aldea Salto",30021030,Localidad simple
loc-ar-loc-georef-30056010,loc-ar-prov-entre-rios,"Aldea San Antonio",30056010,Localidad simple
loc-ar-loc-georef-30021040,loc-ar-prov-entre-rios,"Aldea San Francisco",30021040,Localidad simple
loc-ar-loc-georef-30035020,loc-ar-prov-entre-rios,"Aldea San Isidro (El Cimarrón)",30035020,Localidad simple
loc-ar-loc-georef-30056020,loc-ar-prov-entre-rios,"Aldea San Juan",30056020,Localidad simple
loc-ar-loc-georef-30084020,loc-ar-prov-entre-rios,"Aldea San Rafael",30084020,Localidad simple
loc-ar-loc-georef-30084030,loc-ar-prov-entre-rios,"Aldea Santa María",30084030,Localidad simple
loc-ar-loc-georef-30084040,loc-ar-prov-entre-rios,"Aldea Santa Rosa",30084040,Localidad simple
loc-ar-loc-georef-30021050,loc-ar-prov-entre-rios,"Aldea Spatzenkutter",30021050,Localidad simple
loc-ar-loc-georef-30021060,loc-ar-prov-entre-rios,"Aldea Valle María",30021060,Localidad simple
loc-ar-loc-georef-30091010,loc-ar-prov-entre-rios,"Altamirano Sur",30091010,Localidad simple
loc-ar-loc-georef-30105010,loc-ar-prov-entre-rios,"Antelo",30105010,Localidad simple
loc-ar-loc-georef-30077010,loc-ar-prov-entre-rios,"Aranguren",30077010,Localidad simple
loc-ar-loc-georef-30008010,loc-ar-prov-entre-rios,"Arroyo Barú",30008010,Localidad simple
loc-ar-loc-georef-30098010,loc-ar-prov-entre-rios,"Basavilbaso",30098010,Localidad simple
loc-ar-loc-georef-3001506001,loc-ar-prov-entre-rios,"Benito Legerén",3001506001,Entidad
loc-ar-loc-georef-30077020,loc-ar-prov-entre-rios,"Betbeder",30077020,Localidad simple
loc-ar-loc-georef-30070010,loc-ar-prov-entre-rios,"Bovril",30070010,Localidad simple
loc-ar-loc-georef-30015010,loc-ar-prov-entre-rios,"Calabacilla",30015010,Localidad simple
loc-ar-loc-georef-30098020,loc-ar-prov-entre-rios,"Caseros",30098020,Localidad simple
loc-ar-loc-georef-30063020,loc-ar-prov-entre-rios,"Ceibas",30063020,Localidad simple
loc-ar-loc-georef-30084050,loc-ar-prov-entre-rios,"Cerrito",30084050,Localidad simple
loc-ar-loc-georef-30028010,loc-ar-prov-entre-rios,"Chajarí",30028010,Localidad simple
loc-ar-loc-georef-30015020,loc-ar-prov-entre-rios,"Clodomiro Ledesma",30015020,Localidad simple
loc-ar-loc-georef-30008020,loc-ar-prov-entre-rios,"Colón",30008020,Localidad simple
loc-ar-loc-georef-30028020,loc-ar-prov-entre-rios,"Colonia Alemana",30028020,Localidad simple
loc-ar-loc-georef-30084060,loc-ar-prov-entre-rios,"Colonia Avellaneda",30084060,Componente de localidad compuesta
loc-ar-loc-georef-30070020,loc-ar-prov-entre-rios,"Colonia Avigdor",30070020,Localidad simple
loc-ar-loc-georef-30015030,loc-ar-prov-entre-rios,"Colonia Ayuí",30015030,Localidad simple
loc-ar-loc-georef-30084065,loc-ar-prov-entre-rios,"Colonia Crespo",30084065,Localidad simple
loc-ar-loc-georef-30098030,loc-ar-prov-entre-rios,"Colonia Elía",30098030,Localidad simple
loc-ar-loc-georef-30021070,loc-ar-prov-entre-rios,"Colonia Ensayo",30021070,Localidad simple
loc-ar-loc-georef-30015040,loc-ar-prov-entre-rios,"Colonia General Roca",30015040,Localidad simple
loc-ar-loc-georef-30008030,loc-ar-prov-entre-rios,"Colonia Hugues",30008030,Localidad simple
loc-ar-loc-georef-30028040,loc-ar-prov-entre-rios,"Colonia La Argentina",30028040,Localidad simple
loc-ar-loc-georef-30098040,loc-ar-prov-entre-rios,"Concepción del Uruguay",30098040,Localidad simple
loc-ar-loc-georef-30015060,loc-ar-prov-entre-rios,"Concordia",30015060,Localidad simple
loc-ar-loc-georef-30035010,loc-ar-prov-entre-rios,"Conscripto Bernardi",30035010,Localidad simple
loc-ar-loc-georef-30084070,loc-ar-prov-entre-rios,"Crespo",30084070,Localidad simple
loc-ar-loc-georef-30021080,loc-ar-prov-entre-rios,"Diamante",30021080,Localidad simple
loc-ar-loc-georef-30077030,loc-ar-prov-entre-rios,"Don Cristóbal",30077030,Localidad simple
loc-ar-loc-georef-30091020,loc-ar-prov-entre-rios,"Durazno",30091020,Localidad simple
loc-ar-loc-georef-3000809001,loc-ar-prov-entre-rios,"El Brillante",3000809001,Entidad
loc-ar-loc-georef-3000809002,loc-ar-prov-entre-rios,"El Colorado",3000809002,Entidad
loc-ar-loc-georef-30084080,loc-ar-prov-entre-rios,"El Palenque",30084080,Localidad simple
loc-ar-loc-georef-30084090,loc-ar-prov-entre-rios,"El Pingo",30084090,Localidad simple
loc-ar-loc-georef-30084095,loc-ar-prov-entre-rios,"El Ramblón",30084095,Localidad simple
loc-ar-loc-georef-30070030,loc-ar-prov-entre-rios,"El Solar",30070030,Localidad simple
loc-ar-loc-georef-30056030,loc-ar-prov-entre-rios,"Enrique Carbó",30056030,Localidad simple
loc-ar-loc-georef-30091030,loc-ar-prov-entre-rios,"Estación Arroyo Clé",30091030,Localidad simple
loc-ar-loc-georef-30021090,loc-ar-prov-entre-rios,"Estación Camps",30021090,Localidad simple
loc-ar-loc-georef-30056035,loc-ar-prov-entre-rios,"Estación Escriña",30056035,Localidad simple
loc-ar-loc-georef-30049020,loc-ar-prov-entre-rios,"Estación Lazo",30049020,Localidad simple
loc-ar-loc-georef-3002115001,loc-ar-prov-entre-rios,"Estación Puiggari",3002115001,Entidad
loc-ar-loc-georef-30113010,loc-ar-prov-entre-rios,"Estación Raíces",30113010,Localidad simple
loc-ar-loc-georef-30015080,loc-ar-prov-entre-rios,"Estación Yeruá",30015080,Localidad simple
loc-ar-loc-georef-30015083,loc-ar-prov-entre-rios,"Estación Yuquerí",30015083,Localidad simple
loc-ar-loc-georef-30015087,loc-ar-prov-entre-rios,"Estancia Grande",30015087,Localidad simple
loc-ar-loc-georef-30056040,loc-ar-prov-entre-rios,"Faustino M. Parera",30056040,Localidad simple
loc-ar-loc-georef-30077040,loc-ar-prov-entre-rios,"Febré",30077040,Localidad simple
loc-ar-loc-georef-30028070,loc-ar-prov-entre-rios,"Federación",30028070,Localidad simple
loc-ar-loc-georef-30035030,loc-ar-prov-entre-rios,"Federal",30035030,Localidad simple
loc-ar-loc-georef-30056050,loc-ar-prov-entre-rios,"General Almada",30056050,Localidad simple
loc-ar-loc-georef-30021100,loc-ar-prov-entre-rios,"General Alvear",30021100,Localidad simple
loc-ar-loc-georef-30088010,loc-ar-prov-entre-rios,"General Campos",30088010,Localidad simple
loc-ar-loc-georef-30049030,loc-ar-prov-entre-rios,"General Galarza",30049030,Localidad simple
loc-ar-loc-georef-30021110,loc-ar-prov-entre-rios,"General Racedo (El Carmen)",30021110,Localidad simple
loc-ar-loc-georef-30021120,loc-ar-prov-entre-rios,"General Ramírez",30021120,Localidad simple
loc-ar-loc-georef-30056060,loc-ar-prov-entre-rios,"Gilbert",30056060,Localidad simple
loc-ar-loc-georef-30091040,loc-ar-prov-entre-rios,"Gobernador Echagüe",30091040,Localidad simple
loc-ar-loc-georef-30091050,loc-ar-prov-entre-rios,"Gobernador Mansilla",30091050,Localidad simple
loc-ar-loc-georef-30091060,loc-ar-prov-entre-rios,"Gobernador Solá",30091060,Localidad simple
loc-ar-loc-georef-30049040,loc-ar-prov-entre-rios,"Gualeguay",30049040,Localidad simple
loc-ar-loc-georef-30056070,loc-ar-prov-entre-rios,"Gualeguaychú",30056070,Componente de localidad compuesta
loc-ar-loc-georef-30091070,loc-ar-prov-entre-rios,"Guardamonte",30091070,Localidad simple
loc-ar-loc-georef-30008040,loc-ar-prov-entre-rios,"Hambis",30008040,Localidad simple
loc-ar-loc-georef-30084100,loc-ar-prov-entre-rios,"Hasenkamp",30084100,Localidad simple
loc-ar-loc-georef-30084110,loc-ar-prov-entre-rios,"Hernandarias",30084110,Localidad simple
loc-ar-loc-georef-30077050,loc-ar-prov-entre-rios,"Hernández",30077050,Localidad simple
loc-ar-loc-georef-30098060,loc-ar-prov-entre-rios,"Herrera",30098060,Localidad simple
loc-ar-loc-georef-30008050,loc-ar-prov-entre-rios,"Hocker",30008050,Localidad simple
loc-ar-loc-georef-30063030,loc-ar-prov-entre-rios,"Ibicuy",30063030,Localidad simple
loc-ar-loc-georef-30113020,loc-ar-prov-entre-rios,"Ingeniero Miguel Sajaroff",30113020,Localidad simple
loc-ar-loc-georef-30056080,loc-ar-prov-entre-rios,"Irazusta",30056080,Localidad simple
loc-ar-loc-georef-30113030,loc-ar-prov-entre-rios,"Jubileo",30113030,Localidad simple
loc-ar-loc-georef-30008060,loc-ar-prov-entre-rios,"La Clarita",30008060,Localidad simple
loc-ar-loc-georef-30015090,loc-ar-prov-entre-rios,"La Criolla",30015090,Localidad simple
loc-ar-loc-georef-30021123,loc-ar-prov-entre-rios,"La Juanita",30021123,Localidad simple
loc-ar-loc-georef-30070040,loc-ar-prov-entre-rios,"La Paz",30070040,Localidad simple
loc-ar-loc-georef-30084120,loc-ar-prov-entre-rios,"La Picada",30084120,Localidad simple
loc-ar-loc-georef-30056090,loc-ar-prov-entre-rios,"Larroque",30056090,Localidad simple
loc-ar-loc-georef-30091080,loc-ar-prov-entre-rios,"Las Guachas",30091080,Localidad simple
loc-ar-loc-georef-30021127,loc-ar-prov-entre-rios,"Las Jaulas",30021127,Localidad simple
loc-ar-loc-georef-30098070,loc-ar-prov-entre-rios,"Las Moscas",30098070,Localidad simple
loc-ar-loc-georef-3001506003,loc-ar-prov-entre-rios,"Las Tejas",3001506003,Entidad
loc-ar-loc-georef-30084130,loc-ar-prov-entre-rios,"Las Tunas",30084130,Localidad simple
loc-ar-loc-georef-30098080,loc-ar-prov-entre-rios,"Líbaros",30098080,Localidad simple
loc-ar-loc-georef-30015100,loc-ar-prov-entre-rios,"Los Charrúas",30015100,Localidad simple
loc-ar-loc-georef-30028080,loc-ar-prov-entre-rios,"Los Conquistadores",30028080,Localidad simple
loc-ar-loc-georef-30077060,loc-ar-prov-entre-rios,"Lucas González",30077060,Localidad simple
loc-ar-loc-georef-30091090,loc-ar-prov-entre-rios,"Maciá",30091090,Localidad simple
loc-ar-loc-georef-30084140,loc-ar-prov-entre-rios,"María Grande",30084140,Localidad simple
loc-ar-loc-georef-30063040,loc-ar-prov-entre-rios,"Médanos",30063040,Localidad simple
loc-ar-loc-georef-30105040,loc-ar-prov-entre-rios,"Molino Doll",30105040,Localidad simple
loc-ar-loc-georef-30077070,loc-ar-prov-entre-rios,"Nogoyá",30077070,Localidad simple
loc-ar-loc-georef-30015110,loc-ar-prov-entre-rios,"Nueva Escocia",30015110,Localidad simple
loc-ar-loc-georef-30035040,loc-ar-prov-entre-rios,"Nueva Vizcaya",30035040,Localidad simple
loc-ar-loc-georef-30084150,loc-ar-prov-entre-rios,"Oro Verde",30084150,Componente de localidad compuesta
loc-ar-loc-georef-30015120,loc-ar-prov-entre-rios,"Osvaldo Magnasco",30015120,Localidad simple
loc-ar-loc-georef-30021130,loc-ar-prov-entre-rios,"Paraje La Virgen",30021130,Localidad simple
loc-ar-loc-georef-30084160,loc-ar-prov-entre-rios,"Paraná",30084160,Componente de localidad compuesta
loc-ar-loc-georef-30113050,loc-ar-prov-entre-rios,"Paso de la Laguna",30113050,Localidad simple
loc-ar-loc-georef-30056095,loc-ar-prov-entre-rios,"Pastor Britos",30056095,Localidad simple
loc-ar-loc-georef-30015130,loc-ar-prov-entre-rios,"Pedernal",30015130,Localidad simple
loc-ar-loc-georef-30070050,loc-ar-prov-entre-rios,"Piedras Blancas",30070050,Localidad simple
loc-ar-loc-georef-30098100,loc-ar-prov-entre-rios,"Pronunciamiento",30098100,Localidad simple
loc-ar-loc-georef-30084170,loc-ar-prov-entre-rios,"Pueblo Bellocq (Las Garzas)",30084170,Localidad simple
loc-ar-loc-georef-30084180,loc-ar-prov-entre-rios,"Pueblo Brugo",30084180,Localidad simple
loc-ar-loc-georef-30008070,loc-ar-prov-entre-rios,"Pueblo Cazes",30008070,Localidad simple
loc-ar-loc-georef-30056100,loc-ar-prov-entre-rios,"Pueblo General Belgrano",30056100,Componente de localidad compuesta
loc-ar-loc-georef-30084190,loc-ar-prov-entre-rios,"Pueblo General San Martín",30084190,Localidad simple
loc-ar-loc-georef-30008080,loc-ar-prov-entre-rios,"Pueblo Liebig's",30008080,Localidad simple
loc-ar-loc-georef-3008405002,loc-ar-prov-entre-rios,"Pueblo Moreno",3008405002,Entidad
loc-ar-loc-georef-30021140,loc-ar-prov-entre-rios,"Puerto Las Cuevas",30021140,Localidad simple
loc-ar-loc-georef-30049050,loc-ar-prov-entre-rios,"Puerto Ruiz",30049050,Localidad simple
loc-ar-loc-georef-30015140,loc-ar-prov-entre-rios,"Puerto Yeruá",30015140,Localidad simple
loc-ar-loc-georef-30098110,loc-ar-prov-entre-rios,"Rocamora",30098110,Localidad simple
loc-ar-loc-georef-30091100,loc-ar-prov-entre-rios,"Rosario del Tala",30091100,Localidad simple
loc-ar-loc-georef-30084200,loc-ar-prov-entre-rios,"San Benito",30084200,Componente de localidad compuesta
loc-ar-loc-georef-30070070,loc-ar-prov-entre-rios,"San Gustavo",30070070,Localidad simple
loc-ar-loc-georef-30028090,loc-ar-prov-entre-rios,"San Jaime de la Frontera",30028090,Localidad simple
loc-ar-loc-georef-30008090,loc-ar-prov-entre-rios,"San José",30008090,Localidad simple
loc-ar-loc-georef-30042010,loc-ar-prov-entre-rios,"San José de Feliciano",30042010,Localidad simple
loc-ar-loc-georef-30028100,loc-ar-prov-entre-rios,"San Pedro",30028100,Localidad simple
loc-ar-loc-georef-30028105,loc-ar-prov-entre-rios,"San Ramón",30028105,Localidad simple
loc-ar-loc-georef-30088020,loc-ar-prov-entre-rios,"San Salvador",30088020,Localidad simple
loc-ar-loc-georef-30042020,loc-ar-prov-entre-rios,"San Víctor",30042020,Localidad simple
loc-ar-loc-georef-30028110,loc-ar-prov-entre-rios,"Santa Ana",30028110,Localidad simple
loc-ar-loc-georef-30098120,loc-ar-prov-entre-rios,"Santa Anita",30098120,Localidad simple
loc-ar-loc-georef-30070080,loc-ar-prov-entre-rios,"Santa Elena",30070080,Localidad simple
loc-ar-loc-georef-30035050,loc-ar-prov-entre-rios,"Sauce de Luna",30035050,Localidad simple
loc-ar-loc-georef-30084210,loc-ar-prov-entre-rios,"Sauce Montrull",30084210,Componente de localidad compuesta
loc-ar-loc-georef-30084220,loc-ar-prov-entre-rios,"Sauce Pinto",30084220,Localidad simple
loc-ar-loc-georef-30084230,loc-ar-prov-entre-rios,"Seguí",30084230,Localidad simple
loc-ar-loc-georef-30070090,loc-ar-prov-entre-rios,"Sir Leonard",30070090,Localidad simple
loc-ar-loc-georef-30084240,loc-ar-prov-entre-rios,"Sosa",30084240,Localidad simple
loc-ar-loc-georef-3002108002,loc-ar-prov-entre-rios,"Strobel",3002108002,Entidad
loc-ar-loc-georef-30084250,loc-ar-prov-entre-rios,"Tabossi",30084250,Localidad simple
loc-ar-loc-georef-30084260,loc-ar-prov-entre-rios,"Tezanos Pinto",30084260,Localidad simple
loc-ar-loc-georef-30008100,loc-ar-prov-entre-rios,"Ubajay",30008100,Localidad simple
loc-ar-loc-georef-30056110,loc-ar-prov-entre-rios,"Urdinarrain",30056110,Localidad simple
loc-ar-loc-georef-30084270,loc-ar-prov-entre-rios,"Viale",30084270,Localidad simple
loc-ar-loc-georef-30105060,loc-ar-prov-entre-rios,"Victoria",30105060,Localidad simple
loc-ar-loc-georef-3001506002,loc-ar-prov-entre-rios,"Villa Adela",3001506002,Entidad
loc-ar-loc-georef-30113060,loc-ar-prov-entre-rios,"Villa Clara",30113060,Localidad simple
loc-ar-loc-georef-30028120,loc-ar-prov-entre-rios,"Villa del Rosario",30028120,Localidad simple
loc-ar-loc-georef-30113070,loc-ar-prov-entre-rios,"Villa Domínguez",30113070,Localidad simple
loc-ar-loc-georef-30008110,loc-ar-prov-entre-rios,"Villa Elisa",30008110,Localidad simple
loc-ar-loc-georef-30084280,loc-ar-prov-entre-rios,"Villa Fontana",30084280,Localidad simple
loc-ar-loc-georef-30084290,loc-ar-prov-entre-rios,"Villa Gdor. Luis F. Etchevehere",30084290,Localidad simple
loc-ar-loc-georef-30021150,loc-ar-prov-entre-rios,"Villa Libertador San Martín",30021150,Localidad simple
loc-ar-loc-georef-30098130,loc-ar-prov-entre-rios,"Villa Mantero",30098130,Localidad simple
loc-ar-loc-georef-30063060,loc-ar-prov-entre-rios,"Villa Paranacito",30063060,Localidad simple
loc-ar-loc-georef-30098140,loc-ar-prov-entre-rios,"Villa San Justo",30098140,Localidad simple
loc-ar-loc-georef-30098150,loc-ar-prov-entre-rios,"Villa San Marcial (Est. Gobernador Urquiza)",30098150,Localidad simple
loc-ar-loc-georef-30084300,loc-ar-prov-entre-rios,"Villa Urquiza",30084300,Localidad simple
loc-ar-loc-georef-3001506007,loc-ar-prov-entre-rios,"Villa Zorraquín",3001506007,Entidad
loc-ar-loc-georef-30113080,loc-ar-prov-entre-rios,"Villaguay",30113080,Localidad simple
loc-ar-loc-georef-30077080,loc-ar-prov-entre-rios,"XX de Setiembre",30077080,Localidad simple
loc-ar-loc-georef-34021010,loc-ar-prov-formosa,"Banco Payaguá",34021010,Localidad simple
loc-ar-loc-georef-34035010,loc-ar-prov-formosa,"Bartolomé de las Casas",34035010,Localidad simple
loc-ar-loc-georef-34042010,loc-ar-prov-formosa,"Buena Vista",34042010,Localidad simple
loc-ar-loc-georef-34049010,loc-ar-prov-formosa,"Clorinda",34049010,Localidad simple
loc-ar-loc-georef-34056010,loc-ar-prov-formosa,"Colonia Campo Villafañe",34056010,Localidad simple
loc-ar-loc-georef-34014010,loc-ar-prov-formosa,"Colonia Pastoril",34014010,Localidad simple
loc-ar-loc-georef-34035020,loc-ar-prov-formosa,"Colonia Sarmiento",34035020,Localidad simple
loc-ar-loc-georef-34035030,loc-ar-prov-formosa,"Comandante Fontana",34035030,Localidad simple
loc-ar-loc-georef-3403501002,loc-ar-prov-formosa,"Comunidad Aborigen Bartolomé de las Casas",3403501002,Entidad
loc-ar-loc-georef-34056020,loc-ar-prov-formosa,"El Colorado",34056020,Localidad simple
loc-ar-loc-georef-34042020,loc-ar-prov-formosa,"El Espinillo",34042020,Localidad simple
loc-ar-loc-georef-34063010,loc-ar-prov-formosa,"El Potrillo",34063010,Localidad simple
loc-ar-loc-georef-34063030,loc-ar-prov-formosa,"El Quebracho",34063030,Localidad simple
loc-ar-loc-georef-34035040,loc-ar-prov-formosa,"El Recreo",34035040,Localidad simple
loc-ar-loc-georef-34035050,loc-ar-prov-formosa,"Estanislao del Campo",34035050,Localidad simple
loc-ar-loc-georef-34014020,loc-ar-prov-formosa,"Formosa",34014020,Localidad simple
loc-ar-loc-georef-34035060,loc-ar-prov-formosa,"Fortín Cabo 1º Lugones",34035060,Localidad simple
loc-ar-loc-georef-34035070,loc-ar-prov-formosa,"Fortín Sargento 1º Leyes",34035070,Localidad simple
loc-ar-loc-georef-34007003,loc-ar-prov-formosa,"Fortín Soledad",34007003,Localidad simple
loc-ar-loc-georef-34021020,loc-ar-prov-formosa,"General Lucio V. Mansilla",34021020,Localidad simple
loc-ar-loc-georef-34063020,loc-ar-prov-formosa,"General Mosconi",34063020,Localidad simple
loc-ar-loc-georef-34014030,loc-ar-prov-formosa,"Gran Guardia",34014030,Localidad simple
loc-ar-loc-georef-34007005,loc-ar-prov-formosa,"Guadalcazar",34007005,Localidad simple
loc-ar-loc-georef-34021030,loc-ar-prov-formosa,"Herradura",34021030,Localidad simple
loc-ar-loc-georef-34035080,loc-ar-prov-formosa,"Ibarreta",34035080,Localidad simple
loc-ar-loc-georef-34028010,loc-ar-prov-formosa,"Ingeniero Guillermo N. Juárez",34028010,Localidad simple
loc-ar-loc-georef-34035090,loc-ar-prov-formosa,"Juan G. Bazán",34035090,Localidad simple
loc-ar-loc-georef-34007007,loc-ar-prov-formosa,"La Rinconada",34007007,Localidad simple
loc-ar-loc-georef-34049020,loc-ar-prov-formosa,"Laguna Blanca",34049020,Localidad simple
loc-ar-loc-georef-34042030,loc-ar-prov-formosa,"Laguna Gallo",34042030,Localidad simple
loc-ar-loc-georef-34049030,loc-ar-prov-formosa,"Laguna Naick-Neck",34049030,Localidad simple
loc-ar-loc-georef-34007010,loc-ar-prov-formosa,"Laguna Yema",34007010,Localidad simple
loc-ar-loc-georef-34007015,loc-ar-prov-formosa,"Lamadrid",34007015,Localidad simple
loc-ar-loc-georef-34035100,loc-ar-prov-formosa,"Las Lomitas",34035100,Localidad simple
loc-ar-loc-georef-34007020,loc-ar-prov-formosa,"Los Chiriguanos",34007020,Localidad simple
loc-ar-loc-georef-34014040,loc-ar-prov-formosa,"Mariano Boedo",34014040,Localidad simple
loc-ar-loc-georef-34042040,loc-ar-prov-formosa,"Misión Tacaaglé",34042040,Localidad simple
loc-ar-loc-georef-34014050,loc-ar-prov-formosa,"Mojón de Fierro",34014050,Localidad simple
loc-ar-loc-georef-34049040,loc-ar-prov-formosa,"Palma Sola",34049040,Localidad simple
loc-ar-loc-georef-34056030,loc-ar-prov-formosa,"Palo Santo",34056030,Localidad simple
loc-ar-loc-georef-34056040,loc-ar-prov-formosa,"Pirané",34056040,Localidad simple
loc-ar-loc-georef-34042050,loc-ar-prov-formosa,"Portón Negro",34042050,Localidad simple
loc-ar-loc-georef-34035110,loc-ar-prov-formosa,"Posta Cambio Zalazar",34035110,Localidad simple
loc-ar-loc-georef-34007030,loc-ar-prov-formosa,"Pozo de Maza",34007030,Localidad simple
loc-ar-loc-georef-34007040,loc-ar-prov-formosa,"Pozo del Mortero",34007040,Localidad simple
loc-ar-loc-georef-34035120,loc-ar-prov-formosa,"Pozo del Tigre",34035120,Localidad simple
loc-ar-loc-georef-34049050,loc-ar-prov-formosa,"Puerto Pilcomayo",34049050,Localidad simple
loc-ar-loc-georef-34049060,loc-ar-prov-formosa,"Riacho He-He",34049060,Localidad simple
loc-ar-loc-georef-34049070,loc-ar-prov-formosa,"Riacho Negro",34049070,Localidad simple
loc-ar-loc-georef-34021040,loc-ar-prov-formosa,"San Francisco de Laishi",34021040,Localidad simple
loc-ar-loc-georef-34014060,loc-ar-prov-formosa,"San Hilario",34014060,Localidad simple
loc-ar-loc-georef-34035130,loc-ar-prov-formosa,"San Martín I",34035130,Localidad simple
loc-ar-loc-georef-34035140,loc-ar-prov-formosa,"San Martín II",34035140,Localidad simple
loc-ar-loc-georef-34049080,loc-ar-prov-formosa,"Siete Palmas",34049080,Localidad simple
loc-ar-loc-georef-34035150,loc-ar-prov-formosa,"Subteniente Perín",34035150,Localidad simple
loc-ar-loc-georef-34021050,loc-ar-prov-formosa,"Tatané",34021050,Localidad simple
loc-ar-loc-georef-34042060,loc-ar-prov-formosa,"Tres Lagunas",34042060,Localidad simple
loc-ar-loc-georef-34007050,loc-ar-prov-formosa,"Vaca Perdida",34007050,Localidad simple
loc-ar-loc-georef-34021060,loc-ar-prov-formosa,"Villa Escolar",34021060,Localidad simple
loc-ar-loc-georef-34035160,loc-ar-prov-formosa,"Villa General Güemes",34035160,Localidad simple
loc-ar-loc-georef-34035170,loc-ar-prov-formosa,"Villa General Manuel Belgrano",34035170,Localidad simple
loc-ar-loc-georef-34056050,loc-ar-prov-formosa,"Villa Kilómetro 213",34056050,Localidad simple
loc-ar-loc-georef-38007010,loc-ar-prov-jujuy,"Abdón Castro Tolay",38007010,Localidad simple
loc-ar-loc-georef-38007020,loc-ar-prov-jujuy,"Abra Pampa",38007020,Localidad simple
loc-ar-loc-georef-38007030,loc-ar-prov-jujuy,"Abralaite",38007030,Localidad simple
loc-ar-loc-georef-38007035,loc-ar-prov-jujuy,"Agua de Castilla",38007035,Localidad simple
loc-ar-loc-georef-38014010,loc-ar-prov-jujuy,"Aguas Calientes",38014010,Localidad simple
loc-ar-loc-georef-38028003,loc-ar-prov-jujuy,"Aparzo",38028003,Localidad simple
loc-ar-loc-georef-38063010,loc-ar-prov-jujuy,"Arrayanal",38063010,Localidad simple
loc-ar-loc-georef-38063020,loc-ar-prov-jujuy,"Arroyo Colorado",38063020,Localidad simple
loc-ar-loc-georef-38035010,loc-ar-prov-jujuy,"Bananal",38035010,Localidad simple
loc-ar-loc-georef-38098010,loc-ar-prov-jujuy,"Bárcena",38098010,Localidad simple
loc-ar-loc-georef-38014020,loc-ar-prov-jujuy,"Barrio El Milagro",38014020,Localidad simple
loc-ar-loc-georef-38014030,loc-ar-prov-jujuy,"Barrio La Unión",38014030,Localidad simple
loc-ar-loc-georef-38112010,loc-ar-prov-jujuy,"Barrios",38112010,Localidad simple
loc-ar-loc-georef-38035020,loc-ar-prov-jujuy,"Bermejito",38035020,Localidad simple
loc-ar-loc-georef-38035030,loc-ar-prov-jujuy,"Caimancito",38035030,Localidad simple
loc-ar-loc-georef-38035040,loc-ar-prov-jujuy,"Calilegua",38035040,Localidad simple
loc-ar-loc-georef-38112020,loc-ar-prov-jujuy,"Cangrejillos",38112020,Localidad simple
loc-ar-loc-georef-38042010,loc-ar-prov-jujuy,"Carahunco",38042010,Localidad simple
loc-ar-loc-georef-38049003,loc-ar-prov-jujuy,"Casa Colorada",38049003,Localidad simple
loc-ar-loc-georef-38007040,loc-ar-prov-jujuy,"Casabindo",38007040,Localidad simple
loc-ar-loc-georef-38077010,loc-ar-prov-jujuy,"Casira",38077010,Localidad simple
loc-ar-loc-georef-38105010,loc-ar-prov-jujuy,"Caspalá",38105010,Localidad simple
loc-ar-loc-georef-38084010,loc-ar-prov-jujuy,"Catua",38084010,Localidad simple
loc-ar-loc-georef-38042020,loc-ar-prov-jujuy,"Centro Forestal",38042020,Localidad simple
loc-ar-loc-georef-38035050,loc-ar-prov-jujuy,"Chalicán",38035050,Localidad simple
loc-ar-loc-georef-38028007,loc-ar-prov-jujuy,"Cianzo",38028007,Localidad simple
loc-ar-loc-georef-38077020,loc-ar-prov-jujuy,"Ciénega de Paicone",38077020,Localidad simple
loc-ar-loc-georef-38077030,loc-ar-prov-jujuy,"Cieneguillas",38077030,Localidad simple
loc-ar-loc-georef-38007050,loc-ar-prov-jujuy,"Cochinoca",38007050,Localidad simple
loc-ar-loc-georef-38028010,loc-ar-prov-jujuy,"Coctaca",38028010,Localidad simple
loc-ar-loc-georef-38094010,loc-ar-prov-jujuy,"Colonia San José",38094010,Localidad simple
loc-ar-loc-georef-38084020,loc-ar-prov-jujuy,"Coranzuli",38084020,Localidad simple
loc-ar-loc-georef-38049007,loc-ar-prov-jujuy,"Coyaguaima",38049007,Localidad simple
loc-ar-loc-georef-38077040,loc-ar-prov-jujuy,"Cusi Cusi",38077040,Localidad simple
loc-ar-loc-georef-38063030,loc-ar-prov-jujuy,"Don Emilio",38063030,Localidad simple
loc-ar-loc-georef-38063040,loc-ar-prov-jujuy,"El Acheral",38063040,Localidad simple
loc-ar-loc-georef-38028020,loc-ar-prov-jujuy,"El Aguilar",38028020,Localidad simple
loc-ar-loc-georef-38077045,loc-ar-prov-jujuy,"El Angosto",38077045,Localidad simple
loc-ar-loc-georef-38014040,loc-ar-prov-jujuy,"El Carmen",38014040,Localidad simple
loc-ar-loc-georef-38056010,loc-ar-prov-jujuy,"El Ceibal",38056010,Localidad simple
loc-ar-loc-georef-38112030,loc-ar-prov-jujuy,"El Cóndor",38112030,Localidad simple
loc-ar-loc-georef-38070010,loc-ar-prov-jujuy,"El Fuerte",38070010,Localidad simple
loc-ar-loc-georef-38098020,loc-ar-prov-jujuy,"El Moreno",38098020,Localidad simple
loc-ar-loc-georef-38070020,loc-ar-prov-jujuy,"El Piquete",38070020,Localidad simple
loc-ar-loc-georef-38063050,loc-ar-prov-jujuy,"El Puesto",38063050,Localidad simple
loc-ar-loc-georef-38063060,loc-ar-prov-jujuy,"El Quemado",38063060,Localidad simple
loc-ar-loc-georef-38070030,loc-ar-prov-jujuy,"El Talar",38070030,Localidad simple
loc-ar-loc-georef-38084030,loc-ar-prov-jujuy,"El Toro",38084030,Localidad simple
loc-ar-loc-georef-3801401002,loc-ar-prov-jujuy,"Fleming",3801401002,Entidad
loc-ar-loc-georef-38035060,loc-ar-prov-jujuy,"Fraile Pintado",38035060,Localidad simple
loc-ar-loc-georef-38021010,loc-ar-prov-jujuy,"Guerrero",38021010,Localidad simple
loc-ar-loc-georef-38028030,loc-ar-prov-jujuy,"Hipólito Yrigoyen",38028030,Localidad simple
loc-ar-loc-georef-38094020,loc-ar-prov-jujuy,"Huacalera",38094020,Localidad simple
loc-ar-loc-georef-38084040,loc-ar-prov-jujuy,"Huáncar",38084040,Localidad simple
loc-ar-loc-georef-38028040,loc-ar-prov-jujuy,"Humahuaca",38028040,Localidad simple
loc-ar-loc-georef-38084045,loc-ar-prov-jujuy,"Jama",38084045,Localidad simple
loc-ar-loc-georef-38094030,loc-ar-prov-jujuy,"Juella",38094030,Localidad simple
loc-ar-loc-georef-38021020,loc-ar-prov-jujuy,"La Almona",38021020,Localidad simple
loc-ar-loc-georef-38077050,loc-ar-prov-jujuy,"La Ciénega",38077050,Localidad simple
loc-ar-loc-georef-38063070,loc-ar-prov-jujuy,"La Esperanza",38063070,Componente de localidad compuesta
loc-ar-loc-georef-38112040,loc-ar-prov-jujuy,"La Intermedia",38112040,Localidad simple
loc-ar-loc-georef-38063080,loc-ar-prov-jujuy,"La Manga",38063080,Localidad simple
loc-ar-loc-georef-38063090,loc-ar-prov-jujuy,"La Mendieta",38063090,Localidad simple
loc-ar-loc-georef-38112050,loc-ar-prov-jujuy,"La Quiaca",38112050,Localidad simple
loc-ar-loc-georef-38007055,loc-ar-prov-jujuy,"La Redonda",38007055,Localidad simple
loc-ar-loc-georef-38049010,loc-ar-prov-jujuy,"Lagunillas de Farallón",38049010,Localidad simple
loc-ar-loc-georef-38021030,loc-ar-prov-jujuy,"León",38021030,Localidad simple
loc-ar-loc-georef-38035070,loc-ar-prov-jujuy,"Libertad",38035070,Localidad simple
loc-ar-loc-georef-38035080,loc-ar-prov-jujuy,"Libertador General San Martín",38035080,Localidad simple
loc-ar-loc-georef-38049020,loc-ar-prov-jujuy,"Liviara",38049020,Localidad simple
loc-ar-loc-georef-38112060,loc-ar-prov-jujuy,"Llulluchayoc",38112060,Localidad simple
loc-ar-loc-georef-38049025,loc-ar-prov-jujuy,"Loma Blanca",38049025,Localidad simple
loc-ar-loc-georef-38056017,loc-ar-prov-jujuy,"Los Alisos",38056017,Localidad simple
loc-ar-loc-georef-38014050,loc-ar-prov-jujuy,"Los Lapachos",38014050,Localidad simple
loc-ar-loc-georef-3802107001,loc-ar-prov-jujuy,"Los Nogales",3802107001,Entidad
loc-ar-loc-georef-38056020,loc-ar-prov-jujuy,"Loteo Navea",38056020,Localidad simple
loc-ar-loc-georef-38021040,loc-ar-prov-jujuy,"Lozano",38021040,Localidad simple
loc-ar-loc-georef-38094040,loc-ar-prov-jujuy,"Maimará",38094040,Localidad simple
loc-ar-loc-georef-38035090,loc-ar-prov-jujuy,"Maíz Negro",38035090,Localidad simple
loc-ar-loc-georef-38014060,loc-ar-prov-jujuy,"Manantiales",38014060,Localidad simple
loc-ar-loc-georef-38084050,loc-ar-prov-jujuy,"Mina Providencia",38084050,Localidad simple
loc-ar-loc-georef-38077060,loc-ar-prov-jujuy,"Misarrumi",38077060,Localidad simple
loc-ar-loc-georef-38014070,loc-ar-prov-jujuy,"Monterrico",38014070,Localidad simple
loc-ar-loc-georef-38056025,loc-ar-prov-jujuy,"Nuestra Señora del Rosario",38056025,Localidad simple
loc-ar-loc-georef-38049030,loc-ar-prov-jujuy,"Nuevo Pirquitas",38049030,Localidad simple
loc-ar-loc-georef-38021050,loc-ar-prov-jujuy,"Ocloyas",38021050,Localidad simple
loc-ar-loc-georef-38084055,loc-ar-prov-jujuy,"Olacapato",38084055,Localidad simple
loc-ar-loc-georef-38084060,loc-ar-prov-jujuy,"Olaroz Chico",38084060,Localidad simple
loc-ar-loc-georef-38077070,loc-ar-prov-jujuy,"Oratorio",38077070,Localidad simple
loc-ar-loc-georef-38049035,loc-ar-prov-jujuy,"Orosmayo",38049035,Localidad simple
loc-ar-loc-georef-38077080,loc-ar-prov-jujuy,"Paicone",38077080,Localidad simple
loc-ar-loc-georef-38028043,loc-ar-prov-jujuy,"Palca de Aparzo",38028043,Localidad simple
loc-ar-loc-georef-38028045,loc-ar-prov-jujuy,"Palca de Varas",38028045,Localidad simple
loc-ar-loc-georef-38070040,loc-ar-prov-jujuy,"Palma Sola",38070040,Localidad simple
loc-ar-loc-georef-38063110,loc-ar-prov-jujuy,"Palos Blancos",38063110,Localidad simple
loc-ar-loc-georef-38042040,loc-ar-prov-jujuy,"Palpalá",38042040,Componente de localidad compuesta
loc-ar-loc-georef-38014080,loc-ar-prov-jujuy,"Pampa Blanca",38014080,Localidad simple
loc-ar-loc-georef-38105020,loc-ar-prov-jujuy,"Pampichuela",38105020,Localidad simple
loc-ar-loc-georef-38084070,loc-ar-prov-jujuy,"Pastos Chicos",38084070,Localidad simple
loc-ar-loc-georef-38035100,loc-ar-prov-jujuy,"Paulina",38035100,Localidad simple
loc-ar-loc-georef-38014090,loc-ar-prov-jujuy,"Perico",38014090,Localidad simple
loc-ar-loc-georef-38063130,loc-ar-prov-jujuy,"Piedritas",38063130,Localidad simple
loc-ar-loc-georef-3801401003,loc-ar-prov-jujuy,"Pila Pardo",3801401003,Entidad
loc-ar-loc-georef-3803508002,loc-ar-prov-jujuy,"Pueblo Ledesma",3803508002,Entidad
loc-ar-loc-georef-38070050,loc-ar-prov-jujuy,"Puente Lavayén",38070050,Localidad simple
loc-ar-loc-georef-38098025,loc-ar-prov-jujuy,"Puerta de Colorados",38098025,Localidad simple
loc-ar-loc-georef-38007060,loc-ar-prov-jujuy,"Puesto del Marquéz",38007060,Localidad simple
loc-ar-loc-georef-38084080,loc-ar-prov-jujuy,"Puesto Sey",38084080,Localidad simple
loc-ar-loc-georef-38014100,loc-ar-prov-jujuy,"Puesto Viejo",38014100,Localidad simple
loc-ar-loc-georef-38112070,loc-ar-prov-jujuy,"Pumahuasi",38112070,Localidad simple
loc-ar-loc-georef-38098030,loc-ar-prov-jujuy,"Purmamarca",38098030,Localidad simple
loc-ar-loc-georef-38007063,loc-ar-prov-jujuy,"Quebraleña",38007063,Localidad simple
loc-ar-loc-georef-38007067,loc-ar-prov-jujuy,"Quera",38007067,Localidad simple
loc-ar-loc-georef-38049040,loc-ar-prov-jujuy,"Rinconada",38049040,Localidad simple
loc-ar-loc-georef-38007070,loc-ar-prov-jujuy,"Rinconadillas",38007070,Localidad simple
loc-ar-loc-georef-3804204002,loc-ar-prov-jujuy,"Río Blanco",3804204002,Entidad
loc-ar-loc-georef-38063140,loc-ar-prov-jujuy,"Rodeito",38063140,Localidad simple
loc-ar-loc-georef-38028047,loc-ar-prov-jujuy,"Rodero",38028047,Localidad simple
loc-ar-loc-georef-38063150,loc-ar-prov-jujuy,"Rosario de Río Grande (ex Barro Negro)",38063150,Localidad simple
loc-ar-loc-georef-38056030,loc-ar-prov-jujuy,"San Antonio",38056030,Localidad simple
loc-ar-loc-georef-38105030,loc-ar-prov-jujuy,"San Francisco",38105030,Localidad simple
loc-ar-loc-georef-38007080,loc-ar-prov-jujuy,"San Francisco de Alfarcito",38007080,Localidad simple
loc-ar-loc-georef-38014110,loc-ar-prov-jujuy,"San Isidro",38014110,Localidad simple
loc-ar-loc-georef-3811208001,loc-ar-prov-jujuy,"San José",3811208001,Entidad
loc-ar-loc-georef-38077090,loc-ar-prov-jujuy,"San Juan de Oros",38077090,Localidad simple
loc-ar-loc-georef-38084090,loc-ar-prov-jujuy,"San Juan de Quillaqués",38084090,Localidad simple
loc-ar-loc-georef-38014120,loc-ar-prov-jujuy,"San Juancito",38014120,Localidad simple
loc-ar-loc-georef-38063170,loc-ar-prov-jujuy,"San Lucas",38063170,Localidad simple
loc-ar-loc-georef-3802107002,loc-ar-prov-jujuy,"San Pablo de Reyes",3802107002,Entidad
loc-ar-loc-georef-38063180,loc-ar-prov-jujuy,"San Pedro",38063180,Componente de localidad compuesta
loc-ar-loc-georef-38021060,loc-ar-prov-jujuy,"San Salvador de Jujuy",38021060,Componente de localidad compuesta
loc-ar-loc-georef-38105040,loc-ar-prov-jujuy,"Santa Ana",38105040,Localidad simple
loc-ar-loc-georef-38007085,loc-ar-prov-jujuy,"Santa Ana de la Puna",38007085,Localidad simple
loc-ar-loc-georef-38077100,loc-ar-prov-jujuy,"Santa Catalina",38077100,Localidad simple
loc-ar-loc-georef-38070060,loc-ar-prov-jujuy,"Santa Clara",38070060,Localidad simple
loc-ar-loc-georef-38007090,loc-ar-prov-jujuy,"Santuario de Tres Pozos",38007090,Localidad simple
loc-ar-loc-georef-38084100,loc-ar-prov-jujuy,"Susques",38084100,Localidad simple
loc-ar-loc-georef-38007095,loc-ar-prov-jujuy,"Tambillos",38007095,Localidad simple
loc-ar-loc-georef-38021065,loc-ar-prov-jujuy,"Tesorero",38021065,Localidad simple
loc-ar-loc-georef-38094050,loc-ar-prov-jujuy,"Tilcara",38094050,Localidad simple
loc-ar-loc-georef-38028050,loc-ar-prov-jujuy,"Tres Cruces",38028050,Localidad simple
loc-ar-loc-georef-38098040,loc-ar-prov-jujuy,"Tumbaya",38098040,Localidad simple
loc-ar-loc-georef-38007100,loc-ar-prov-jujuy,"Tusaquillas",38007100,Localidad simple
loc-ar-loc-georef-38028060,loc-ar-prov-jujuy,"Uquía",38028060,Localidad simple
loc-ar-loc-georef-38105050,loc-ar-prov-jujuy,"Valle Colorado",38105050,Localidad simple
loc-ar-loc-georef-38105060,loc-ar-prov-jujuy,"Valle Grande",38105060,Localidad simple
loc-ar-loc-georef-38070070,loc-ar-prov-jujuy,"Vinalito",38070070,Localidad simple
loc-ar-loc-georef-38098050,loc-ar-prov-jujuy,"Volcán",38098050,Localidad simple
loc-ar-loc-georef-3809401002,loc-ar-prov-jujuy,"Yacoraite",3809401002,Entidad
loc-ar-loc-georef-38021070,loc-ar-prov-jujuy,"Yala",38021070,Componente de localidad compuesta
loc-ar-loc-georef-38112080,loc-ar-prov-jujuy,"Yavi",38112080,Localidad simple
loc-ar-loc-georef-38112090,loc-ar-prov-jujuy,"Yavi Chico",38112090,Localidad simple
loc-ar-loc-georef-38077110,loc-ar-prov-jujuy,"Yoscaba",38077110,Localidad simple
loc-ar-loc-georef-38035110,loc-ar-prov-jujuy,"Yuto",38035110,Localidad simple
loc-ar-loc-georef-42112020,loc-ar-prov-la-pampa,"25 de Mayo",42112020,Localidad simple
loc-ar-loc-georef-42077010,loc-ar-prov-la-pampa,"Abramo",42077010,Localidad simple
loc-ar-loc-georef-42133010,loc-ar-prov-la-pampa,"Adolfo Van Praet",42133010,Localidad simple
loc-ar-loc-georef-42105010,loc-ar-prov-la-pampa,"Agustoni",42105010,Localidad simple
loc-ar-loc-georef-42063010,loc-ar-prov-la-pampa,"Algarrobo del Águila",42063010,Localidad simple
loc-ar-loc-georef-42070010,loc-ar-prov-la-pampa,"Alpachiri",42070010,Localidad simple
loc-ar-loc-georef-42133020,loc-ar-prov-la-pampa,"Alta Italia",42133020,Localidad simple
loc-ar-loc-georef-42021010,loc-ar-prov-la-pampa,"Anguil",42021010,Localidad simple
loc-ar-loc-georef-42014010,loc-ar-prov-la-pampa,"Anzoátegui",42014010,Localidad simple
loc-ar-loc-georef-42147010,loc-ar-prov-la-pampa,"Arata",42147010,Localidad simple
loc-ar-loc-georef-42154010,loc-ar-prov-la-pampa,"Ataliva Roca",42154010,Localidad simple
loc-ar-loc-georef-42056010,loc-ar-prov-la-pampa,"Bernardo Larroude",42056010,Localidad simple
loc-ar-loc-georef-42077020,loc-ar-prov-la-pampa,"Bernasconi",42077020,Localidad simple
loc-ar-loc-georef-42140005,loc-ar-prov-la-pampa,"Cachirulo",42140005,Localidad simple
loc-ar-loc-georef-42126010,loc-ar-prov-la-pampa,"Caleufú",42126010,Localidad simple
loc-ar-loc-georef-42098010,loc-ar-prov-la-pampa,"Carro Quemado",42098010,Localidad simple
loc-ar-loc-georef-42112005,loc-ar-prov-la-pampa,"Casa de Piedra",42112005,Localidad simple
loc-ar-loc-georef-42028010,loc-ar-prov-la-pampa,"Catriló",42028010,Localidad simple
loc-ar-loc-georef-42056020,loc-ar-prov-la-pampa,"Ceballos",42056020,Localidad simple
loc-ar-loc-georef-42154020,loc-ar-prov-la-pampa,"Chacharramendi",42154020,Localidad simple
loc-ar-loc-georef-42119010,loc-ar-prov-la-pampa,"Colonia Barón",42119010,Localidad simple
loc-ar-loc-georef-42119020,loc-ar-prov-la-pampa,"Colonia San José",42119020,Localidad simple
loc-ar-loc-georef-42154030,loc-ar-prov-la-pampa,"Colonia Santa María",42154030,Localidad simple
loc-ar-loc-georef-42035010,loc-ar-prov-la-pampa,"Conhelo",42035010,Localidad simple
loc-ar-loc-georef-42056030,loc-ar-prov-la-pampa,"Coronel Hilario Lagos",42056030,Localidad simple
loc-ar-loc-georef-42084010,loc-ar-prov-la-pampa,"Cuchillo Co",42084010,Localidad simple
loc-ar-loc-georef-42133030,loc-ar-prov-la-pampa,"Damián Maisonave",42133030,Localidad simple
loc-ar-loc-georef-42007010,loc-ar-prov-la-pampa,"Doblas",42007010,Localidad simple
loc-ar-loc-georef-42105020,loc-ar-prov-la-pampa,"Dorila",42105020,Localidad simple
loc-ar-loc-georef-42035020,loc-ar-prov-la-pampa,"Eduardo Castex",42035020,Localidad simple
loc-ar-loc-georef-42133040,loc-ar-prov-la-pampa,"Embajador Martini",42133040,Localidad simple
loc-ar-loc-georef-42133050,loc-ar-prov-la-pampa,"Falucho",42133050,Localidad simple
loc-ar-loc-georef-42154040,loc-ar-prov-la-pampa,"General Acha",42154040,Localidad simple
loc-ar-loc-georef-42070020,loc-ar-prov-la-pampa,"General Manuel J. Campos",42070020,Localidad simple
loc-ar-loc-georef-42105030,loc-ar-prov-la-pampa,"General Pico",42105030,Localidad simple
loc-ar-loc-georef-42077030,loc-ar-prov-la-pampa,"General San Martín",42077030,Localidad simple
loc-ar-loc-georef-42042010,loc-ar-prov-la-pampa,"Gobernador Duval",42042010,Localidad simple
loc-ar-loc-georef-42070030,loc-ar-prov-la-pampa,"Guatraché",42070030,Localidad simple
loc-ar-loc-georef-42077040,loc-ar-prov-la-pampa,"Hucal",42077040,Localidad simple
loc-ar-loc-georef-42126020,loc-ar-prov-la-pampa,"Ingeniero Foster",42126020,Localidad simple
loc-ar-loc-georef-42133060,loc-ar-prov-la-pampa,"Ingeniero Luiggi",42133060,Localidad simple
loc-ar-loc-georef-42056040,loc-ar-prov-la-pampa,"Intendente Alvear",42056040,Localidad simple
loc-ar-loc-georef-42077050,loc-ar-prov-la-pampa,"Jacinto Aráuz",42077050,Localidad simple
loc-ar-loc-georef-42014020,loc-ar-prov-la-pampa,"La Adela",42014020,Componente de localidad compuesta
loc-ar-loc-georef-42028020,loc-ar-prov-la-pampa,"La Gloria",42028020,Localidad simple
loc-ar-loc-georef-42063020,loc-ar-prov-la-pampa,"La Humada",42063020,Localidad simple
loc-ar-loc-georef-42126030,loc-ar-prov-la-pampa,"La Maruja",42126030,Localidad simple
loc-ar-loc-georef-42091010,loc-ar-prov-la-pampa,"La Reforma",42091010,Localidad simple
loc-ar-loc-georef-42091020,loc-ar-prov-la-pampa,"Limay Mahuida",42091020,Localidad simple
loc-ar-loc-georef-42028030,loc-ar-prov-la-pampa,"Lonquimay",42028030,Localidad simple
loc-ar-loc-georef-42098020,loc-ar-prov-la-pampa,"Loventué",42098020,Localidad simple
loc-ar-loc-georef-42098030,loc-ar-prov-la-pampa,"Luan Toro",42098030,Localidad simple
loc-ar-loc-georef-42007020,loc-ar-prov-la-pampa,"Macachín",42007020,Localidad simple
loc-ar-loc-georef-42035030,loc-ar-prov-la-pampa,"Mauricio Mayer",42035030,Localidad simple
loc-ar-loc-georef-42147020,loc-ar-prov-la-pampa,"Metileo",42147020,Localidad simple
loc-ar-loc-georef-42119030,loc-ar-prov-la-pampa,"Miguel Cané",42119030,Localidad simple
loc-ar-loc-georef-42007030,loc-ar-prov-la-pampa,"Miguel Riglos",42007030,Localidad simple
loc-ar-loc-georef-42035040,loc-ar-prov-la-pampa,"Monte Nievas",42035040,Localidad simple
loc-ar-loc-georef-42140010,loc-ar-prov-la-pampa,"Naicó",42140010,Localidad simple
loc-ar-loc-georef-42133070,loc-ar-prov-la-pampa,"Ojeda",42133070,Localidad simple
loc-ar-loc-georef-42126040,loc-ar-prov-la-pampa,"Parera",42126040,Localidad simple
loc-ar-loc-georef-42070040,loc-ar-prov-la-pampa,"Perú",42070040,Localidad simple
loc-ar-loc-georef-42126050,loc-ar-prov-la-pampa,"Pichi Huinca",42126050,Localidad simple
loc-ar-loc-georef-42042020,loc-ar-prov-la-pampa,"Puelches",42042020,Localidad simple
loc-ar-loc-georef-42112010,loc-ar-prov-la-pampa,"Puelén",42112010,Localidad simple
loc-ar-loc-georef-42154050,loc-ar-prov-la-pampa,"Quehué",42154050,Localidad simple
loc-ar-loc-georef-42119040,loc-ar-prov-la-pampa,"Quemú Quemú",42119040,Localidad simple
loc-ar-loc-georef-42126060,loc-ar-prov-la-pampa,"Quetrequén",42126060,Localidad simple
loc-ar-loc-georef-42126070,loc-ar-prov-la-pampa,"Rancul",42126070,Localidad simple
loc-ar-loc-georef-42133080,loc-ar-prov-la-pampa,"Realicó",42133080,Localidad simple
loc-ar-loc-georef-42119050,loc-ar-prov-la-pampa,"Relmo",42119050,Localidad simple
loc-ar-loc-georef-42007040,loc-ar-prov-la-pampa,"Rolón",42007040,Localidad simple
loc-ar-loc-georef-42035050,loc-ar-prov-la-pampa,"Rucanelo",42035050,Localidad simple
loc-ar-loc-georef-42049010,loc-ar-prov-la-pampa,"Santa Isabel",42049010,Localidad simple
loc-ar-loc-georef-42021020,loc-ar-prov-la-pampa,"Santa Rosa",42021020,Componente de localidad compuesta
loc-ar-loc-georef-42070050,loc-ar-prov-la-pampa,"Santa Teresa",42070050,Localidad simple
loc-ar-loc-georef-42056050,loc-ar-prov-la-pampa,"Sarah",42056050,Localidad simple
loc-ar-loc-georef-42105040,loc-ar-prov-la-pampa,"Speluzzi",42105040,Localidad simple
loc-ar-loc-georef-42098040,loc-ar-prov-la-pampa,"Telén",42098040,Localidad simple
loc-ar-loc-georef-42140020,loc-ar-prov-la-pampa,"Toay",42140020,Componente de localidad compuesta
loc-ar-loc-georef-42007050,loc-ar-prov-la-pampa,"Tomás M. Anchorena",42007050,Localidad simple
loc-ar-loc-georef-42105050,loc-ar-prov-la-pampa,"Trebolares",42105050,Localidad simple
loc-ar-loc-georef-42147030,loc-ar-prov-la-pampa,"Trenel",42147030,Localidad simple
loc-ar-loc-georef-42154060,loc-ar-prov-la-pampa,"Unanué",42154060,Localidad simple
loc-ar-loc-georef-42028040,loc-ar-prov-la-pampa,"Uriburu",42028040,Localidad simple
loc-ar-loc-georef-42056060,loc-ar-prov-la-pampa,"Vértiz",42056060,Localidad simple
loc-ar-loc-georef-42098050,loc-ar-prov-la-pampa,"Victorica",42098050,Localidad simple
loc-ar-loc-georef-42119060,loc-ar-prov-la-pampa,"Villa Mirasol",42119060,Localidad simple
loc-ar-loc-georef-42035060,loc-ar-prov-la-pampa,"Winifreda",42035060,Localidad simple
loc-ar-loc-georef-46028010,loc-ar-prov-la-rioja,"Aicuñá",46028010,Localidad simple
loc-ar-loc-georef-46007010,loc-ar-prov-la-rioja,"Aimogasta",46007010,Localidad simple
loc-ar-loc-georef-4611901001,loc-ar-prov-la-rioja,"Alpasinche",4611901001,Entidad
loc-ar-loc-georef-46049010,loc-ar-prov-la-rioja,"Alto Carrizal",46049010,Localidad simple
loc-ar-loc-georef-46105010,loc-ar-prov-la-rioja,"Amaná",46105010,Localidad simple
loc-ar-loc-georef-46084010,loc-ar-prov-la-rioja,"Ambil",46084010,Localidad simple
loc-ar-loc-georef-46021010,loc-ar-prov-la-rioja,"Aminga",46021010,Localidad simple
loc-ar-loc-georef-4611901002,loc-ar-prov-la-rioja,"Amuschina",4611901002,Entidad
loc-ar-loc-georef-4611901003,loc-ar-prov-la-rioja,"Andolucas",4611901003,Entidad
loc-ar-loc-georef-4604201001,loc-ar-prov-la-rioja,"Anguinán",4604201001,Entidad
loc-ar-loc-georef-46049020,loc-ar-prov-la-rioja,"Angulos",46049020,Localidad simple
loc-ar-loc-georef-46021020,loc-ar-prov-la-rioja,"Anillaco",46021020,Localidad simple
loc-ar-loc-georef-46021030,loc-ar-prov-la-rioja,"Anjullón",46021030,Localidad simple
loc-ar-loc-georef-46049030,loc-ar-prov-la-rioja,"Antinaco",46049030,Localidad simple
loc-ar-loc-georef-46049040,loc-ar-prov-la-rioja,"Bajo Carrizal",46049040,Localidad simple
loc-ar-loc-georef-4602805001,loc-ar-prov-la-rioja,"Banda Florida",4602805001,Entidad
loc-ar-loc-georef-46007030,loc-ar-prov-la-rioja,"Bañado de los Pantanos",46007030,Localidad simple
loc-ar-loc-georef-46049050,loc-ar-prov-la-rioja,"Campanas",46049050,Localidad simple
loc-ar-loc-georef-46063010,loc-ar-prov-la-rioja,"Castro Barros",46063010,Localidad simple
loc-ar-loc-georef-46035010,loc-ar-prov-la-rioja,"Chamical",46035010,Localidad simple
loc-ar-loc-georef-46063020,loc-ar-prov-la-rioja,"Chañar",46063020,Localidad simple
loc-ar-loc-georef-46049060,loc-ar-prov-la-rioja,"Chañarmuyo",46049060,Localidad simple
loc-ar-loc-georef-4611901004,loc-ar-prov-la-rioja,"Chaupihuasi",4611901004,Entidad
loc-ar-loc-georef-46112010,loc-ar-prov-la-rioja,"Chepes",46112010,Localidad simple
loc-ar-loc-georef-46042010,loc-ar-prov-la-rioja,"Chilecito",46042010,Localidad simple
loc-ar-loc-georef-46021040,loc-ar-prov-la-rioja,"Chuquis",46021040,Localidad simple
loc-ar-loc-georef-46042020,loc-ar-prov-la-rioja,"Colonia Anguinán",46042020,Localidad simple
loc-ar-loc-georef-46042040,loc-ar-prov-la-rioja,"Colonia Malligasta",46042040,Localidad simple
loc-ar-loc-georef-46084020,loc-ar-prov-la-rioja,"Colonia Ortiz de Ocampo",46084020,Localidad simple
loc-ar-loc-georef-46042050,loc-ar-prov-la-rioja,"Colonia Vichigasta",46042050,Localidad simple
loc-ar-loc-georef-4611901005,loc-ar-prov-la-rioja,"Cuipán",4611901005,Entidad
loc-ar-loc-georef-46112020,loc-ar-prov-la-rioja,"Desiderio Tello",46112020,Localidad simple
loc-ar-loc-georef-46007040,loc-ar-prov-la-rioja,"Estación Mazán",46007040,Localidad simple
loc-ar-loc-georef-46049070,loc-ar-prov-la-rioja,"Famatina",46049070,Localidad simple
loc-ar-loc-georef-46042060,loc-ar-prov-la-rioja,"Guanchín",46042060,Localidad simple
loc-ar-loc-georef-46028020,loc-ar-prov-la-rioja,"Guandacol",46028020,Localidad simple
loc-ar-loc-georef-46098010,loc-ar-prov-la-rioja,"Jagüé",46098010,Localidad simple
loc-ar-loc-georef-46049080,loc-ar-prov-la-rioja,"La Cuadra",46049080,Localidad simple
loc-ar-loc-georef-4604201003,loc-ar-prov-la-rioja,"La Puntilla",4604201003,Entidad
loc-ar-loc-georef-46014010,loc-ar-prov-la-rioja,"La Rioja",46014010,Localidad simple
loc-ar-loc-georef-4611901006,loc-ar-prov-la-rioja,"Las Talas",4611901006,Entidad
loc-ar-loc-georef-46063030,loc-ar-prov-la-rioja,"Loma Blanca",46063030,Localidad simple
loc-ar-loc-georef-46021050,loc-ar-prov-la-rioja,"Los Molinos",46021050,Localidad simple
loc-ar-loc-georef-46028030,loc-ar-prov-la-rioja,"Los Palacios",46028030,Localidad simple
loc-ar-loc-georef-4611901007,loc-ar-prov-la-rioja,"Los Robles",4611901007,Entidad
loc-ar-loc-georef-4604201004,loc-ar-prov-la-rioja,"Los Sarmientos",4604201004,Entidad
loc-ar-loc-georef-4600701002,loc-ar-prov-la-rioja,"Machigasta",4600701002,Entidad
loc-ar-loc-georef-46070010,loc-ar-prov-la-rioja,"Malanzán",46070010,Localidad simple
loc-ar-loc-georef-46042070,loc-ar-prov-la-rioja,"Malligasta",46042070,Localidad simple
loc-ar-loc-georef-46084030,loc-ar-prov-la-rioja,"Milagro",46084030,Localidad simple
loc-ar-loc-georef-46042080,loc-ar-prov-la-rioja,"Miranda",46042080,Localidad simple
loc-ar-loc-georef-46070020,loc-ar-prov-la-rioja,"Nácate",46070020,Localidad simple
loc-ar-loc-georef-46042090,loc-ar-prov-la-rioja,"Nonogasta",46042090,Localidad simple
loc-ar-loc-georef-46084040,loc-ar-prov-la-rioja,"Olpas",46084040,Localidad simple
loc-ar-loc-georef-46063040,loc-ar-prov-la-rioja,"Olta",46063040,Localidad simple
loc-ar-loc-georef-46028040,loc-ar-prov-la-rioja,"Pagancillo",46028040,Localidad simple
loc-ar-loc-georef-46105020,loc-ar-prov-la-rioja,"Patquía",46105020,Localidad simple
loc-ar-loc-georef-46021060,loc-ar-prov-la-rioja,"Pinchas",46021060,Localidad simple
loc-ar-loc-georef-46049090,loc-ar-prov-la-rioja,"Pituil",46049090,Localidad simple
loc-ar-loc-georef-46049100,loc-ar-prov-la-rioja,"Plaza Vieja",46049100,Localidad simple
loc-ar-loc-georef-46035020,loc-ar-prov-la-rioja,"Polco",46035020,Localidad simple
loc-ar-loc-georef-46070030,loc-ar-prov-la-rioja,"Portezuelo",46070030,Localidad simple
loc-ar-loc-georef-46056010,loc-ar-prov-la-rioja,"Punta de los Llanos",46056010,Localidad simple
loc-ar-loc-georef-4611901008,loc-ar-prov-la-rioja,"Salicas",4611901008,Entidad
loc-ar-loc-georef-46119010,loc-ar-prov-la-rioja,"Salicas - San Blas",46119010,Localidad simple
loc-ar-loc-georef-46070040,loc-ar-prov-la-rioja,"San Antonio",46070040,Localidad simple
loc-ar-loc-georef-4611901009,loc-ar-prov-la-rioja,"San Blas",4611901009,Entidad
loc-ar-loc-georef-4604201005,loc-ar-prov-la-rioja,"San Miguel",4604201005,Entidad
loc-ar-loc-georef-46042100,loc-ar-prov-la-rioja,"San Nicolás",46042100,Localidad simple
loc-ar-loc-georef-46021070,loc-ar-prov-la-rioja,"San Pedro",46021070,Localidad simple
loc-ar-loc-georef-4602802002,loc-ar-prov-la-rioja,"Santa Clara",4602802002,Entidad
loc-ar-loc-georef-46049110,loc-ar-prov-la-rioja,"Santa Cruz",46049110,Localidad simple
loc-ar-loc-georef-46042110,loc-ar-prov-la-rioja,"Santa Florentina",46042110,Localidad simple
loc-ar-loc-georef-46084050,loc-ar-prov-la-rioja,"Santa Rita de Catuna",46084050,Localidad simple
loc-ar-loc-georef-46021080,loc-ar-prov-la-rioja,"Santa Vera Cruz",46021080,Localidad simple
loc-ar-loc-georef-46049120,loc-ar-prov-la-rioja,"Santo Domingo",46049120,Localidad simple
loc-ar-loc-georef-46042120,loc-ar-prov-la-rioja,"Sañogasta",46042120,Localidad simple
loc-ar-loc-georef-4611901010,loc-ar-prov-la-rioja,"Shaqui",4611901010,Entidad
loc-ar-loc-georef-4611901011,loc-ar-prov-la-rioja,"Suriyaco",4611901011,Entidad
loc-ar-loc-georef-46056020,loc-ar-prov-la-rioja,"Tama",46056020,Localidad simple
loc-ar-loc-georef-46007045,loc-ar-prov-la-rioja,"Termas de Santa Teresita",46007045,Localidad simple
loc-ar-loc-georef-46042130,loc-ar-prov-la-rioja,"Tilimuqui",46042130,Localidad simple
loc-ar-loc-georef-4611901012,loc-ar-prov-la-rioja,"Tuyubil",4611901012,Entidad
loc-ar-loc-georef-46091010,loc-ar-prov-la-rioja,"Ulapes",46091010,Localidad simple
loc-ar-loc-georef-46042140,loc-ar-prov-la-rioja,"Vichigasta",46042140,Localidad simple
loc-ar-loc-georef-46077010,loc-ar-prov-la-rioja,"Villa Castelli",46077010,Localidad simple
loc-ar-loc-georef-46007050,loc-ar-prov-la-rioja,"Villa Mazán",46007050,Localidad simple
loc-ar-loc-georef-46098020,loc-ar-prov-la-rioja,"Villa San José de Vinchina",46098020,Localidad simple
loc-ar-loc-georef-46126010,loc-ar-prov-la-rioja,"Villa Sanagasta",46126010,Localidad simple
loc-ar-loc-georef-46028050,loc-ar-prov-la-rioja,"Villa Unión",46028050,Localidad simple
loc-ar-loc-georef-5000701010,loc-ar-prov-mendoza,"10ma Sección",5000701010,Entidad
loc-ar-loc-georef-5000701011,loc-ar-prov-mendoza,"11va Sección",5000701011,Entidad
loc-ar-loc-georef-5000701001,loc-ar-prov-mendoza,"1ra Sección",5000701001,Entidad
loc-ar-loc-georef-50105220,loc-ar-prov-mendoza,"25 de Mayo",50105220,Localidad simple
loc-ar-loc-georef-5000701002,loc-ar-prov-mendoza,"2da Sección",5000701002,Entidad
loc-ar-loc-georef-50056150,loc-ar-prov-mendoza,"3 de Mayo",50056150,Localidad simple
loc-ar-loc-georef-5000701003,loc-ar-prov-mendoza,"3ra Sección",5000701003,Entidad
loc-ar-loc-georef-5000701004,loc-ar-prov-mendoza,"4ta Sección",5000701004,Entidad
loc-ar-loc-georef-5000701005,loc-ar-prov-mendoza,"5ta Sección",5000701005,Entidad
loc-ar-loc-georef-5000701006,loc-ar-prov-mendoza,"6ta Sección",5000701006,Entidad
loc-ar-loc-georef-5000701007,loc-ar-prov-mendoza,"7ma Sección",5000701007,Entidad
loc-ar-loc-georef-5000701008,loc-ar-prov-mendoza,"8va Sección",5000701008,Entidad
loc-ar-loc-georef-5000701009,loc-ar-prov-mendoza,"9na Sección",5000701009,Entidad
loc-ar-loc-georef-50063010,loc-ar-prov-mendoza,"Agrelo",50063010,Localidad simple
loc-ar-loc-georef-50077010,loc-ar-prov-mendoza,"Agua Escondida",50077010,Localidad simple
loc-ar-loc-georef-50098020,loc-ar-prov-mendoza,"Alto Verde",50098020,Localidad simple
loc-ar-loc-georef-50084010,loc-ar-prov-mendoza,"Andrade",50084010,Localidad simple
loc-ar-loc-georef-50070010,loc-ar-prov-mendoza,"Barrancas",50070010,Localidad simple
loc-ar-loc-georef-50112010,loc-ar-prov-mendoza,"Barrio 12 de Octubre",50112010,Localidad simple
loc-ar-loc-georef-50056010,loc-ar-prov-mendoza,"Barrio Alto del Olvido",50056010,Localidad simple
loc-ar-loc-georef-50126010,loc-ar-prov-mendoza,"Barrio Belgrano Norte",50126010,Localidad simple
loc-ar-loc-georef-50091005,loc-ar-prov-mendoza,"Barrio Carrasco",50091005,Localidad simple
loc-ar-loc-georef-50098030,loc-ar-prov-mendoza,"Barrio Chivilcoy",50098030,Localidad simple
loc-ar-loc-georef-50084020,loc-ar-prov-mendoza,"Barrio Cooperativa Los Campamentos",50084020,Localidad simple
loc-ar-loc-georef-50091010,loc-ar-prov-mendoza,"Barrio El Cepillo",50091010,Localidad simple
loc-ar-loc-georef-50105020,loc-ar-prov-mendoza,"Barrio El Nevado",50105020,Localidad simple
loc-ar-loc-georef-50098040,loc-ar-prov-mendoza,"Barrio Emanuel",50098040,Localidad simple
loc-ar-loc-georef-50105030,loc-ar-prov-mendoza,"Barrio Empleados de Comercio",50105030,Localidad simple
loc-ar-loc-georef-50105040,loc-ar-prov-mendoza,"Barrio Intendencia",50105040,Localidad simple
loc-ar-loc-georef-50070020,loc-ar-prov-mendoza,"Barrio Jesús de Nazaret",50070020,Localidad simple
loc-ar-loc-georef-50056020,loc-ar-prov-mendoza,"Barrio Jocolí II",50056020,Localidad simple
loc-ar-loc-georef-50098045,loc-ar-prov-mendoza,"Barrio La Estación",50098045,Localidad simple
loc-ar-loc-georef-50056030,loc-ar-prov-mendoza,"Barrio La Palmera",50056030,Localidad simple
loc-ar-loc-georef-50056040,loc-ar-prov-mendoza,"Barrio La Pega",50056040,Localidad simple
loc-ar-loc-georef-50056050,loc-ar-prov-mendoza,"Barrio Lagunas de Bartoluzzi",50056050,Localidad simple
loc-ar-loc-georef-50098050,loc-ar-prov-mendoza,"Barrio Los Charabones",50098050,Localidad simple
loc-ar-loc-georef-50056060,loc-ar-prov-mendoza,"Barrio Los Jarilleros",50056060,Localidad simple
loc-ar-loc-georef-50056070,loc-ar-prov-mendoza,"Barrio Los Olivos",50056070,Localidad simple
loc-ar-loc-georef-50112020,loc-ar-prov-mendoza,"Barrio María Auxiliadora",50112020,Localidad simple
loc-ar-loc-georef-50112030,loc-ar-prov-mendoza,"Barrio Molina Cabrera",50112030,Localidad simple
loc-ar-loc-georef-50098055,loc-ar-prov-mendoza,"Barrio Ntra. Sra. De Fátima",50098055,Localidad simple
loc-ar-loc-georef-50063020,loc-ar-prov-mendoza,"Barrio Perdriel IV",50063020,Localidad simple
loc-ar-loc-georef-50084030,loc-ar-prov-mendoza,"Barrio Rivadavia",50084030,Localidad simple
loc-ar-loc-georef-50119010,loc-ar-prov-mendoza,"Barrio San Cayetano",50119010,Localidad simple
loc-ar-loc-georef-50056075,loc-ar-prov-mendoza,"Barrio Virgen del Rosario",50056075,Localidad simple
loc-ar-loc-georef-5002802001,loc-ar-prov-mendoza,"Bermejo",5002802001,Entidad
loc-ar-loc-georef-50014010,loc-ar-prov-mendoza,"Bowen",50014010,Localidad simple
loc-ar-loc-georef-5002802002,loc-ar-prov-mendoza,"Buena Nueva",5002802002,Entidad
loc-ar-loc-georef-50063030,loc-ar-prov-mendoza,"Cacheuta",50063030,Localidad simple
loc-ar-loc-georef-50119020,loc-ar-prov-mendoza,"Campo Los Andes",50119020,Localidad simple
loc-ar-loc-georef-5004905001,loc-ar-prov-mendoza,"Capdevila",5004905001,Entidad
loc-ar-loc-georef-5002802003,loc-ar-prov-mendoza,"Capilla del Rosario",5002802003,Entidad
loc-ar-loc-georef-50105050,loc-ar-prov-mendoza,"Capitán Montoya",50105050,Localidad simple
loc-ar-loc-georef-50014020,loc-ar-prov-mendoza,"Carmensa",50014020,Localidad simple
loc-ar-loc-georef-5006309001,loc-ar-prov-mendoza,"Carrodilla",5006309001,Entidad
loc-ar-loc-georef-5006309002,loc-ar-prov-mendoza,"Chacras de Coria",5006309002,Entidad
loc-ar-loc-georef-50098060,loc-ar-prov-mendoza,"Chapanay",50098060,Localidad simple
loc-ar-loc-georef-50091020,loc-ar-prov-mendoza,"Chilecito",50091020,Localidad simple
loc-ar-loc-georef-50098070,loc-ar-prov-mendoza,"Chivilcoy",50098070,Localidad simple
loc-ar-loc-georef-5002101001,loc-ar-prov-mendoza,"Ciudad de Godoy Cruz",5002101001,Entidad
loc-ar-loc-georef-5004905002,loc-ar-prov-mendoza,"Ciudad de Las Heras",5004905002,Entidad
loc-ar-loc-georef-5007006001,loc-ar-prov-mendoza,"Ciudad de Maipú",5007006001,Entidad
loc-ar-loc-georef-5006309003,loc-ar-prov-mendoza,"Ciudad Luján de Cuyo",5006309003,Entidad
loc-ar-loc-georef-50119030,loc-ar-prov-mendoza,"Colonia Las Rosas",50119030,Localidad simple
loc-ar-loc-georef-50028010,loc-ar-prov-mendoza,"Colonia Segovia",50028010,Localidad simple
loc-ar-loc-georef-5007006002,loc-ar-prov-mendoza,"Coquimbito",5007006002,Entidad
loc-ar-loc-georef-50126020,loc-ar-prov-mendoza,"Cordón del Plata",50126020,Localidad simple
loc-ar-loc-georef-50056080,loc-ar-prov-mendoza,"Costa de Araujo",50056080,Localidad simple
loc-ar-loc-georef-50063040,loc-ar-prov-mendoza,"Costa Flores",50063040,Localidad simple
loc-ar-loc-georef-50070030,loc-ar-prov-mendoza,"Cruz de Piedra",50070030,Localidad simple
loc-ar-loc-georef-50105060,loc-ar-prov-mendoza,"Cuadro Benegas",50105060,Localidad simple
loc-ar-loc-georef-5010521001,loc-ar-prov-mendoza,"Cuadro Nacional",5010521001,Entidad
loc-ar-loc-georef-5008407001,loc-ar-prov-mendoza,"Cuadro Ortega",5008407001,Entidad
loc-ar-loc-georef-50042010,loc-ar-prov-mendoza,"Desaguadero",50042010,Componente de localidad compuesta
loc-ar-loc-georef-5002802004,loc-ar-prov-mendoza,"Dorrego",5002802004,Entidad
loc-ar-loc-georef-5004905003,loc-ar-prov-mendoza,"El Algarrobal",5004905003,Entidad
loc-ar-loc-georef-5004905004,loc-ar-prov-mendoza,"El Borbollón",5004905004,Entidad
loc-ar-loc-georef-50063050,loc-ar-prov-mendoza,"El Carrizal",50063050,Localidad simple
loc-ar-loc-georef-5004905005,loc-ar-prov-mendoza,"El Challao",5004905005,Entidad
loc-ar-loc-georef-50098073,loc-ar-prov-mendoza,"El Espino",50098073,Localidad simple
loc-ar-loc-georef-50119040,loc-ar-prov-mendoza,"El Manzano",50119040,Localidad simple
loc-ar-loc-georef-50084040,loc-ar-prov-mendoza,"El Mirador",50084040,Localidad simple
loc-ar-loc-georef-50105070,loc-ar-prov-mendoza,"El Nihuil",50105070,Localidad simple
loc-ar-loc-georef-50056090,loc-ar-prov-mendoza,"El Paramillo",50056090,Localidad simple
loc-ar-loc-georef-50070040,loc-ar-prov-mendoza,"El Pedregal",50070040,Localidad simple
loc-ar-loc-georef-50126030,loc-ar-prov-mendoza,"El Peral",50126030,Localidad simple
loc-ar-loc-georef-5004905007,loc-ar-prov-mendoza,"El Plumerillo",5004905007,Entidad
loc-ar-loc-georef-50098077,loc-ar-prov-mendoza,"El Ramblón",50098077,Localidad simple
loc-ar-loc-georef-5004905008,loc-ar-prov-mendoza,"El Resguardo",5004905008,Entidad
loc-ar-loc-georef-50063060,loc-ar-prov-mendoza,"El Salto",50063060,Localidad simple
loc-ar-loc-georef-5002802005,loc-ar-prov-mendoza,"El Sauce",5002802005,Entidad
loc-ar-loc-georef-50105080,loc-ar-prov-mendoza,"El Sosneado",50105080,Localidad simple
loc-ar-loc-georef-50105090,loc-ar-prov-mendoza,"El Tropezón",50105090,Localidad simple
loc-ar-loc-georef-50056100,loc-ar-prov-mendoza,"El Vergel",50056100,Localidad simple
loc-ar-loc-georef-50126035,loc-ar-prov-mendoza,"El Zampal",50126035,Localidad simple
loc-ar-loc-georef-5004905009,loc-ar-prov-mendoza,"El Zapallar",5004905009,Entidad
loc-ar-loc-georef-50070050,loc-ar-prov-mendoza,"Fray Luis Beltrán",50070050,Localidad simple
loc-ar-loc-georef-50014030,loc-ar-prov-mendoza,"General Alvear",50014030,Localidad simple
loc-ar-loc-georef-5002802006,loc-ar-prov-mendoza,"General Belgrano",5002802006,Entidad
loc-ar-loc-georef-5007006003,loc-ar-prov-mendoza,"General Gutiérrez",5007006003,Entidad
loc-ar-loc-georef-5002101002,loc-ar-prov-mendoza,"Gobernador Benegas",5002101002,Entidad
loc-ar-loc-georef-50021010,loc-ar-prov-mendoza,"Godoy Cruz",50021010,Componente de localidad compuesta
loc-ar-loc-georef-50105100,loc-ar-prov-mendoza,"Goudge",50105100,Localidad simple
loc-ar-loc-georef-50028020,loc-ar-prov-mendoza,"Guaymallén",50028020,Componente de localidad compuesta
loc-ar-loc-georef-50035010,loc-ar-prov-mendoza,"Ingeniero Giagnoni",50035010,Localidad simple
loc-ar-loc-georef-50056110,loc-ar-prov-mendoza,"Ingeniero Gustavo André",50056110,Localidad simple
loc-ar-loc-georef-50105110,loc-ar-prov-mendoza,"Jaime Prats",50105110,Localidad simple
loc-ar-loc-georef-5002802007,loc-ar-prov-mendoza,"Jesús Nazareno",5002802007,Entidad
loc-ar-loc-georef-50049030,loc-ar-prov-mendoza,"Jocolí",50049030,Componente de localidad compuesta
loc-ar-loc-georef-50056130,loc-ar-prov-mendoza,"Jocolí Viejo",50056130,Localidad simple
loc-ar-loc-georef-50035020,loc-ar-prov-mendoza,"Junín",50035020,Localidad simple
loc-ar-loc-georef-50126040,loc-ar-prov-mendoza,"La Arboleda",50126040,Localidad simple
loc-ar-loc-georef-50084050,loc-ar-prov-mendoza,"La Central",50084050,Localidad simple
loc-ar-loc-georef-5004905010,loc-ar-prov-mendoza,"La Cieneguita",5004905010,Entidad
loc-ar-loc-georef-50035030,loc-ar-prov-mendoza,"La Colonia",50035030,Componente de localidad compuesta
loc-ar-loc-georef-50091040,loc-ar-prov-mendoza,"La Consulta",50091040,Localidad simple
loc-ar-loc-georef-50112040,loc-ar-prov-mendoza,"La Dormida",50112040,Localidad simple
loc-ar-loc-georef-50084060,loc-ar-prov-mendoza,"La Esperanza",50084060,Localidad simple
loc-ar-loc-georef-50084070,loc-ar-prov-mendoza,"La Florida",50084070,Localidad simple
loc-ar-loc-georef-50084080,loc-ar-prov-mendoza,"La Libertad",50084080,Localidad simple
loc-ar-loc-georef-50105120,loc-ar-prov-mendoza,"La Llave Nueva",50105120,Localidad simple
loc-ar-loc-georef-50042020,loc-ar-prov-mendoza,"La Paz",50042020,Localidad simple
loc-ar-loc-georef-50028030,loc-ar-prov-mendoza,"La Primavera",50028030,Localidad simple
loc-ar-loc-georef-5006309004,loc-ar-prov-mendoza,"La Puntilla",5006309004,Entidad
loc-ar-loc-georef-5002802008,loc-ar-prov-mendoza,"Las Cañas",5002802008,Entidad
loc-ar-loc-georef-50112050,loc-ar-prov-mendoza,"Las Catitas",50112050,Localidad simple
loc-ar-loc-georef-50063070,loc-ar-prov-mendoza,"Las Compuertas",50063070,Localidad simple
loc-ar-loc-georef-50049040,loc-ar-prov-mendoza,"Las Cuevas",50049040,Localidad simple
loc-ar-loc-georef-50049050,loc-ar-prov-mendoza,"Las Heras",50049050,Componente de localidad compuesta
loc-ar-loc-georef-50077030,loc-ar-prov-mendoza,"Las Leñas",50077030,Localidad simple
loc-ar-loc-georef-50105130,loc-ar-prov-mendoza,"Las Malvinas",50105130,Localidad simple
loc-ar-loc-georef-5002101003,loc-ar-prov-mendoza,"Las Tortugas",5002101003,Entidad
loc-ar-loc-georef-50063080,loc-ar-prov-mendoza,"Las Vegas",50063080,Localidad simple
loc-ar-loc-georef-50056140,loc-ar-prov-mendoza,"Las Violetas",50056140,Localidad simple
loc-ar-loc-georef-50084090,loc-ar-prov-mendoza,"Los Árboles",50084090,Localidad simple
loc-ar-loc-georef-50035040,loc-ar-prov-mendoza,"Los Barriales",50035040,Localidad simple
loc-ar-loc-georef-50084100,loc-ar-prov-mendoza,"Los Campamentos",50084100,Localidad simple
loc-ar-loc-georef-50014040,loc-ar-prov-mendoza,"Los Compartos",50014040,Localidad simple
loc-ar-loc-georef-50028040,loc-ar-prov-mendoza,"Los Corralitos",50028040,Localidad simple
loc-ar-loc-georef-50049060,loc-ar-prov-mendoza,"Los Penitentes",50049060,Localidad simple
loc-ar-loc-georef-50119050,loc-ar-prov-mendoza,"Los Sauces",50119050,Localidad simple
loc-ar-loc-georef-50063090,loc-ar-prov-mendoza,"Luján de Cuyo",50063090,Componente de localidad compuesta
loc-ar-loc-georef-5007006004,loc-ar-prov-mendoza,"Luzuriaga",5007006004,Entidad
loc-ar-loc-georef-50070060,loc-ar-prov-mendoza,"Maipú",50070060,Componente de localidad compuesta
loc-ar-loc-georef-50077040,loc-ar-prov-mendoza,"Malargüe",50077040,Localidad simple
loc-ar-loc-georef-5006309005,loc-ar-prov-mendoza,"Mayor Drummond",5006309005,Entidad
loc-ar-loc-georef-50035050,loc-ar-prov-mendoza,"Medrano",50035050,Componente de localidad compuesta
loc-ar-loc-georef-50007010,loc-ar-prov-mendoza,"Mendoza",50007010,Componente de localidad compuesta
loc-ar-loc-georef-50105150,loc-ar-prov-mendoza,"Monte Comán",50105150,Localidad simple
loc-ar-loc-georef-50098080,loc-ar-prov-mendoza,"Montecaseros",50098080,Localidad simple
loc-ar-loc-georef-50084120,loc-ar-prov-mendoza,"Mundo Nuevo",50084120,Localidad simple
loc-ar-loc-georef-50098090,loc-ar-prov-mendoza,"Nueva California",50098090,Localidad simple
loc-ar-loc-georef-5002802009,loc-ar-prov-mendoza,"Nueva Ciudad",5002802009,Entidad
loc-ar-loc-georef-5009810001,loc-ar-prov-mendoza,"Palmira",5009810001,Entidad
loc-ar-loc-georef-5004905011,loc-ar-prov-mendoza,"Panquehuá",5004905011,Entidad
loc-ar-loc-georef-50091050,loc-ar-prov-mendoza,"Pareditas",50091050,Localidad simple
loc-ar-loc-georef-5002802010,loc-ar-prov-mendoza,"Pedro Molina",5002802010,Entidad
loc-ar-loc-georef-50063100,loc-ar-prov-mendoza,"Perdriel",50063100,Localidad simple
loc-ar-loc-georef-50035060,loc-ar-prov-mendoza,"Phillips",50035060,Localidad simple
loc-ar-loc-georef-50105160,loc-ar-prov-mendoza,"Pobre Diablo",50105160,Localidad simple
loc-ar-loc-georef-50049080,loc-ar-prov-mendoza,"Polvaredas",50049080,Localidad simple
loc-ar-loc-georef-50063110,loc-ar-prov-mendoza,"Potrerillos",50063110,Localidad simple
loc-ar-loc-georef-5002101004,loc-ar-prov-mendoza,"Presidente Sarmiento",5002101004,Entidad
loc-ar-loc-georef-50028050,loc-ar-prov-mendoza,"Puente de Hierro",50028050,Localidad simple
loc-ar-loc-georef-50049090,loc-ar-prov-mendoza,"Puente del Inca",50049090,Localidad simple
loc-ar-loc-georef-50049100,loc-ar-prov-mendoza,"Punta de Vacas",50049100,Localidad simple
loc-ar-loc-georef-50105170,loc-ar-prov-mendoza,"Punta del Agua",50105170,Localidad simple
loc-ar-loc-georef-50105180,loc-ar-prov-mendoza,"Rama Caída",50105180,Localidad simple
loc-ar-loc-georef-50105190,loc-ar-prov-mendoza,"Real del Padre",50105190,Localidad simple
loc-ar-loc-georef-50084130,loc-ar-prov-mendoza,"Reducción de Abajo",50084130,Localidad simple
loc-ar-loc-georef-50084140,loc-ar-prov-mendoza,"Rivadavia",50084140,Localidad simple
loc-ar-loc-georef-5002802011,loc-ar-prov-mendoza,"Rodeo de la Cruz",5002802011,Entidad
loc-ar-loc-georef-50070070,loc-ar-prov-mendoza,"Rodeo del Medio",50070070,Localidad simple
loc-ar-loc-georef-50035070,loc-ar-prov-mendoza,"Rodríguez Peña",50035070,Localidad simple
loc-ar-loc-georef-50070080,loc-ar-prov-mendoza,"Russell",50070080,Localidad simple
loc-ar-loc-georef-50105200,loc-ar-prov-mendoza,"Salto de las Rosas",50105200,Localidad simple
loc-ar-loc-georef-50091060,loc-ar-prov-mendoza,"San Carlos",50091060,Localidad simple
loc-ar-loc-georef-5002101005,loc-ar-prov-mendoza,"San Francisco del Monte",5002101005,Entidad
loc-ar-loc-georef-50126050,loc-ar-prov-mendoza,"San José",50126050,Localidad simple
loc-ar-loc-georef-50098100,loc-ar-prov-mendoza,"San Martín",50098100,Componente de localidad compuesta
loc-ar-loc-georef-50105210,loc-ar-prov-mendoza,"San Rafael",50105210,Localidad simple
loc-ar-loc-georef-50070090,loc-ar-prov-mendoza,"San Roque",50070090,Localidad simple
loc-ar-loc-georef-50084150,loc-ar-prov-mendoza,"Santa María de Oro",50084150,Localidad simple
loc-ar-loc-georef-50112060,loc-ar-prov-mendoza,"Santa Rosa",50112060,Localidad simple
loc-ar-loc-georef-5004905012,loc-ar-prov-mendoza,"Sierras de Encalada",5004905012,Entidad
loc-ar-loc-georef-50098110,loc-ar-prov-mendoza,"Tres Porteñas",50098110,Localidad simple
loc-ar-loc-georef-50119060,loc-ar-prov-mendoza,"Tunuyán",50119060,Localidad simple
loc-ar-loc-georef-50126060,loc-ar-prov-mendoza,"Tupungato",50126060,Localidad simple
loc-ar-loc-georef-50063120,loc-ar-prov-mendoza,"Ugarteche",50063120,Localidad simple
loc-ar-loc-georef-50049110,loc-ar-prov-mendoza,"Uspallata",50049110,Localidad simple
loc-ar-loc-georef-50042030,loc-ar-prov-mendoza,"Villa Antigua",50042030,Localidad simple
loc-ar-loc-georef-50105230,loc-ar-prov-mendoza,"Villa Atuel",50105230,Localidad simple
loc-ar-loc-georef-50105240,loc-ar-prov-mendoza,"Villa Atuel Norte",50105240,Localidad simple
loc-ar-loc-georef-5012606002,loc-ar-prov-mendoza,"Villa Bastias",5012606002,Entidad
loc-ar-loc-georef-5002802014,loc-ar-prov-mendoza,"Villa Nueva",5002802014,Entidad
loc-ar-loc-georef-50056160,loc-ar-prov-mendoza,"Villa Tulumaya",50056160,Localidad simple
loc-ar-loc-georef-50119070,loc-ar-prov-mendoza,"Vista Flores",50119070,Localidad simple
loc-ar-loc-georef-5006309006,loc-ar-prov-mendoza,"Vistalba",5006309006,Entidad
loc-ar-loc-georef-54014060,loc-ar-prov-misiones,"1º de Mayo",54014060,Localidad simple
loc-ar-loc-georef-54119060,loc-ar-prov-misiones,"25 de Mayo",54119060,Localidad simple
loc-ar-loc-georef-54042050,loc-ar-prov-misiones,"9 de Julio Kilómetro 20",54042050,Localidad simple
loc-ar-loc-georef-54042040,loc-ar-prov-misiones,"9 de Julio Kilómetro 28",54042040,Localidad simple
loc-ar-loc-georef-54119010,loc-ar-prov-misiones,"Alba Posse",54119010,Localidad simple
loc-ar-loc-georef-54119020,loc-ar-prov-misiones,"Alicia Alta",54119020,Localidad simple
loc-ar-loc-georef-54119025,loc-ar-prov-misiones,"Alicia Baja",54119025,Localidad simple
loc-ar-loc-georef-54070010,loc-ar-prov-misiones,"Almafuerte",54070010,Localidad simple
loc-ar-loc-georef-54007010,loc-ar-prov-misiones,"Apóstoles",54007010,Localidad simple
loc-ar-loc-georef-54014010,loc-ar-prov-misiones,"Aristóbulo del Valle",54014010,Localidad simple
loc-ar-loc-georef-54070020,loc-ar-prov-misiones,"Arroyo del Medio",54070020,Localidad simple
loc-ar-loc-georef-54007020,loc-ar-prov-misiones,"Azara",54007020,Localidad simple
loc-ar-loc-georef-54084007,loc-ar-prov-misiones,"Bario Ita",54084007,Localidad simple
loc-ar-loc-georef-54035010,loc-ar-prov-misiones,"Barra Concepción",54035010,Localidad simple
loc-ar-loc-georef-54084003,loc-ar-prov-misiones,"Barrio Cuatro Bocas",54084003,Localidad simple
loc-ar-loc-georef-54021005,loc-ar-prov-misiones,"Barrio del Lago",54021005,Localidad simple
loc-ar-loc-georef-54091013,loc-ar-prov-misiones,"Barrio Escuela 461",54091013,Localidad simple
loc-ar-loc-georef-54091017,loc-ar-prov-misiones,"Barrio Escuela 633",54091017,Componente de localidad compuesta
loc-ar-loc-georef-54084005,loc-ar-prov-misiones,"Barrio Guatambu",54084005,Localidad simple
loc-ar-loc-georef-54007025,loc-ar-prov-misiones,"Barrio Rural",54007025,Localidad simple
loc-ar-loc-georef-54098005,loc-ar-prov-misiones,"Barrio Tungoil",54098005,Localidad simple
loc-ar-loc-georef-54049020,loc-ar-prov-misiones,"Bernardo de Irigoyen",54049020,Localidad simple
loc-ar-loc-georef-54021010,loc-ar-prov-misiones,"Bonpland",54021010,Localidad simple
loc-ar-loc-georef-54070030,loc-ar-prov-misiones,"Caá - Yarí",54070030,Localidad simple
loc-ar-loc-georef-54049025,loc-ar-prov-misiones,"Caburei",54049025,Localidad simple
loc-ar-loc-georef-54014020,loc-ar-prov-misiones,"Campo Grande",54014020,Localidad simple
loc-ar-loc-georef-54091020,loc-ar-prov-misiones,"Campo Ramón",54091020,Localidad simple
loc-ar-loc-georef-54091030,loc-ar-prov-misiones,"Campo Viera",54091030,Localidad simple
loc-ar-loc-georef-54021020,loc-ar-prov-misiones,"Candelaria",54021020,Localidad simple
loc-ar-loc-georef-54077010,loc-ar-prov-misiones,"Capioví",54077010,Localidad simple
loc-ar-loc-georef-54077015,loc-ar-prov-misiones,"Capioviciño",54077015,Localidad simple
loc-ar-loc-georef-54084010,loc-ar-prov-misiones,"Caraguatay",54084010,Localidad simple
loc-ar-loc-georef-54070040,loc-ar-prov-misiones,"Cerro Azul",54070040,Localidad simple
loc-ar-loc-georef-54021030,loc-ar-prov-misiones,"Cerro Corá",54021030,Localidad simple
loc-ar-loc-georef-54091010,loc-ar-prov-misiones,"Colonia Alberdi",54091010,Localidad simple
loc-ar-loc-georef-54119030,loc-ar-prov-misiones,"Colonia Aurora",54119030,Localidad simple
loc-ar-loc-georef-54098010,loc-ar-prov-misiones,"Colonia Polana",54098010,Localidad simple
loc-ar-loc-georef-54042010,loc-ar-prov-misiones,"Colonia Victoria",54042010,Localidad simple
loc-ar-loc-georef-54063040,loc-ar-prov-misiones,"Colonia Wanda",54063040,Localidad simple
loc-ar-loc-georef-54049010,loc-ar-prov-misiones,"Comandante Andresito",54049010,Localidad simple
loc-ar-loc-georef-54035020,loc-ar-prov-misiones,"Concepción de la Sierra",54035020,Localidad simple
loc-ar-loc-georef-54098020,loc-ar-prov-misiones,"Corpus",54098020,Localidad simple
loc-ar-loc-georef-54112010,loc-ar-prov-misiones,"Cruce Caballero",54112010,Localidad simple
loc-ar-loc-georef-54098030,loc-ar-prov-misiones,"Domingo Savio",54098030,Localidad simple
loc-ar-loc-georef-54070050,loc-ar-prov-misiones,"Dos Arroyos",54070050,Localidad simple
loc-ar-loc-georef-54014030,loc-ar-prov-misiones,"Dos de Mayo",54014030,Localidad simple
loc-ar-loc-georef-5401403001,loc-ar-prov-misiones,"Dos de Mayo Núcleo I",5401403001,Entidad
loc-ar-loc-georef-5401403002,loc-ar-prov-misiones,"Dos de Mayo Núcleo II",5401403002,Entidad
loc-ar-loc-georef-54014050,loc-ar-prov-misiones,"Dos de Mayo Nucleo III (Bº Bernardino Rivadavia)",54014050,Localidad simple
loc-ar-loc-georef-54049030,loc-ar-prov-misiones,"Dos Hermanas",54049030,Localidad simple
loc-ar-loc-georef-54077020,loc-ar-prov-misiones,"El Alcázar",54077020,Localidad simple
loc-ar-loc-georef-54091040,loc-ar-prov-misiones,"El Salto",54091040,Localidad simple
loc-ar-loc-georef-54056010,loc-ar-prov-misiones,"El Soberbio",54056010,Localidad simple
loc-ar-loc-georef-54042020,loc-ar-prov-misiones,"Eldorado",54042020,Localidad simple
loc-ar-loc-georef-54007030,loc-ar-prov-misiones,"Estación Apóstoles",54007030,Componente de localidad compuesta
loc-ar-loc-georef-54105010,loc-ar-prov-misiones,"Florentino Ameghino",54105010,Localidad simple
loc-ar-loc-georef-54056020,loc-ar-prov-misiones,"Fracrán",54056020,Localidad simple
loc-ar-loc-georef-54077030,loc-ar-prov-misiones,"Garuhapé",54077030,Localidad simple
loc-ar-loc-georef-54028010,loc-ar-prov-misiones,"Garupá",54028010,Componente de localidad compuesta
loc-ar-loc-georef-54091050,loc-ar-prov-misiones,"General Alvear",54091050,Localidad simple
loc-ar-loc-georef-54098040,loc-ar-prov-misiones,"General Urquiza",54098040,Localidad simple
loc-ar-loc-georef-54070060,loc-ar-prov-misiones,"Gobernador López",54070060,Localidad simple
loc-ar-loc-georef-54098050,loc-ar-prov-misiones,"Gobernador Roca",54098050,Localidad simple
loc-ar-loc-georef-54091060,loc-ar-prov-misiones,"Guaraní",54091060,Localidad simple
loc-ar-loc-georef-54098060,loc-ar-prov-misiones,"Helvecia",54098060,Localidad simple
loc-ar-loc-georef-54098070,loc-ar-prov-misiones,"Hipólito Yrigoyen",54098070,Localidad simple
loc-ar-loc-georef-54049040,loc-ar-prov-misiones,"Integración",54049040,Localidad simple
loc-ar-loc-georef-54105020,loc-ar-prov-misiones,"Itacaruaré",54105020,Localidad simple
loc-ar-loc-georef-54098080,loc-ar-prov-misiones,"Jardín América",54098080,Localidad simple
loc-ar-loc-georef-54014055,loc-ar-prov-misiones,"Kilómetro 17",54014055,Localidad simple
loc-ar-loc-georef-54035030,loc-ar-prov-misiones,"La Corita",54035030,Localidad simple
loc-ar-loc-georef-54084020,loc-ar-prov-misiones,"Laharrague",54084020,Localidad simple
loc-ar-loc-georef-54070070,loc-ar-prov-misiones,"Leandro N. Alem",54070070,Localidad simple
loc-ar-loc-georef-54021040,loc-ar-prov-misiones,"Loreto",54021040,Localidad simple
loc-ar-loc-georef-54091070,loc-ar-prov-misiones,"Los Helechos",54091070,Localidad simple
loc-ar-loc-georef-54042030,loc-ar-prov-misiones,"María Magdalena",54042030,Localidad simple
loc-ar-loc-georef-54021050,loc-ar-prov-misiones,"Mártires",54021050,Localidad simple
loc-ar-loc-georef-54077040,loc-ar-prov-misiones,"Mbopicuá",54077040,Localidad simple
loc-ar-loc-georef-54105030,loc-ar-prov-misiones,"Mojón Grande",54105030,Localidad simple
loc-ar-loc-georef-54084030,loc-ar-prov-misiones,"Montecarlo",54084030,Localidad simple
loc-ar-loc-georef-54028020,loc-ar-prov-misiones,"Nemesio Parma",54028020,Localidad simple
loc-ar-loc-georef-54042035,loc-ar-prov-misiones,"Nueva Delicia",54042035,Localidad simple
loc-ar-loc-georef-54098090,loc-ar-prov-misiones,"Oasis",54098090,Localidad simple
loc-ar-loc-georef-54091080,loc-ar-prov-misiones,"Oberá",54091080,Componente de localidad compuesta
loc-ar-loc-georef-54070080,loc-ar-prov-misiones,"Olegario V. Andrade",54070080,Localidad simple
loc-ar-loc-georef-54091090,loc-ar-prov-misiones,"Panambí",54091090,Localidad simple
loc-ar-loc-georef-54091105,loc-ar-prov-misiones,"Panambi Kilómetro 15",54091105,Localidad simple
loc-ar-loc-georef-54091100,loc-ar-prov-misiones,"Panambí Kilómetro 8",54091100,Localidad simple
loc-ar-loc-georef-54112020,loc-ar-prov-misiones,"Paraíso",54112020,Localidad simple
loc-ar-loc-georef-54007040,loc-ar-prov-misiones,"Pindapoy",54007040,Localidad simple
loc-ar-loc-georef-54049043,loc-ar-prov-misiones,"Piñalito Norte",54049043,Localidad simple
loc-ar-loc-georef-54112030,loc-ar-prov-misiones,"Piñalito Sur",54112030,Localidad simple
loc-ar-loc-georef-54084040,loc-ar-prov-misiones,"Piray Kilómetro 18",54084040,Localidad simple
loc-ar-loc-georef-54028030,loc-ar-prov-misiones,"Posadas",54028030,Componente de localidad compuesta
loc-ar-loc-georef-54028040,loc-ar-prov-misiones,"Posadas (Extensión)",54028040,Componente de localidad compuesta
loc-ar-loc-georef-54021060,loc-ar-prov-misiones,"Profundidad",54021060,Localidad simple
loc-ar-loc-georef-54014070,loc-ar-prov-misiones,"Pueblo Illia",54014070,Localidad simple
loc-ar-loc-georef-54042055,loc-ar-prov-misiones,"Pueblo Nuevo",54042055,Localidad simple
loc-ar-loc-georef-54049045,loc-ar-prov-misiones,"Puerto Andresito",54049045,Localidad simple
loc-ar-loc-georef-54049047,loc-ar-prov-misiones,"Puerto Deseado",54049047,Localidad simple
loc-ar-loc-georef-54063010,loc-ar-prov-misiones,"Puerto Esperanza",54063010,Localidad simple
loc-ar-loc-georef-54063030,loc-ar-prov-misiones,"Puerto Iguazú",54063030,Localidad simple
loc-ar-loc-georef-54077050,loc-ar-prov-misiones,"Puerto Leoni",54077050,Localidad simple
loc-ar-loc-georef-54063020,loc-ar-prov-misiones,"Puerto Libertad",54063020,Localidad simple
loc-ar-loc-georef-54042060,loc-ar-prov-misiones,"Puerto Mado",54042060,Localidad simple
loc-ar-loc-georef-54042070,loc-ar-prov-misiones,"Puerto Pinares",54042070,Localidad simple
loc-ar-loc-georef-54084050,loc-ar-prov-misiones,"Puerto Piray",54084050,Localidad simple
loc-ar-loc-georef-54077060,loc-ar-prov-misiones,"Puerto Rico",54077060,Localidad simple
loc-ar-loc-georef-54021070,loc-ar-prov-misiones,"Puerto Santa Ana",54021070,Localidad simple
loc-ar-loc-georef-54007050,loc-ar-prov-misiones,"Rincón de Azara",54007050,Localidad simple
loc-ar-loc-georef-54098100,loc-ar-prov-misiones,"Roca Chica",54098100,Localidad simple
loc-ar-loc-georef-54077070,loc-ar-prov-misiones,"Ruiz de Montoya",54077070,Localidad simple
loc-ar-loc-georef-54014080,loc-ar-prov-misiones,"Salto Encantado",54014080,Localidad simple
loc-ar-loc-georef-54077080,loc-ar-prov-misiones,"San Alberto",54077080,Localidad simple
loc-ar-loc-georef-54049050,loc-ar-prov-misiones,"San Antonio",54049050,Localidad simple
loc-ar-loc-georef-54119040,loc-ar-prov-misiones,"San Francisco de Asís",54119040,Localidad simple
loc-ar-loc-georef-54077090,loc-ar-prov-misiones,"San Gotardo",54077090,Localidad simple
loc-ar-loc-georef-54098110,loc-ar-prov-misiones,"San Ignacio",54098110,Localidad simple
loc-ar-loc-georef-54105040,loc-ar-prov-misiones,"San Javier",54105040,Localidad simple
loc-ar-loc-georef-54007060,loc-ar-prov-misiones,"San José",54007060,Localidad simple
loc-ar-loc-georef-54091110,loc-ar-prov-misiones,"San Martín",54091110,Localidad simple
loc-ar-loc-georef-54077100,loc-ar-prov-misiones,"San Miguel",54077100,Localidad simple
loc-ar-loc-georef-54112040,loc-ar-prov-misiones,"San Pedro",54112040,Localidad simple
loc-ar-loc-georef-54056030,loc-ar-prov-misiones,"San Vicente",54056030,Localidad simple
loc-ar-loc-georef-54021080,loc-ar-prov-misiones,"Santa Ana",54021080,Localidad simple
loc-ar-loc-georef-54035040,loc-ar-prov-misiones,"Santa María",54035040,Localidad simple
loc-ar-loc-georef-54119050,loc-ar-prov-misiones,"Santa Rita",54119050,Localidad simple
loc-ar-loc-georef-54042080,loc-ar-prov-misiones,"Santiago de Liniers",54042080,Localidad simple
loc-ar-loc-georef-54098120,loc-ar-prov-misiones,"Santo Pipó",54098120,Localidad simple
loc-ar-loc-georef-54084060,loc-ar-prov-misiones,"Tarumá",54084060,Localidad simple
loc-ar-loc-georef-54112050,loc-ar-prov-misiones,"Tobuna",54112050,Localidad simple
loc-ar-loc-georef-54007070,loc-ar-prov-misiones,"Tres Capones",54007070,Localidad simple
loc-ar-loc-georef-54042090,loc-ar-prov-misiones,"Valle Hermoso",54042090,Localidad simple
loc-ar-loc-georef-54077110,loc-ar-prov-misiones,"Villa Akerman",54077110,Localidad simple
loc-ar-loc-georef-54091120,loc-ar-prov-misiones,"Villa Bonita",54091120,Localidad simple
loc-ar-loc-georef-54063035,loc-ar-prov-misiones,"Villa Cooperativa",54063035,Localidad simple
loc-ar-loc-georef-54070090,loc-ar-prov-misiones,"Villa Libertad",54070090,Componente de localidad compuesta
loc-ar-loc-georef-54084070,loc-ar-prov-misiones,"Villa Parodi",54084070,Localidad simple
loc-ar-loc-georef-54042100,loc-ar-prov-misiones,"Villa Roulet",54042100,Localidad simple
loc-ar-loc-georef-54077120,loc-ar-prov-misiones,"Villa Urrutia",54077120,Localidad simple
loc-ar-loc-georef-58014005,loc-ar-prov-neuquen,"Aguada San Roque",58014005,Localidad simple
loc-ar-loc-georef-58007010,loc-ar-prov-neuquen,"Aluminé",58007010,Localidad simple
loc-ar-loc-georef-58077010,loc-ar-prov-neuquen,"Andacollo",58077010,Localidad simple
loc-ar-loc-georef-58014010,loc-ar-prov-neuquen,"Añelo",58014010,Localidad simple
loc-ar-loc-georef-58035010,loc-ar-prov-neuquen,"Arroyito",58035010,Localidad simple
loc-ar-loc-georef-58105010,loc-ar-prov-neuquen,"Bajada del Agrio",58105010,Localidad simple
loc-ar-loc-georef-58091010,loc-ar-prov-neuquen,"Barrancas",58091010,Localidad simple
loc-ar-loc-georef-58091020,loc-ar-prov-neuquen,"Buta Ranquil",58091020,Localidad simple
loc-ar-loc-georef-58084010,loc-ar-prov-neuquen,"Caviahue",58084010,Localidad simple
loc-ar-loc-georef-58035030,loc-ar-prov-neuquen,"Centenario",58035030,Localidad simple
loc-ar-loc-georef-58063010,loc-ar-prov-neuquen,"Chorriaca",58063010,Localidad simple
loc-ar-loc-georef-58042010,loc-ar-prov-neuquen,"Chos Malal",58042010,Localidad simple
loc-ar-loc-georef-58084020,loc-ar-prov-neuquen,"Copahue",58084020,Localidad simple
loc-ar-loc-georef-5811202001,loc-ar-prov-neuquen,"Covunco Centro",5811202001,Entidad
loc-ar-loc-georef-58035040,loc-ar-prov-neuquen,"Cutral Có",58035040,Componente de localidad compuesta
loc-ar-loc-georef-58084030,loc-ar-prov-neuquen,"El Cholar",58084030,Localidad simple
loc-ar-loc-georef-58084040,loc-ar-prov-neuquen,"El Huecú",58084040,Localidad simple
loc-ar-loc-georef-58098005,loc-ar-prov-neuquen,"El Sauce",58098005,Localidad simple
loc-ar-loc-georef-58077020,loc-ar-prov-neuquen,"Huinganco",58077020,Localidad simple
loc-ar-loc-georef-58049010,loc-ar-prov-neuquen,"Junín de los Andes",58049010,Localidad simple
loc-ar-loc-georef-58105020,loc-ar-prov-neuquen,"La Buitrera",58105020,Localidad simple
loc-ar-loc-georef-58021010,loc-ar-prov-neuquen,"Las Coloradas",58021010,Localidad simple
loc-ar-loc-georef-58105030,loc-ar-prov-neuquen,"Las Lajas",58105030,Localidad simple
loc-ar-loc-georef-58077030,loc-ar-prov-neuquen,"Las Ovejas",58077030,Localidad simple
loc-ar-loc-georef-58063020,loc-ar-prov-neuquen,"Loncopué",58063020,Localidad simple
loc-ar-loc-georef-58112010,loc-ar-prov-neuquen,"Los Catutos",58112010,Localidad simple
loc-ar-loc-georef-58077040,loc-ar-prov-neuquen,"Los Miches",58077040,Localidad simple
loc-ar-loc-georef-58077050,loc-ar-prov-neuquen,"Manzano Amargo",58077050,Localidad simple
loc-ar-loc-georef-58035060,loc-ar-prov-neuquen,"Mari Menuco",58035060,Localidad simple
loc-ar-loc-georef-58112020,loc-ar-prov-neuquen,"Mariano Moreno",58112020,Localidad simple
loc-ar-loc-georef-58007015,loc-ar-prov-neuquen,"Moquehue",58007015,Localidad simple
loc-ar-loc-georef-58035070,loc-ar-prov-neuquen,"Neuquén",58035070,Componente de localidad compuesta
loc-ar-loc-georef-58091030,loc-ar-prov-neuquen,"Octavio Pico",58091030,Localidad simple
loc-ar-loc-georef-58098010,loc-ar-prov-neuquen,"Paso Aguerre",58098010,Localidad simple
loc-ar-loc-georef-58098020,loc-ar-prov-neuquen,"Picún Leufú",58098020,Localidad simple
loc-ar-loc-georef-58028010,loc-ar-prov-neuquen,"Piedra del Águila",58028010,Localidad simple
loc-ar-loc-georef-58035090,loc-ar-prov-neuquen,"Plaza Huincul",58035090,Componente de localidad compuesta
loc-ar-loc-georef-58035100,loc-ar-prov-neuquen,"Plottier",58035100,Componente de localidad compuesta
loc-ar-loc-georef-58105040,loc-ar-prov-neuquen,"Quili Malal",58105040,Localidad simple
loc-ar-loc-georef-58112030,loc-ar-prov-neuquen,"Ramón M. Castro",58112030,Localidad simple
loc-ar-loc-georef-58091040,loc-ar-prov-neuquen,"Rincón de los Sauces",58091040,Localidad simple
loc-ar-loc-georef-58056010,loc-ar-prov-neuquen,"San Martín de los Andes",58056010,Localidad simple
loc-ar-loc-georef-58014020,loc-ar-prov-neuquen,"San Patricio del Chañar",58014020,Localidad simple
loc-ar-loc-georef-58028020,loc-ar-prov-neuquen,"Santo Tomás",58028020,Localidad simple
loc-ar-loc-georef-58035110,loc-ar-prov-neuquen,"Senillosa",58035110,Localidad simple
loc-ar-loc-georef-58084050,loc-ar-prov-neuquen,"Taquimilán",58084050,Localidad simple
loc-ar-loc-georef-58042020,loc-ar-prov-neuquen,"Tricao Malal",58042020,Localidad simple
loc-ar-loc-georef-58077060,loc-ar-prov-neuquen,"Varvarco",58077060,Localidad simple
loc-ar-loc-georef-58042030,loc-ar-prov-neuquen,"Villa del Curi Leuvú",58042030,Localidad simple
loc-ar-loc-georef-58077070,loc-ar-prov-neuquen,"Villa del Nahueve",58077070,Localidad simple
loc-ar-loc-georef-58035120,loc-ar-prov-neuquen,"Villa El Chocón",58035120,Localidad simple
loc-ar-loc-georef-58070010,loc-ar-prov-neuquen,"Villa La Angostura",58070010,Localidad simple
loc-ar-loc-georef-58056020,loc-ar-prov-neuquen,"Villa Lago Meliquina",58056020,Localidad simple
loc-ar-loc-georef-58007020,loc-ar-prov-neuquen,"Villa Pehuenia",58007020,Localidad simple
loc-ar-loc-georef-58070020,loc-ar-prov-neuquen,"Villa Traful",58070020,Localidad simple
loc-ar-loc-georef-58035130,loc-ar-prov-neuquen,"Vista Alegre Norte",58035130,Localidad simple
loc-ar-loc-georef-58035140,loc-ar-prov-neuquen,"Vista Alegre Sur",58035140,Localidad simple
loc-ar-loc-georef-58112040,loc-ar-prov-neuquen,"Zapala",58112040,Localidad simple
loc-ar-loc-georef-62084010,loc-ar-prov-rio-negro,"Aguada Cecilio",62084010,Localidad simple
loc-ar-loc-georef-62091010,loc-ar-prov-rio-negro,"Aguada de Guerra",62091010,Localidad simple
loc-ar-loc-georef-62035010,loc-ar-prov-rio-negro,"Aguada Guzmán",62035010,Localidad simple
loc-ar-loc-georef-62042010,loc-ar-prov-rio-negro,"Allen",62042010,Localidad simple
loc-ar-loc-georef-62084020,loc-ar-prov-rio-negro,"Arroyo Los Berros",62084020,Localidad simple
loc-ar-loc-georef-62084030,loc-ar-prov-rio-negro,"Arroyo Ventana",62084030,Localidad simple
loc-ar-loc-georef-62007010,loc-ar-prov-rio-negro,"Bahía Creek",62007010,Localidad simple
loc-ar-loc-georef-62042030,loc-ar-prov-rio-negro,"Barda del Medio",62042030,Localidad simple
loc-ar-loc-georef-62042040,loc-ar-prov-rio-negro,"Barrio Blanco",62042040,Localidad simple
loc-ar-loc-georef-62042050,loc-ar-prov-rio-negro,"Barrio Calle Ciega Nº 10",62042050,Localidad simple
loc-ar-loc-georef-62042060,loc-ar-prov-rio-negro,"Barrio Calle Ciega Nº 6",62042060,Localidad simple
loc-ar-loc-georef-62042070,loc-ar-prov-rio-negro,"Barrio Canale",62042070,Localidad simple
loc-ar-loc-georef-62042080,loc-ar-prov-rio-negro,"Barrio Chacra Monte",62042080,Localidad simple
loc-ar-loc-georef-62028010,loc-ar-prov-rio-negro,"Barrio Colonia Conesa",62028010,Localidad simple
loc-ar-loc-georef-62042090,loc-ar-prov-rio-negro,"Barrio Costa Este",62042090,Localidad simple
loc-ar-loc-georef-62042110,loc-ar-prov-rio-negro,"Barrio Costa Oeste",62042110,Localidad simple
loc-ar-loc-georef-62042115,loc-ar-prov-rio-negro,"Barrio Destacamento",62042115,Localidad simple
loc-ar-loc-georef-62042120,loc-ar-prov-rio-negro,"Barrio El Labrador",62042120,Localidad simple
loc-ar-loc-georef-62042130,loc-ar-prov-rio-negro,"Barrio El Maruchito",62042130,Localidad simple
loc-ar-loc-georef-62042140,loc-ar-prov-rio-negro,"Barrio El Petróleo",62042140,Localidad simple
loc-ar-loc-georef-62042143,loc-ar-prov-rio-negro,"Barrio Emergente",62042143,Localidad simple
loc-ar-loc-georef-62063005,loc-ar-prov-rio-negro,"Barrio Esperanza",62063005,Localidad simple
loc-ar-loc-georef-62042147,loc-ar-prov-rio-negro,"Barrio Fátima",62042147,Localidad simple
loc-ar-loc-georef-62042150,loc-ar-prov-rio-negro,"Barrio Frontera",62042150,Localidad simple
loc-ar-loc-georef-62042160,loc-ar-prov-rio-negro,"Barrio Guerrico",62042160,Localidad simple
loc-ar-loc-georef-62042170,loc-ar-prov-rio-negro,"Barrio Isla 10",62042170,Localidad simple
loc-ar-loc-georef-62042180,loc-ar-prov-rio-negro,"Barrio La Barda",62042180,Localidad simple
loc-ar-loc-georef-62042200,loc-ar-prov-rio-negro,"Barrio La Costa",62042200,Localidad simple
loc-ar-loc-georef-62042210,loc-ar-prov-rio-negro,"Barrio La Defensa",62042210,Localidad simple
loc-ar-loc-georef-62042215,loc-ar-prov-rio-negro,"Barrio La Herradura",62042215,Localidad simple
loc-ar-loc-georef-6204240001,loc-ar-prov-rio-negro,"Barrio La Lor",6204240001,Entidad
loc-ar-loc-georef-62042245,loc-ar-prov-rio-negro,"Barrio Luisillo",62042245,Localidad simple
loc-ar-loc-georef-62042250,loc-ar-prov-rio-negro,"Barrio Mar del Plata",62042250,Localidad simple
loc-ar-loc-georef-62042260,loc-ar-prov-rio-negro,"Barrio María Elvira",62042260,Localidad simple
loc-ar-loc-georef-62042265,loc-ar-prov-rio-negro,"Barrio Moño Azul",62042265,Localidad simple
loc-ar-loc-georef-62042280,loc-ar-prov-rio-negro,"Barrio Norte",62042280,Localidad simple
loc-ar-loc-georef-62042297,loc-ar-prov-rio-negro,"Barrio Pinar",62042297,Localidad simple
loc-ar-loc-georef-6204245001,loc-ar-prov-rio-negro,"Barrio Pino Azul",6204245001,Entidad
loc-ar-loc-georef-62028030,loc-ar-prov-rio-negro,"Barrio Planta Compresora de Gas",62028030,Localidad simple
loc-ar-loc-georef-62042310,loc-ar-prov-rio-negro,"Barrio Porvenir",62042310,Localidad simple
loc-ar-loc-georef-6204239001,loc-ar-prov-rio-negro,"Barrio Presidente Perón",6204239001,Entidad
loc-ar-loc-georef-62042335,loc-ar-prov-rio-negro,"Barrio Santa Lucia",62042335,Localidad simple
loc-ar-loc-georef-62042340,loc-ar-prov-rio-negro,"Barrio Santa Rita",62042340,Localidad simple
loc-ar-loc-georef-62014010,loc-ar-prov-rio-negro,"Barrio Unión",62014010,Localidad simple
loc-ar-loc-georef-62070005,loc-ar-prov-rio-negro,"Cañadón Chileno",62070005,Localidad simple
loc-ar-loc-georef-62042360,loc-ar-prov-rio-negro,"Catriel",62042360,Localidad simple
loc-ar-loc-georef-62035020,loc-ar-prov-rio-negro,"Cerro Policía",62035020,Localidad simple
loc-ar-loc-georef-62042370,loc-ar-prov-rio-negro,"Cervantes",62042370,Localidad simple
loc-ar-loc-georef-62014020,loc-ar-prov-rio-negro,"Chelforó",62014020,Localidad simple
loc-ar-loc-georef-62042380,loc-ar-prov-rio-negro,"Chichinales",62042380,Localidad simple
loc-ar-loc-georef-62014030,loc-ar-prov-rio-negro,"Chimpay",62014030,Localidad simple
loc-ar-loc-georef-62014040,loc-ar-prov-rio-negro,"Choele Choel",62014040,Localidad simple
loc-ar-loc-georef-62042390,loc-ar-prov-rio-negro,"Cinco Saltos",62042390,Localidad simple
loc-ar-loc-georef-62042400,loc-ar-prov-rio-negro,"Cipolletti",62042400,Componente de localidad compuesta
loc-ar-loc-georef-62091020,loc-ar-prov-rio-negro,"Clemente Onelli",62091020,Localidad simple
loc-ar-loc-georef-62091030,loc-ar-prov-rio-negro,"Colan Conhue",62091030,Localidad simple
loc-ar-loc-georef-62063010,loc-ar-prov-rio-negro,"Colonia Juliá y Echarren",62063010,Localidad simple
loc-ar-loc-georef-62021020,loc-ar-prov-rio-negro,"Colonia Suiza",62021020,Localidad simple
loc-ar-loc-georef-62070010,loc-ar-prov-rio-negro,"Comallo",62070010,Localidad simple
loc-ar-loc-georef-62049010,loc-ar-prov-rio-negro,"Comicó",62049010,Localidad simple
loc-ar-loc-georef-62049020,loc-ar-prov-rio-negro,"Cona Niyeu",62049020,Localidad simple
loc-ar-loc-georef-62042410,loc-ar-prov-rio-negro,"Contralmirante Cordero",62042410,Localidad simple
loc-ar-loc-georef-62014050,loc-ar-prov-rio-negro,"Coronel Belisle",62014050,Localidad simple
loc-ar-loc-georef-62014060,loc-ar-prov-rio-negro,"Darwin",62014060,Localidad simple
loc-ar-loc-georef-62070020,loc-ar-prov-rio-negro,"Dina Huapi",62070020,Localidad simple
loc-ar-loc-georef-62021030,loc-ar-prov-rio-negro,"El Bolsón",62021030,Localidad simple
loc-ar-loc-georef-62091040,loc-ar-prov-rio-negro,"El Caín",62091040,Localidad simple
loc-ar-loc-georef-62007020,loc-ar-prov-rio-negro,"El Cóndor",62007020,Localidad simple
loc-ar-loc-georef-62035030,loc-ar-prov-rio-negro,"El Cuy",62035030,Localidad simple
loc-ar-loc-georef-62077005,loc-ar-prov-rio-negro,"El Empalme",62077005,Localidad simple
loc-ar-loc-georef-62021040,loc-ar-prov-rio-negro,"El Foyel",62021040,Localidad simple
loc-ar-loc-georef-62007030,loc-ar-prov-rio-negro,"El Juncal",62007030,Localidad simple
loc-ar-loc-georef-62042420,loc-ar-prov-rio-negro,"Ferri",62042420,Localidad simple
loc-ar-loc-georef-62028020,loc-ar-prov-rio-negro,"General Conesa",62028020,Localidad simple
loc-ar-loc-georef-62042430,loc-ar-prov-rio-negro,"General Enrique Godoy",62042430,Localidad simple
loc-ar-loc-georef-62042440,loc-ar-prov-rio-negro,"General Fernández Oro",62042440,Localidad simple
loc-ar-loc-georef-62042450,loc-ar-prov-rio-negro,"General Roca",62042450,Localidad simple
loc-ar-loc-georef-62007040,loc-ar-prov-rio-negro,"Guardia Mitre",62007040,Localidad simple
loc-ar-loc-georef-62091050,loc-ar-prov-rio-negro,"Ingeniero Jacobacci",62091050,Localidad simple
loc-ar-loc-georef-62042460,loc-ar-prov-rio-negro,"Ingeniero Luis A. Huergo",62042460,Localidad simple
loc-ar-loc-georef-62042470,loc-ar-prov-rio-negro,"Ingeniero Otto Krause",62042470,Localidad simple
loc-ar-loc-georef-62063013,loc-ar-prov-rio-negro,"Juventud Unida",62063013,Localidad simple
loc-ar-loc-georef-62007050,loc-ar-prov-rio-negro,"La Lobería",62007050,Localidad simple
loc-ar-loc-georef-62070030,loc-ar-prov-rio-negro,"Laguna Blanca",62070030,Localidad simple
loc-ar-loc-georef-62014070,loc-ar-prov-rio-negro,"Lamarque",62014070,Localidad simple
loc-ar-loc-georef-62056010,loc-ar-prov-rio-negro,"Las Bayas",62056010,Localidad simple
loc-ar-loc-georef-62077010,loc-ar-prov-rio-negro,"Las Grutas",62077010,Localidad simple
loc-ar-loc-georef-62035040,loc-ar-prov-rio-negro,"Las Perlas",62035040,Localidad simple
loc-ar-loc-georef-62091060,loc-ar-prov-rio-negro,"Los Menucos",62091060,Localidad simple
loc-ar-loc-georef-62007060,loc-ar-prov-rio-negro,"Loteo Costa de Río",62007060,Localidad simple
loc-ar-loc-georef-62014080,loc-ar-prov-rio-negro,"Luis Beltrán",62014080,Localidad simple
loc-ar-loc-georef-62042480,loc-ar-prov-rio-negro,"Mainqué",62042480,Localidad simple
loc-ar-loc-georef-62021047,loc-ar-prov-rio-negro,"Mallín Ahogado",62021047,Localidad simple
loc-ar-loc-georef-62056020,loc-ar-prov-rio-negro,"Mamuel Choique",62056020,Localidad simple
loc-ar-loc-georef-62091070,loc-ar-prov-rio-negro,"Maquinchao",62091070,Localidad simple
loc-ar-loc-georef-62035050,loc-ar-prov-rio-negro,"Mencué",62035050,Localidad simple
loc-ar-loc-georef-62049030,loc-ar-prov-rio-negro,"Ministro Ramos Mexía",62049030,Localidad simple
loc-ar-loc-georef-62084040,loc-ar-prov-rio-negro,"Nahuel Niyeu",62084040,Localidad simple
loc-ar-loc-georef-62035060,loc-ar-prov-rio-negro,"Naupa Huen",62035060,Localidad simple
loc-ar-loc-georef-62070040,loc-ar-prov-rio-negro,"Ñirihuau",62070040,Localidad simple
loc-ar-loc-georef-62056030,loc-ar-prov-rio-negro,"Ñorquincó",62056030,Localidad simple
loc-ar-loc-georef-62056040,loc-ar-prov-rio-negro,"Ojos de Agua",62056040,Localidad simple
loc-ar-loc-georef-62042020,loc-ar-prov-rio-negro,"Paraje Arroyón (Bajo San Cayetano)",62042020,Localidad simple
loc-ar-loc-georef-62035070,loc-ar-prov-rio-negro,"Paso Córdova",62035070,Componente de localidad compuesta
loc-ar-loc-georef-62042500,loc-ar-prov-rio-negro,"Península Ruca Co",62042500,Localidad simple
loc-ar-loc-georef-62063017,loc-ar-prov-rio-negro,"Pichi Mahuida",62063017,Localidad simple
loc-ar-loc-georef-62070060,loc-ar-prov-rio-negro,"Pilcaniyeu",62070060,Localidad simple
loc-ar-loc-georef-62091090,loc-ar-prov-rio-negro,"Pilquiniyeu",62091090,Localidad simple
loc-ar-loc-georef-62070070,loc-ar-prov-rio-negro,"Pilquiniyeu del Limay",62070070,Localidad simple
loc-ar-loc-georef-62077020,loc-ar-prov-rio-negro,"Playas Doradas",62077020,Localidad simple
loc-ar-loc-georef-62014090,loc-ar-prov-rio-negro,"Pomona",62014090,Localidad simple
loc-ar-loc-georef-62007070,loc-ar-prov-rio-negro,"Pozo Salado",62007070,Localidad simple
loc-ar-loc-georef-62049040,loc-ar-prov-rio-negro,"Prahuaniyeu",62049040,Localidad simple
loc-ar-loc-georef-62042240,loc-ar-prov-rio-negro,"Puente Cero",62042240,Localidad simple
loc-ar-loc-georef-62077030,loc-ar-prov-rio-negro,"Puerto San Antonio Este",62077030,Localidad simple
loc-ar-loc-georef-62077040,loc-ar-prov-rio-negro,"Punta Colorada",62077040,Localidad simple
loc-ar-loc-georef-62056050,loc-ar-prov-rio-negro,"Río Chico",62056050,Localidad simple
loc-ar-loc-georef-62063020,loc-ar-prov-rio-negro,"Río Colorado",62063020,Componente de localidad compuesta
loc-ar-loc-georef-62021050,loc-ar-prov-rio-negro,"Río Villegas",62021050,Localidad simple
loc-ar-loc-georef-62077045,loc-ar-prov-rio-negro,"Saco Viejo",62077045,Localidad simple
loc-ar-loc-georef-62063060,loc-ar-prov-rio-negro,"Salto Andersen",62063060,Localidad simple
loc-ar-loc-georef-62077050,loc-ar-prov-rio-negro,"San Antonio Oeste",62077050,Localidad simple
loc-ar-loc-georef-62021060,loc-ar-prov-rio-negro,"San Carlos de Bariloche",62021060,Localidad simple
loc-ar-loc-georef-62007080,loc-ar-prov-rio-negro,"San Javier",62007080,Localidad simple
loc-ar-loc-georef-62042520,loc-ar-prov-rio-negro,"Sargento Vidal",62042520,Localidad simple
loc-ar-loc-georef-62049050,loc-ar-prov-rio-negro,"Sierra Colorada",62049050,Localidad simple
loc-ar-loc-georef-62077060,loc-ar-prov-rio-negro,"Sierra Grande",62077060,Localidad simple
loc-ar-loc-georef-62084050,loc-ar-prov-rio-negro,"Sierra Pailemán",62084050,Localidad simple
loc-ar-loc-georef-62049060,loc-ar-prov-rio-negro,"Treneta",62049060,Localidad simple
loc-ar-loc-georef-62084060,loc-ar-prov-rio-negro,"Valcheta",62084060,Localidad simple
loc-ar-loc-georef-62035080,loc-ar-prov-rio-negro,"Valle Azul",62035080,Localidad simple
loc-ar-loc-georef-62007090,loc-ar-prov-rio-negro,"Viedma",62007090,Componente de localidad compuesta
loc-ar-loc-georef-62042530,loc-ar-prov-rio-negro,"Villa Alberdi",62042530,Localidad simple
loc-ar-loc-georef-6202106002,loc-ar-prov-rio-negro,"Villa Campanario",6202106002,Entidad
loc-ar-loc-georef-62021080,loc-ar-prov-rio-negro,"Villa Catedral",62021080,Localidad simple
loc-ar-loc-georef-62042540,loc-ar-prov-rio-negro,"Villa del Parque",62042540,Localidad simple
loc-ar-loc-georef-62070080,loc-ar-prov-rio-negro,"Villa Llanquín",62070080,Localidad simple
loc-ar-loc-georef-6202106003,loc-ar-prov-rio-negro,"Villa Llao Llao",6202106003,Entidad
loc-ar-loc-georef-62042550,loc-ar-prov-rio-negro,"Villa Manzano",62042550,Localidad simple
loc-ar-loc-georef-62021110,loc-ar-prov-rio-negro,"Villa Mascardi",62021110,Localidad simple
loc-ar-loc-georef-62042560,loc-ar-prov-rio-negro,"Villa Regina",62042560,Localidad simple
loc-ar-loc-georef-62042570,loc-ar-prov-rio-negro,"Villa San Isidro",62042570,Localidad simple
loc-ar-loc-georef-62049070,loc-ar-prov-rio-negro,"Yaminué",62049070,Localidad simple
loc-ar-loc-georef-66161010,loc-ar-prov-salta,"Acoyte",66161010,Localidad simple
loc-ar-loc-georef-66056010,loc-ar-prov-salta,"Aguaray",66056010,Localidad simple
loc-ar-loc-georef-66126010,loc-ar-prov-salta,"Aguas Blancas",66126010,Localidad simple
loc-ar-loc-georef-66133010,loc-ar-prov-salta,"Alto de la Sierra",66133010,Localidad simple
loc-ar-loc-georef-66098010,loc-ar-prov-salta,"Ampascachi",66098010,Localidad simple
loc-ar-loc-georef-66154010,loc-ar-prov-salta,"Angastaco",66154010,Localidad simple
loc-ar-loc-georef-66154020,loc-ar-prov-salta,"Animaná",66154020,Localidad simple
loc-ar-loc-georef-66140010,loc-ar-prov-salta,"Antillá",66140010,Localidad simple
loc-ar-loc-georef-66007010,loc-ar-prov-salta,"Apolinario Saravia",66007010,Localidad simple
loc-ar-loc-georef-66042003,loc-ar-prov-salta,"Barrio Finca La Maroma",66042003,Localidad simple
loc-ar-loc-georef-66042005,loc-ar-prov-salta,"Barrio La Rotonda",66042005,Localidad simple
loc-ar-loc-georef-66042007,loc-ar-prov-salta,"Barrio Santa Teresita",66042007,Localidad simple
loc-ar-loc-georef-66098020,loc-ar-prov-salta,"Cabra Corral",66098020,Localidad simple
loc-ar-loc-georef-66014010,loc-ar-prov-salta,"Cachi",66014010,Localidad simple
loc-ar-loc-georef-66021010,loc-ar-prov-salta,"Cafayate",66021010,Localidad simple
loc-ar-loc-georef-66056030,loc-ar-prov-salta,"Campichuelo",66056030,Localidad simple
loc-ar-loc-georef-66056040,loc-ar-prov-salta,"Campo Durán",66056040,Localidad simple
loc-ar-loc-georef-66161020,loc-ar-prov-salta,"Campo La Cruz",66161020,Localidad simple
loc-ar-loc-georef-66147010,loc-ar-prov-salta,"Campo Quijano",66147010,Localidad simple
loc-ar-loc-georef-66049010,loc-ar-prov-salta,"Campo Santo",66049010,Localidad simple
loc-ar-loc-georef-66056050,loc-ar-prov-salta,"Capiazuti",66056050,Localidad simple
loc-ar-loc-georef-66133020,loc-ar-prov-salta,"Capitán Juan Pagé",66133020,Localidad simple
loc-ar-loc-georef-66056060,loc-ar-prov-salta,"Carboncito",66056060,Localidad simple
loc-ar-loc-georef-66007020,loc-ar-prov-salta,"Ceibalito",66007020,Localidad simple
loc-ar-loc-georef-66007030,loc-ar-prov-salta,"Centro 25 de Junio",66007030,Localidad simple
loc-ar-loc-georef-66035010,loc-ar-prov-salta,"Cerrillos",66035010,Componente de localidad compuesta
loc-ar-loc-georef-66042010,loc-ar-prov-salta,"Chicoana",66042010,Localidad simple
loc-ar-loc-georef-66049020,loc-ar-prov-salta,"Cobos",66049020,Localidad simple
loc-ar-loc-georef-66091010,loc-ar-prov-salta,"Cobres",66091010,Localidad simple
loc-ar-loc-georef-66126020,loc-ar-prov-salta,"Colonia Santa Rosa",66126020,Localidad simple
loc-ar-loc-georef-66140020,loc-ar-prov-salta,"Copo Quile",66140020,Localidad simple
loc-ar-loc-georef-66056070,loc-ar-prov-salta,"Coronel Cornejo",66056070,Localidad simple
loc-ar-loc-georef-66133030,loc-ar-prov-salta,"Coronel Juan Solá",66133030,Localidad simple
loc-ar-loc-georef-66098030,loc-ar-prov-salta,"Coronel Moldes",66098030,Localidad simple
loc-ar-loc-georef-66007040,loc-ar-prov-salta,"Coronel Mollinedo",66007040,Localidad simple
loc-ar-loc-georef-66007050,loc-ar-prov-salta,"Coronel Olleros",66007050,Localidad simple
loc-ar-loc-georef-6602805001,loc-ar-prov-salta,"Country Club El Tipal",6602805001,Entidad
loc-ar-loc-georef-6602805002,loc-ar-prov-salta,"Country Club La Almudena",6602805002,Entidad
loc-ar-loc-georef-66056080,loc-ar-prov-salta,"Dragones",66056080,Localidad simple
loc-ar-loc-georef-66049030,loc-ar-prov-salta,"El Bordo",66049030,Localidad simple
loc-ar-loc-georef-66042020,loc-ar-prov-salta,"El Carril",66042020,Localidad simple
loc-ar-loc-georef-66112010,loc-ar-prov-salta,"El Galpón",66112010,Localidad simple
loc-ar-loc-georef-66084010,loc-ar-prov-salta,"El Jardín",66084010,Localidad simple
loc-ar-loc-georef-66140030,loc-ar-prov-salta,"El Naranjo",66140030,Localidad simple
loc-ar-loc-georef-66140040,loc-ar-prov-salta,"El Potrero",66140040,Localidad simple
loc-ar-loc-georef-66007060,loc-ar-prov-salta,"El Quebrachal",66007060,Localidad simple
loc-ar-loc-georef-66126030,loc-ar-prov-salta,"El Tabacal",66126030,Localidad simple
loc-ar-loc-georef-66084020,loc-ar-prov-salta,"El Tala",66084020,Localidad simple
loc-ar-loc-georef-66112020,loc-ar-prov-salta,"El Tunal",66112020,Localidad simple
loc-ar-loc-georef-66056090,loc-ar-prov-salta,"Embarcación",66056090,Localidad simple
loc-ar-loc-georef-66007070,loc-ar-prov-salta,"Gaona",66007070,Localidad simple
loc-ar-loc-georef-66056100,loc-ar-prov-salta,"General Ballivián",66056100,Localidad simple
loc-ar-loc-georef-66049040,loc-ar-prov-salta,"General Güemes",66049040,Localidad simple
loc-ar-loc-georef-66056110,loc-ar-prov-salta,"General Mosconi",66056110,Localidad simple
loc-ar-loc-georef-66007080,loc-ar-prov-salta,"General Pizarro",66007080,Localidad simple
loc-ar-loc-georef-66063010,loc-ar-prov-salta,"Guachipas",66063010,Localidad simple
loc-ar-loc-georef-66056120,loc-ar-prov-salta,"Hickman",66056120,Localidad simple
loc-ar-loc-georef-66126040,loc-ar-prov-salta,"Hipólito Yrigoyen",66126040,Localidad simple
loc-ar-loc-georef-66133035,loc-ar-prov-salta,"Hito 1",66133035,Localidad simple
loc-ar-loc-georef-66070010,loc-ar-prov-salta,"Iruya",66070010,Localidad simple
loc-ar-loc-georef-66070020,loc-ar-prov-salta,"Isla de Cañas",66070020,Localidad simple
loc-ar-loc-georef-66007090,loc-ar-prov-salta,"Joaquín V. González",66007090,Localidad simple
loc-ar-loc-georef-66077010,loc-ar-prov-salta,"La Caldera",66077010,Localidad simple
loc-ar-loc-georef-66084030,loc-ar-prov-salta,"La Candelaria",66084030,Localidad simple
loc-ar-loc-georef-66035020,loc-ar-prov-salta,"La Merced",66035020,Localidad simple
loc-ar-loc-georef-66147015,loc-ar-prov-salta,"La Merced del Encón",66147015,Localidad simple
loc-ar-loc-georef-6612602002,loc-ar-prov-salta,"La Misión",6612602002,Entidad
loc-ar-loc-georef-66091020,loc-ar-prov-salta,"La Poma",66091020,Localidad simple
loc-ar-loc-georef-66119010,loc-ar-prov-salta,"La Puerta",66119010,Localidad simple
loc-ar-loc-georef-66147020,loc-ar-prov-salta,"La Silleta",66147020,Localidad simple
loc-ar-loc-georef-66133040,loc-ar-prov-salta,"La Unión",66133040,Localidad simple
loc-ar-loc-georef-66098040,loc-ar-prov-salta,"La Viña",66098040,Localidad simple
loc-ar-loc-georef-66007100,loc-ar-prov-salta,"Las Lajitas",66007100,Localidad simple
loc-ar-loc-georef-66133050,loc-ar-prov-salta,"Los Blancos",66133050,Localidad simple
loc-ar-loc-georef-66161030,loc-ar-prov-salta,"Los Toldos",66161030,Localidad simple
loc-ar-loc-georef-66007110,loc-ar-prov-salta,"Luis Burela",66007110,Localidad simple
loc-ar-loc-georef-66112030,loc-ar-prov-salta,"Lumbreras",66112030,Localidad simple
loc-ar-loc-georef-66007120,loc-ar-prov-salta,"Macapillo",66007120,Localidad simple
loc-ar-loc-georef-66056130,loc-ar-prov-salta,"Misión Chaqueña",66056130,Localidad simple
loc-ar-loc-georef-66056150,loc-ar-prov-salta,"Misión Kilómetro 6",66056150,Localidad simple
loc-ar-loc-georef-6605609002,loc-ar-prov-salta,"Misión Tierras Fiscales",6605609002,Entidad
loc-ar-loc-georef-66119020,loc-ar-prov-salta,"Molinos",66119020,Localidad simple
loc-ar-loc-georef-66161040,loc-ar-prov-salta,"Nazareno",66161040,Localidad simple
loc-ar-loc-georef-66007130,loc-ar-prov-salta,"Nuestra Señora de Talavera",66007130,Localidad simple
loc-ar-loc-georef-66105010,loc-ar-prov-salta,"Olacapato",66105010,Localidad simple
loc-ar-loc-georef-66056170,loc-ar-prov-salta,"Pacará",66056170,Localidad simple
loc-ar-loc-georef-66056180,loc-ar-prov-salta,"Padre Lozano",66056180,Localidad simple
loc-ar-loc-georef-66014020,loc-ar-prov-salta,"Payogasta",66014020,Localidad simple
loc-ar-loc-georef-66126060,loc-ar-prov-salta,"Pichanal",66126060,Localidad simple
loc-ar-loc-georef-66007140,loc-ar-prov-salta,"Piquete Cabado",66007140,Localidad simple
loc-ar-loc-georef-66056190,loc-ar-prov-salta,"Piquirenda",66056190,Localidad simple
loc-ar-loc-georef-66133060,loc-ar-prov-salta,"Pluma de Pato",66133060,Localidad simple
loc-ar-loc-georef-66161050,loc-ar-prov-salta,"Poscaya",66161050,Localidad simple
loc-ar-loc-georef-66056200,loc-ar-prov-salta,"Profesor Salvador Mazza",66056200,Localidad simple
loc-ar-loc-georef-66070030,loc-ar-prov-salta,"Pueblo Viejo",66070030,Localidad simple
loc-ar-loc-georef-6605611002,loc-ar-prov-salta,"Recaredo",6605611002,Entidad
loc-ar-loc-georef-66007150,loc-ar-prov-salta,"Río del Valle",66007150,Localidad simple
loc-ar-loc-georef-66112070,loc-ar-prov-salta,"Río Piedras",66112070,Localidad simple
loc-ar-loc-georef-66133070,loc-ar-prov-salta,"Rivadavia",66133070,Localidad simple
loc-ar-loc-georef-66140050,loc-ar-prov-salta,"Rosario de la Frontera",66140050,Localidad simple
loc-ar-loc-georef-66147030,loc-ar-prov-salta,"Rosario de Lerma",66147030,Localidad simple
loc-ar-loc-georef-66028050,loc-ar-prov-salta,"Salta",66028050,Componente de localidad compuesta
loc-ar-loc-georef-66035030,loc-ar-prov-salta,"San Agustín",66035030,Localidad simple
loc-ar-loc-georef-66105020,loc-ar-prov-salta,"San Antonio de los Cobres",66105020,Localidad simple
loc-ar-loc-georef-66154040,loc-ar-prov-salta,"San Carlos",66154040,Localidad simple
loc-ar-loc-georef-66140060,loc-ar-prov-salta,"San Felipe",66140060,Localidad simple
loc-ar-loc-georef-66112040,loc-ar-prov-salta,"San José de Metán (Est. Metán)",66112040,Localidad simple
loc-ar-loc-georef-66112080,loc-ar-prov-salta,"San José de Orquera",66112080,Localidad simple
loc-ar-loc-georef-66161060,loc-ar-prov-salta,"San Marcos",66161060,Localidad simple
loc-ar-loc-georef-66126070,loc-ar-prov-salta,"San Ramón de la Nueva Orán",66126070,Localidad simple
loc-ar-loc-georef-66133080,loc-ar-prov-salta,"Santa María",66133080,Localidad simple
loc-ar-loc-georef-66133090,loc-ar-prov-salta,"Santa Rosa",66133090,Localidad simple
loc-ar-loc-georef-66105030,loc-ar-prov-salta,"Santa Rosa de los Pastos Grandes",66105030,Localidad simple
loc-ar-loc-georef-66161070,loc-ar-prov-salta,"Santa Victoria",66161070,Localidad simple
loc-ar-loc-georef-66133100,loc-ar-prov-salta,"Santa Victoria Este",66133100,Localidad simple
loc-ar-loc-georef-66119030,loc-ar-prov-salta,"Seclantás",66119030,Localidad simple
loc-ar-loc-georef-66098050,loc-ar-prov-salta,"Talapampa",66098050,Localidad simple
loc-ar-loc-georef-66056220,loc-ar-prov-salta,"Tartagal",66056220,Componente de localidad compuesta
loc-ar-loc-georef-66056230,loc-ar-prov-salta,"Tobantirenda",66056230,Localidad simple
loc-ar-loc-georef-66105040,loc-ar-prov-salta,"Tolar Grande",66105040,Localidad simple
loc-ar-loc-georef-66007160,loc-ar-prov-salta,"Tolloche",66007160,Localidad simple
loc-ar-loc-georef-66021020,loc-ar-prov-salta,"Tolombón",66021020,Localidad simple
loc-ar-loc-georef-66056240,loc-ar-prov-salta,"Tranquitas",66056240,Localidad simple
loc-ar-loc-georef-66126080,loc-ar-prov-salta,"Urundel",66126080,Localidad simple
loc-ar-loc-georef-66077020,loc-ar-prov-salta,"Vaqueros",66077020,Componente de localidad compuesta
loc-ar-loc-georef-66028060,loc-ar-prov-salta,"Villa San Lorenzo",66028060,Localidad simple
loc-ar-loc-georef-66056250,loc-ar-prov-salta,"Yacuy",66056250,Localidad simple
loc-ar-loc-georef-70063040,loc-ar-prov-san-juan,"9 de Julio",70063040,Localidad simple
loc-ar-loc-georef-70063010,loc-ar-prov-san-juan,"Alto de Sierra",70063010,Componente de localidad compuesta
loc-ar-loc-georef-70049010,loc-ar-prov-san-juan,"Angualasto",70049010,Localidad simple
loc-ar-loc-georef-70119010,loc-ar-prov-san-juan,"Astica",70119010,Localidad simple
loc-ar-loc-georef-70119020,loc-ar-prov-san-juan,"Balde del Rosario",70119020,Localidad simple
loc-ar-loc-georef-70021010,loc-ar-prov-san-juan,"Barreal - Villa Pituil",70021010,Localidad simple
loc-ar-loc-georef-70070005,loc-ar-prov-san-juan,"Barrio Municipal",70070005,Localidad simple
loc-ar-loc-georef-70070010,loc-ar-prov-san-juan,"Barrio Ruta 40",70070010,Localidad simple
loc-ar-loc-georef-70091010,loc-ar-prov-san-juan,"Barrio Sadop - Bella Vista",70091010,Localidad simple
loc-ar-loc-georef-70035010,loc-ar-prov-san-juan,"Bermejo",70035010,Localidad simple
loc-ar-loc-georef-70021020,loc-ar-prov-san-juan,"Calingasta",70021020,Localidad simple
loc-ar-loc-georef-70105010,loc-ar-prov-san-juan,"Cañada Honda",70105010,Localidad simple
loc-ar-loc-georef-70070020,loc-ar-prov-san-juan,"Carpintería",70070020,Localidad simple
loc-ar-loc-georef-70035020,loc-ar-prov-san-juan,"Caucete",70035020,Localidad simple
loc-ar-loc-georef-70042010,loc-ar-prov-san-juan,"Chimbas",70042010,Componente de localidad compuesta
loc-ar-loc-georef-70119030,loc-ar-prov-san-juan,"Chucuma",70119030,Localidad simple
loc-ar-loc-georef-70105020,loc-ar-prov-san-juan,"Cienaguita",70105020,Localidad simple
loc-ar-loc-georef-70105030,loc-ar-prov-san-juan,"Colonia Fiscal",70105030,Localidad simple
loc-ar-loc-georef-7009801001,loc-ar-prov-san-juan,"Colonia Gutiérrez",7009801001,Entidad
loc-ar-loc-georef-70105040,loc-ar-prov-san-juan,"Divisadero",70105040,Localidad simple
loc-ar-loc-georef-70091020,loc-ar-prov-san-juan,"Dos Acequias",70091020,Localidad simple
loc-ar-loc-georef-70126010,loc-ar-prov-san-juan,"El Encón",70126010,Localidad simple
loc-ar-loc-georef-7007701001,loc-ar-prov-san-juan,"El Medanito",7007701001,Entidad
loc-ar-loc-georef-70056010,loc-ar-prov-san-juan,"El Médano",70056010,Localidad simple
loc-ar-loc-georef-70007010,loc-ar-prov-san-juan,"El Rincón",70007010,Localidad simple
loc-ar-loc-georef-70056020,loc-ar-prov-san-juan,"Gran China",70056020,Localidad simple
loc-ar-loc-georef-70056030,loc-ar-prov-san-juan,"Huaco",70056030,Localidad simple
loc-ar-loc-georef-70049030,loc-ar-prov-san-juan,"Iglesia",70049030,Localidad simple
loc-ar-loc-georef-7012603001,loc-ar-prov-san-juan,"La Chimbera",7012603001,Entidad
loc-ar-loc-georef-7005606002,loc-ar-prov-san-juan,"La Falda",7005606002,Entidad
loc-ar-loc-georef-7007004001,loc-ar-prov-san-juan,"La Rinconada",7007004001,Entidad
loc-ar-loc-georef-70063030,loc-ar-prov-san-juan,"Las Chacritas",70063030,Localidad simple
loc-ar-loc-georef-70049040,loc-ar-prov-san-juan,"Las Flores",70049040,Localidad simple
loc-ar-loc-georef-70105060,loc-ar-prov-san-juan,"Las Lagunas",70105060,Localidad simple
loc-ar-loc-georef-7003504001,loc-ar-prov-san-juan,"Las Talas",7003504001,Entidad
loc-ar-loc-georef-70035040,loc-ar-prov-san-juan,"Las Talas - Los Médanos",70035040,Localidad simple
loc-ar-loc-georef-70014010,loc-ar-prov-san-juan,"Las Tapias",70014010,Localidad simple
loc-ar-loc-georef-70119040,loc-ar-prov-san-juan,"Los Baldecitos",70119040,Localidad simple
loc-ar-loc-georef-70105070,loc-ar-prov-san-juan,"Los Berros",70105070,Localidad simple
loc-ar-loc-georef-7003504002,loc-ar-prov-san-juan,"Los Médanos",7003504002,Entidad
loc-ar-loc-georef-70035050,loc-ar-prov-san-juan,"Marayes",70035050,Localidad simple
loc-ar-loc-georef-70056040,loc-ar-prov-san-juan,"Mogna",70056040,Localidad simple
loc-ar-loc-georef-70056050,loc-ar-prov-san-juan,"Niquivil",70056050,Localidad simple
loc-ar-loc-georef-70056060,loc-ar-prov-san-juan,"Pampa Vieja",70056060,Localidad simple
loc-ar-loc-georef-70105080,loc-ar-prov-san-juan,"Pedernal",70105080,Localidad simple
loc-ar-loc-georef-70035060,loc-ar-prov-san-juan,"Pie de Palo",70035060,Localidad simple
loc-ar-loc-georef-70049050,loc-ar-prov-san-juan,"Pismanta",70049050,Localidad simple
loc-ar-loc-georef-70105090,loc-ar-prov-san-juan,"Punta del Médano",70105090,Localidad simple
loc-ar-loc-georef-70070030,loc-ar-prov-san-juan,"Quinto Cuartel",70070030,Localidad simple
loc-ar-loc-georef-70077010,loc-ar-prov-san-juan,"Rawson",70077010,Componente de localidad compuesta
loc-ar-loc-georef-70084010,loc-ar-prov-san-juan,"Rivadavia",70084010,Componente de localidad compuesta
loc-ar-loc-georef-70049060,loc-ar-prov-san-juan,"Rodeo",70049060,Localidad simple
loc-ar-loc-georef-70056070,loc-ar-prov-san-juan,"San Isidro",70056070,Localidad simple
loc-ar-loc-georef-70056080,loc-ar-prov-san-juan,"San José de Jáchal",70056080,Localidad simple
loc-ar-loc-georef-70028010,loc-ar-prov-san-juan,"San Juan",70028010,Componente de localidad compuesta
loc-ar-loc-georef-70098010,loc-ar-prov-san-juan,"Santa Lucía",70098010,Componente de localidad compuesta
loc-ar-loc-georef-70021030,loc-ar-prov-san-juan,"Tamberías",70021030,Localidad simple
loc-ar-loc-georef-70049070,loc-ar-prov-san-juan,"Tudcum",70049070,Localidad simple
loc-ar-loc-georef-70126020,loc-ar-prov-san-juan,"Tupelí",70126020,Localidad simple
loc-ar-loc-georef-70119050,loc-ar-prov-san-juan,"Usno",70119050,Localidad simple
loc-ar-loc-georef-70035070,loc-ar-prov-san-juan,"Vallecito",70035070,Localidad simple
loc-ar-loc-georef-7007004002,loc-ar-prov-san-juan,"Villa Aberastain",7007004002,Entidad
loc-ar-loc-georef-70070040,loc-ar-prov-san-juan,"Villa Aberastain - La Rinconada",70070040,Localidad simple
loc-ar-loc-georef-7007005001,loc-ar-prov-san-juan,"Villa Barboza",7007005001,Entidad
loc-ar-loc-georef-70070050,loc-ar-prov-san-juan,"Villa Barboza - Villa Nacusi",70070050,Componente de localidad compuesta
loc-ar-loc-georef-70133010,loc-ar-prov-san-juan,"Villa Basilio Nievas",70133010,Localidad simple
loc-ar-loc-georef-70077020,loc-ar-prov-san-juan,"Villa Bolaños (Médano de Oro)",70077020,Localidad simple
loc-ar-loc-georef-7012603002,loc-ar-prov-san-juan,"Villa Borjas",7012603002,Entidad
loc-ar-loc-georef-70126030,loc-ar-prov-san-juan,"Villa Borjas - La Chimbera",70126030,Localidad simple
loc-ar-loc-georef-70070060,loc-ar-prov-san-juan,"Villa Centenario",70070060,Localidad simple
loc-ar-loc-georef-70091040,loc-ar-prov-san-juan,"Villa del Salvador",70091040,Componente de localidad compuesta
loc-ar-loc-georef-70091050,loc-ar-prov-san-juan,"Villa Dominguito",70091050,Localidad simple
loc-ar-loc-georef-70091060,loc-ar-prov-san-juan,"Villa Don Bosco",70091060,Localidad simple
loc-ar-loc-georef-7001402001,loc-ar-prov-san-juan,"Villa El Salvador",7001402001,Entidad
loc-ar-loc-georef-70014020,loc-ar-prov-san-juan,"Villa El Salvador - Villa Sefair",70014020,Componente de localidad compuesta
loc-ar-loc-georef-70126040,loc-ar-prov-san-juan,"Villa El Tango",70126040,Localidad simple
loc-ar-loc-georef-70007020,loc-ar-prov-san-juan,"Villa General San Martín - Campo Afuera",70007020,Localidad simple
loc-ar-loc-georef-70112010,loc-ar-prov-san-juan,"Villa Ibáñez",70112010,Localidad simple
loc-ar-loc-georef-70035080,loc-ar-prov-san-juan,"Villa Independencia",70035080,Localidad simple
loc-ar-loc-georef-70056100,loc-ar-prov-san-juan,"Villa Malvinas Argentinas",70056100,Localidad simple
loc-ar-loc-georef-70105100,loc-ar-prov-san-juan,"Villa Media Agua",70105100,Localidad simple
loc-ar-loc-georef-70056110,loc-ar-prov-san-juan,"Villa Mercedes",70056110,Localidad simple
loc-ar-loc-georef-7007005002,loc-ar-prov-san-juan,"Villa Nacusi",7007005002,Entidad
loc-ar-loc-georef-70119060,loc-ar-prov-san-juan,"Villa San Agustín",70119060,Localidad simple
loc-ar-loc-georef-70091070,loc-ar-prov-san-juan,"Villa San Martín",70091070,Localidad simple
loc-ar-loc-georef-70126050,loc-ar-prov-san-juan,"Villa Santa Rosa",70126050,Localidad simple
loc-ar-loc-georef-7001402002,loc-ar-prov-san-juan,"Villa Sefair",7001402002,Entidad
loc-ar-loc-georef-7013301002,loc-ar-prov-san-juan,"Villa Tacú",7013301002,Entidad
loc-ar-loc-georef-7403508002,loc-ar-prov-san-luis,"5ta Brigada",7403508002,Entidad
loc-ar-loc-georef-74056010,loc-ar-prov-san-luis,"Alto Pelado",74056010,Localidad simple
loc-ar-loc-georef-74056020,loc-ar-prov-san-luis,"Alto Pencoso",74056020,Localidad simple
loc-ar-loc-georef-74042010,loc-ar-prov-san-luis,"Anchorena",74042010,Localidad simple
loc-ar-loc-georef-74042020,loc-ar-prov-san-luis,"Arizona",74042020,Localidad simple
loc-ar-loc-georef-74042030,loc-ar-prov-san-luis,"Bagual",74042030,Localidad simple
loc-ar-loc-georef-74056030,loc-ar-prov-san-luis,"Balde",74056030,Localidad simple
loc-ar-loc-georef-74042040,loc-ar-prov-san-luis,"Batavia",74042040,Localidad simple
loc-ar-loc-georef-74056040,loc-ar-prov-san-luis,"Beazley",74056040,Localidad simple
loc-ar-loc-georef-74042050,loc-ar-prov-san-luis,"Buena Esperanza",74042050,Localidad simple
loc-ar-loc-georef-74007010,loc-ar-prov-san-luis,"Candelaria",74007010,Localidad simple
loc-ar-loc-georef-74021010,loc-ar-prov-san-luis,"Carolina",74021010,Localidad simple
loc-ar-loc-georef-74049010,loc-ar-prov-san-luis,"Carpintería",74049010,Localidad simple
loc-ar-loc-georef-74056050,loc-ar-prov-san-luis,"Cazador",74056050,Localidad simple
loc-ar-loc-georef-7405610001,loc-ar-prov-san-luis,"Cerro Colorado",7405610001,Entidad
loc-ar-loc-georef-74056060,loc-ar-prov-san-luis,"Chosmes",74056060,Localidad simple
loc-ar-loc-georef-74028010,loc-ar-prov-san-luis,"Concarán",74028010,Localidad simple
loc-ar-loc-georef-74028020,loc-ar-prov-san-luis,"Cortaderas",74028020,Localidad simple
loc-ar-loc-georef-7403508001,loc-ar-prov-san-luis,"Country Club Los Caldenes",7403508001,Entidad
loc-ar-loc-georef-7405610002,loc-ar-prov-san-luis,"Cruz de Piedra",7405610002,Entidad
loc-ar-loc-georef-74056070,loc-ar-prov-san-luis,"Desaguadero",74056070,Componente de localidad compuesta
loc-ar-loc-georef-7405610003,loc-ar-prov-san-luis,"El Chorrillo",7405610003,Entidad
loc-ar-loc-georef-74021020,loc-ar-prov-san-luis,"El Trapiche",74021020,Componente de localidad compuesta
loc-ar-loc-georef-74056080,loc-ar-prov-san-luis,"El Volcán",74056080,Localidad simple
loc-ar-loc-georef-74021025,loc-ar-prov-san-luis,"Estancia Grande",74021025,Localidad simple
loc-ar-loc-georef-74042060,loc-ar-prov-san-luis,"Fortín El Patria",74042060,Localidad simple
loc-ar-loc-georef-74042070,loc-ar-prov-san-luis,"Fortuna",74042070,Localidad simple
loc-ar-loc-georef-74021030,loc-ar-prov-san-luis,"Fraga",74021030,Localidad simple
loc-ar-loc-georef-74056090,loc-ar-prov-san-luis,"Jarilla",74056090,Localidad simple
loc-ar-loc-georef-74035010,loc-ar-prov-san-luis,"Juan Jorba",74035010,Localidad simple
loc-ar-loc-georef-74035020,loc-ar-prov-san-luis,"Juan Llerena",74035020,Localidad simple
loc-ar-loc-georef-74056100,loc-ar-prov-san-luis,"Juana Koslay",74056100,Componente de localidad compuesta
loc-ar-loc-georef-74035030,loc-ar-prov-san-luis,"Justo Daract",74035030,Localidad simple
loc-ar-loc-georef-74014010,loc-ar-prov-san-luis,"La Calera",74014010,Localidad simple
loc-ar-loc-georef-74021050,loc-ar-prov-san-luis,"La Florida",74021050,Localidad simple
loc-ar-loc-georef-74042080,loc-ar-prov-san-luis,"La Maroma",74042080,Localidad simple
loc-ar-loc-georef-74035040,loc-ar-prov-san-luis,"La Punilla",74035040,Localidad simple
loc-ar-loc-georef-74056105,loc-ar-prov-san-luis,"La Punta",74056105,Localidad simple
loc-ar-loc-georef-7403507001,loc-ar-prov-san-luis,"La Ribera",7403507001,Entidad
loc-ar-loc-georef-74021060,loc-ar-prov-san-luis,"La Toma",74021060,Localidad simple
loc-ar-loc-georef-74063010,loc-ar-prov-san-luis,"La Vertiente",74063010,Localidad simple
loc-ar-loc-georef-74049030,loc-ar-prov-san-luis,"Lafinur",74049030,Localidad simple
loc-ar-loc-georef-74063020,loc-ar-prov-san-luis,"Las Aguadas",74063020,Localidad simple
loc-ar-loc-georef-74063030,loc-ar-prov-san-luis,"Las Chacras",74063030,Localidad simple
loc-ar-loc-georef-74063040,loc-ar-prov-san-luis,"Las Lagunas",74063040,Localidad simple
loc-ar-loc-georef-74035050,loc-ar-prov-san-luis,"Lavaisse",74035050,Localidad simple
loc-ar-loc-georef-74007030,loc-ar-prov-san-luis,"Leandro N. Alem",74007030,Localidad simple
loc-ar-loc-georef-74049040,loc-ar-prov-san-luis,"Los Cajones",74049040,Localidad simple
loc-ar-loc-georef-74049050,loc-ar-prov-san-luis,"Los Molles",74049050,Localidad simple
loc-ar-loc-georef-74042090,loc-ar-prov-san-luis,"Los Overos",74042090,Localidad simple
loc-ar-loc-georef-74007040,loc-ar-prov-san-luis,"Luján",74007040,Localidad simple
loc-ar-loc-georef-74042100,loc-ar-prov-san-luis,"Martín de Loyola",74042100,Localidad simple
loc-ar-loc-georef-74049060,loc-ar-prov-san-luis,"Merlo",74049060,Localidad simple
loc-ar-loc-georef-74056110,loc-ar-prov-san-luis,"Mosmota",74056110,Localidad simple
loc-ar-loc-georef-74035055,loc-ar-prov-san-luis,"Nación Ranquel",74035055,Localidad simple
loc-ar-loc-georef-74042110,loc-ar-prov-san-luis,"Nahuel Mapá",74042110,Localidad simple
loc-ar-loc-georef-74028030,loc-ar-prov-san-luis,"Naschel",74028030,Localidad simple
loc-ar-loc-georef-74042120,loc-ar-prov-san-luis,"Navia",74042120,Localidad simple
loc-ar-loc-georef-74014020,loc-ar-prov-san-luis,"Nogolí",74014020,Localidad simple
loc-ar-loc-georef-74042130,loc-ar-prov-san-luis,"Nueva Galia",74042130,Localidad simple
loc-ar-loc-georef-74028040,loc-ar-prov-san-luis,"Papagayos",74028040,Localidad simple
loc-ar-loc-georef-74063050,loc-ar-prov-san-luis,"Paso Grande",74063050,Localidad simple
loc-ar-loc-georef-74063060,loc-ar-prov-san-luis,"Potrerillo",74063060,Localidad simple
loc-ar-loc-georef-74056120,loc-ar-prov-san-luis,"Potrero de los Funes",74056120,Localidad simple
loc-ar-loc-georef-74007050,loc-ar-prov-san-luis,"Quines",74007050,Localidad simple
loc-ar-loc-georef-74028050,loc-ar-prov-san-luis,"Renca",74028050,Localidad simple
loc-ar-loc-georef-74021070,loc-ar-prov-san-luis,"Riocito",74021070,Localidad simple
loc-ar-loc-georef-74021090,loc-ar-prov-san-luis,"Saladillo",74021090,Localidad simple
loc-ar-loc-georef-74056130,loc-ar-prov-san-luis,"Salinas del Bebedero",74056130,Localidad simple
loc-ar-loc-georef-74007070,loc-ar-prov-san-luis,"San Francisco del Monte de Oro",74007070,Localidad simple
loc-ar-loc-georef-74056140,loc-ar-prov-san-luis,"San Jerónimo",74056140,Localidad simple
loc-ar-loc-georef-74035060,loc-ar-prov-san-luis,"San José del Morro",74035060,Localidad simple
loc-ar-loc-georef-74056150,loc-ar-prov-san-luis,"San Luis",74056150,Componente de localidad compuesta
loc-ar-loc-georef-74063070,loc-ar-prov-san-luis,"San Martín",74063070,Localidad simple
loc-ar-loc-georef-74028060,loc-ar-prov-san-luis,"San Pablo",74028060,Localidad simple
loc-ar-loc-georef-7405610005,loc-ar-prov-san-luis,"San Roque",7405610005,Entidad
loc-ar-loc-georef-74049070,loc-ar-prov-san-luis,"Santa Rosa del Conlara",74049070,Localidad simple
loc-ar-loc-georef-74049080,loc-ar-prov-san-luis,"Talita",74049080,Localidad simple
loc-ar-loc-georef-74028070,loc-ar-prov-san-luis,"Tilisarao",74028070,Localidad simple
loc-ar-loc-georef-74042140,loc-ar-prov-san-luis,"Unión",74042140,Localidad simple
loc-ar-loc-georef-74014030,loc-ar-prov-san-luis,"Villa de la Quebrada",74014030,Localidad simple
loc-ar-loc-georef-74063080,loc-ar-prov-san-luis,"Villa de Praga",74063080,Localidad simple
loc-ar-loc-georef-74028080,loc-ar-prov-san-luis,"Villa del Carmen",74028080,Localidad simple
loc-ar-loc-georef-74014040,loc-ar-prov-san-luis,"Villa General Roca",74014040,Localidad simple
loc-ar-loc-georef-74028090,loc-ar-prov-san-luis,"Villa Larca",74028090,Localidad simple
loc-ar-loc-georef-74035070,loc-ar-prov-san-luis,"Villa Mercedes",74035070,Localidad simple
loc-ar-loc-georef-74035080,loc-ar-prov-san-luis,"Villa Reynolds",74035080,Localidad simple
loc-ar-loc-georef-74035090,loc-ar-prov-san-luis,"Villa Salles",74035090,Localidad simple
loc-ar-loc-georef-74056160,loc-ar-prov-san-luis,"Zanjitas",74056160,Localidad simple
loc-ar-loc-georef-78021060,loc-ar-prov-santa-cruz,"28 de Noviembre",78021060,Localidad simple
loc-ar-loc-georef-78049010,loc-ar-prov-santa-cruz,"Bajo Caracoles",78049010,Localidad simple
loc-ar-loc-georef-78014010,loc-ar-prov-santa-cruz,"Caleta Olivia",78014010,Localidad simple
loc-ar-loc-georef-78014020,loc-ar-prov-santa-cruz,"Cañadón Seco",78014020,Localidad simple
loc-ar-loc-georef-78007010,loc-ar-prov-santa-cruz,"Comandante Luis Piedrabuena",78007010,Localidad simple
loc-ar-loc-georef-78028010,loc-ar-prov-santa-cruz,"El Calafate",78028010,Localidad simple
loc-ar-loc-georef-78028020,loc-ar-prov-santa-cruz,"El Chaltén",78028020,Localidad simple
loc-ar-loc-georef-78021010,loc-ar-prov-santa-cruz,"El Turbio",78021010,Localidad simple
loc-ar-loc-georef-78014030,loc-ar-prov-santa-cruz,"Fitz Roy",78014030,Localidad simple
loc-ar-loc-georef-78049020,loc-ar-prov-santa-cruz,"Gobernador Gregores",78049020,Localidad simple
loc-ar-loc-georef-78049030,loc-ar-prov-santa-cruz,"Hipólito Yrigoyen",78049030,Localidad simple
loc-ar-loc-georef-78014040,loc-ar-prov-santa-cruz,"Jaramillo",78014040,Localidad simple
loc-ar-loc-georef-78021020,loc-ar-prov-santa-cruz,"Julia Dufour",78021020,Localidad simple
loc-ar-loc-georef-78014050,loc-ar-prov-santa-cruz,"Koluel Kaike",78014050,Localidad simple
loc-ar-loc-georef-78014060,loc-ar-prov-santa-cruz,"Las Heras",78014060,Localidad simple
loc-ar-loc-georef-78035010,loc-ar-prov-santa-cruz,"Los Antiguos",78035010,Localidad simple
loc-ar-loc-georef-78035020,loc-ar-prov-santa-cruz,"Perito Moreno",78035020,Localidad simple
loc-ar-loc-georef-78014070,loc-ar-prov-santa-cruz,"Pico Truncado",78014070,Localidad simple
loc-ar-loc-georef-78014080,loc-ar-prov-santa-cruz,"Puerto Deseado",78014080,Localidad simple
loc-ar-loc-georef-78042010,loc-ar-prov-santa-cruz,"Puerto San Julián",78042010,Localidad simple
loc-ar-loc-georef-78007020,loc-ar-prov-santa-cruz,"Puerto Santa Cruz",78007020,Localidad simple
loc-ar-loc-georef-78021040,loc-ar-prov-santa-cruz,"Río Gallegos",78021040,Localidad simple
loc-ar-loc-georef-78021050,loc-ar-prov-santa-cruz,"Rospentek",78021050,Localidad simple
loc-ar-loc-georef-78014090,loc-ar-prov-santa-cruz,"Tellier",78014090,Localidad simple
loc-ar-loc-georef-78028030,loc-ar-prov-santa-cruz,"Tres Lagos",78028030,Localidad simple
loc-ar-loc-georef-78021070,loc-ar-prov-santa-cruz,"Yacimientos Río Turbio",78021070,Localidad simple
loc-ar-loc-georef-82042010,loc-ar-prov-santa-fe,"Aarón Castellanos",82042010,Localidad simple
loc-ar-loc-georef-82084010,loc-ar-prov-santa-fe,"Acébal",82084010,Localidad simple
loc-ar-loc-georef-82091010,loc-ar-prov-santa-fe,"Aguará Grande",82091010,Localidad simple
loc-ar-loc-georef-82084020,loc-ar-prov-santa-fe,"Albarellos",82084020,Localidad simple
loc-ar-loc-georef-82028010,loc-ar-prov-santa-fe,"Alcorta",82028010,Localidad simple
loc-ar-loc-georef-82021010,loc-ar-prov-santa-fe,"Aldao",82021010,Localidad simple
loc-ar-loc-georef-82098010,loc-ar-prov-santa-fe,"Alejandra",82098010,Localidad simple
loc-ar-loc-georef-82084030,loc-ar-prov-santa-fe,"Álvarez",82084030,Localidad simple
loc-ar-loc-georef-82084040,loc-ar-prov-santa-fe,"Alvear",82084040,Localidad simple
loc-ar-loc-georef-82091020,loc-ar-prov-santa-fe,"Ambrosetti",82091020,Localidad simple
loc-ar-loc-georef-82042020,loc-ar-prov-santa-fe,"Amenábar",82042020,Localidad simple
loc-ar-loc-georef-82063010,loc-ar-prov-santa-fe,"Angel Gallardo",82063010,Localidad simple
loc-ar-loc-georef-82021020,loc-ar-prov-santa-fe,"Angélica",82021020,Localidad simple
loc-ar-loc-georef-82112010,loc-ar-prov-santa-fe,"Angeloni",82112010,Localidad simple
loc-ar-loc-georef-82084050,loc-ar-prov-santa-fe,"Arbilla",82084050,Localidad simple
loc-ar-loc-georef-82014010,loc-ar-prov-santa-fe,"Arequito",82014010,Localidad simple
loc-ar-loc-georef-82084060,loc-ar-prov-santa-fe,"Arminda",82084060,Localidad simple
loc-ar-loc-georef-82007010,loc-ar-prov-santa-fe,"Armstrong",82007010,Localidad simple
loc-ar-loc-georef-82105010,loc-ar-prov-santa-fe,"Arocena",82105010,Localidad simple
loc-ar-loc-georef-82063020,loc-ar-prov-santa-fe,"Arroyo Aguiar",82063020,Localidad simple
loc-ar-loc-georef-82049010,loc-ar-prov-santa-fe,"Arroyo Ceibal",82049010,Localidad simple
loc-ar-loc-georef-82063030,loc-ar-prov-santa-fe,"Arroyo Leyes",82063030,Componente de localidad compuesta
loc-ar-loc-georef-82084070,loc-ar-prov-santa-fe,"Arroyo Seco",82084070,Localidad simple
loc-ar-loc-georef-82091030,loc-ar-prov-santa-fe,"Arrufo",82091030,Localidad simple
loc-ar-loc-georef-82014020,loc-ar-prov-santa-fe,"Arteaga",82014020,Localidad simple
loc-ar-loc-georef-82021030,loc-ar-prov-santa-fe,"Ataliva",82021030,Localidad simple
loc-ar-loc-georef-82021040,loc-ar-prov-santa-fe,"Aurelia",82021040,Localidad simple
loc-ar-loc-georef-82049020,loc-ar-prov-santa-fe,"Avellaneda",82049020,Componente de localidad compuesta
loc-ar-loc-georef-82091040,loc-ar-prov-santa-fe,"Balneario La Verde",82091040,Localidad simple
loc-ar-loc-georef-82105020,loc-ar-prov-santa-fe,"Balneario Monje",82105020,Localidad simple
loc-ar-loc-georef-82105030,loc-ar-prov-santa-fe,"Barrancas",82105030,Localidad simple
loc-ar-loc-georef-82028020,loc-ar-prov-santa-fe,"Barrio Arroyo del Medio",82028020,Componente de localidad compuesta
loc-ar-loc-georef-82105040,loc-ar-prov-santa-fe,"Barrio Caima",82105040,Localidad simple
loc-ar-loc-georef-82056010,loc-ar-prov-santa-fe,"Barrio Cicarelli",82056010,Localidad simple
loc-ar-loc-georef-82105050,loc-ar-prov-santa-fe,"Barrio El Pacaá - Barrio Comipini",82105050,Localidad simple
loc-ar-loc-georef-82028030,loc-ar-prov-santa-fe,"Barrio Mitre",82028030,Componente de localidad compuesta
loc-ar-loc-georef-82021050,loc-ar-prov-santa-fe,"Barrios Acapulco y Veracruz",82021050,Componente de localidad compuesta
loc-ar-loc-georef-82021060,loc-ar-prov-santa-fe,"Bauer y Sigel",82021060,Localidad simple
loc-ar-loc-georef-82021070,loc-ar-prov-santa-fe,"Bella Italia",82021070,Localidad simple
loc-ar-loc-georef-82014030,loc-ar-prov-santa-fe,"Beravebú",82014030,Localidad simple
loc-ar-loc-georef-82049030,loc-ar-prov-santa-fe,"Berna",82049030,Localidad simple
loc-ar-loc-georef-82105060,loc-ar-prov-santa-fe,"Bernardo de Irigoyen",82105060,Localidad simple
loc-ar-loc-georef-82014040,loc-ar-prov-santa-fe,"Bigand",82014040,Localidad simple
loc-ar-loc-georef-82028040,loc-ar-prov-santa-fe,"Bombal",82028040,Localidad simple
loc-ar-loc-georef-82007020,loc-ar-prov-santa-fe,"Bouquet",82007020,Localidad simple
loc-ar-loc-georef-82056020,loc-ar-prov-santa-fe,"Bustinza",82056020,Localidad simple
loc-ar-loc-georef-82063040,loc-ar-prov-santa-fe,"Cabal",82063040,Localidad simple
loc-ar-loc-georef-82098020,loc-ar-prov-santa-fe,"Cacique Ariacaiquín",82098020,Localidad simple
loc-ar-loc-georef-82042030,loc-ar-prov-santa-fe,"Cafferata",82042030,Localidad simple
loc-ar-loc-georef-82133010,loc-ar-prov-santa-fe,"Calchaquí",82133010,Localidad simple
loc-ar-loc-georef-82063050,loc-ar-prov-santa-fe,"Campo Andino",82063050,Localidad simple
loc-ar-loc-georef-82063060,loc-ar-prov-santa-fe,"Candioti",82063060,Localidad simple
loc-ar-loc-georef-82056030,loc-ar-prov-santa-fe,"Cañada de Gómez",82056030,Localidad simple
loc-ar-loc-georef-82042040,loc-ar-prov-santa-fe,"Cañada del Ucle",82042040,Localidad simple
loc-ar-loc-georef-82133020,loc-ar-prov-santa-fe,"Cañada Ombú",82133020,Localidad simple
loc-ar-loc-georef-82028050,loc-ar-prov-santa-fe,"Cañada Rica",82028050,Localidad simple
loc-ar-loc-georef-82126010,loc-ar-prov-santa-fe,"Cañada Rosquín",82126010,Localidad simple
loc-ar-loc-georef-82119020,loc-ar-prov-santa-fe,"Capitán Bermúdez",82119020,Componente de localidad compuesta
loc-ar-loc-georef-82091050,loc-ar-prov-santa-fe,"Capivara",82091050,Localidad simple
loc-ar-loc-georef-82119030,loc-ar-prov-santa-fe,"Carcarañá",82119030,Localidad simple
loc-ar-loc-georef-82126020,loc-ar-prov-santa-fe,"Carlos Pellegrini",82126020,Localidad simple
loc-ar-loc-georef-82042050,loc-ar-prov-santa-fe,"Carmen",82042050,Localidad simple
loc-ar-loc-georef-82084080,loc-ar-prov-santa-fe,"Carmen del Sauce",82084080,Localidad simple
loc-ar-loc-georef-82042060,loc-ar-prov-santa-fe,"Carreras",82042060,Localidad simple
loc-ar-loc-georef-82056040,loc-ar-prov-santa-fe,"Carrizales",82056040,Localidad simple
loc-ar-loc-georef-82105070,loc-ar-prov-santa-fe,"Casalegno",82105070,Localidad simple
loc-ar-loc-georef-82126030,loc-ar-prov-santa-fe,"Casas",82126030,Localidad simple
loc-ar-loc-georef-82014050,loc-ar-prov-santa-fe,"Casilda",82014050,Localidad simple
loc-ar-loc-georef-82126040,loc-ar-prov-santa-fe,"Castelar",82126040,Localidad simple
loc-ar-loc-georef-82021080,loc-ar-prov-santa-fe,"Castellanos",82021080,Componente de localidad compuesta
loc-ar-loc-georef-82070010,loc-ar-prov-santa-fe,"Cavour",82070010,Localidad simple
loc-ar-loc-georef-82035010,loc-ar-prov-santa-fe,"Cayastá",82035010,Localidad simple
loc-ar-loc-georef-82112020,loc-ar-prov-santa-fe,"Cayastacito",82112020,Localidad simple
loc-ar-loc-georef-82105080,loc-ar-prov-santa-fe,"Centeno",82105080,Localidad simple
loc-ar-loc-georef-82028060,loc-ar-prov-santa-fe,"Cepeda",82028060,Localidad simple
loc-ar-loc-georef-82091060,loc-ar-prov-santa-fe,"Ceres",82091060,Localidad simple
loc-ar-loc-georef-82014060,loc-ar-prov-santa-fe,"Chabas",82014060,Localidad simple
loc-ar-loc-georef-82014070,loc-ar-prov-santa-fe,"Chañar Ladeado",82014070,Localidad simple
loc-ar-loc-georef-82042070,loc-ar-prov-santa-fe,"Chapuy",82042070,Localidad simple
loc-ar-loc-georef-82042080,loc-ar-prov-santa-fe,"Chovet",82042080,Localidad simple
loc-ar-loc-georef-82042090,loc-ar-prov-santa-fe,"Christophersen",82042090,Localidad simple
loc-ar-loc-georef-82056050,loc-ar-prov-santa-fe,"Classon",82056050,Localidad simple
loc-ar-loc-georef-82133030,loc-ar-prov-santa-fe,"Colmena",82133030,Localidad simple
loc-ar-loc-georef-82091070,loc-ar-prov-santa-fe,"Colonia Ana",82091070,Localidad simple
loc-ar-loc-georef-82126050,loc-ar-prov-santa-fe,"Colonia Belgrano",82126050,Localidad simple
loc-ar-loc-georef-82021090,loc-ar-prov-santa-fe,"Colonia Bicha",82021090,Localidad simple
loc-ar-loc-georef-82091080,loc-ar-prov-santa-fe,"Colonia Bossi",82091080,Localidad simple
loc-ar-loc-georef-82021100,loc-ar-prov-santa-fe,"Colonia Cello",82021100,Localidad simple
loc-ar-loc-georef-82112030,loc-ar-prov-santa-fe,"Colonia Dolores",82112030,Localidad simple
loc-ar-loc-georef-82098030,loc-ar-prov-santa-fe,"Colonia Durán",82098030,Localidad simple
loc-ar-loc-georef-82021110,loc-ar-prov-santa-fe,"Colonia Margarita",82021110,Localidad simple
loc-ar-loc-georef-82056060,loc-ar-prov-santa-fe,"Colonia Médici",82056060,Localidad simple
loc-ar-loc-georef-82021120,loc-ar-prov-santa-fe,"Colonia Raquel",82021120,Localidad simple
loc-ar-loc-georef-82091090,loc-ar-prov-santa-fe,"Colonia Rosa",82091090,Localidad simple
loc-ar-loc-georef-82091100,loc-ar-prov-santa-fe,"Constanza",82091100,Localidad simple
loc-ar-loc-georef-82105090,loc-ar-prov-santa-fe,"Coronda",82105090,Localidad simple
loc-ar-loc-georef-82119040,loc-ar-prov-santa-fe,"Coronel Arnold",82119040,Localidad simple
loc-ar-loc-georef-82084090,loc-ar-prov-santa-fe,"Coronel Bogado",82084090,Localidad simple
loc-ar-loc-georef-82021130,loc-ar-prov-santa-fe,"Coronel Fraga",82021130,Localidad simple
loc-ar-loc-georef-82084100,loc-ar-prov-santa-fe,"Coronel Rodolfo S. Domínguez",82084100,Localidad simple
loc-ar-loc-georef-82056070,loc-ar-prov-santa-fe,"Correa",82056070,Localidad simple
loc-ar-loc-georef-82126060,loc-ar-prov-santa-fe,"Crispi",82126060,Localidad simple
loc-ar-loc-georef-82084110,loc-ar-prov-santa-fe,"Cuatro Esquinas",82084110,Localidad simple
loc-ar-loc-georef-82070020,loc-ar-prov-santa-fe,"Cululú",82070020,Localidad simple
loc-ar-loc-georef-82091110,loc-ar-prov-santa-fe,"Curupaytí",82091110,Localidad simple
loc-ar-loc-georef-82105100,loc-ar-prov-santa-fe,"Desvío Arijón",82105100,Localidad simple
loc-ar-loc-georef-82105110,loc-ar-prov-santa-fe,"Díaz",82105110,Localidad simple
loc-ar-loc-georef-82042100,loc-ar-prov-santa-fe,"Diego de Alvear",82042100,Localidad simple
loc-ar-loc-georef-82021140,loc-ar-prov-santa-fe,"Egusquiza",82021140,Localidad simple
loc-ar-loc-georef-82049040,loc-ar-prov-santa-fe,"El Araza",82049040,Localidad simple
loc-ar-loc-georef-82084120,loc-ar-prov-santa-fe,"El Caramelo",82084120,Componente de localidad compuesta
loc-ar-loc-georef-82049050,loc-ar-prov-santa-fe,"El Rabón",82049050,Localidad simple
loc-ar-loc-georef-82126070,loc-ar-prov-santa-fe,"El Trébol",82126070,Localidad simple
loc-ar-loc-georef-82070030,loc-ar-prov-santa-fe,"Elisa",82070030,Localidad simple
loc-ar-loc-georef-82042110,loc-ar-prov-santa-fe,"Elortondo",82042110,Localidad simple
loc-ar-loc-georef-82063070,loc-ar-prov-santa-fe,"Emilia",82063070,Localidad simple
loc-ar-loc-georef-82070040,loc-ar-prov-santa-fe,"Empalme San Carlos",82070040,Localidad simple
loc-ar-loc-georef-82028070,loc-ar-prov-santa-fe,"Empalme Villa Constitución",82028070,Componente de localidad compuesta
loc-ar-loc-georef-82021150,loc-ar-prov-santa-fe,"Esmeralda",82021150,Localidad simple
loc-ar-loc-georef-82070050,loc-ar-prov-santa-fe,"Esperanza",82070050,Localidad simple
loc-ar-loc-georef-82021160,loc-ar-prov-santa-fe,"Estación Clucellas",82021160,Localidad simple
loc-ar-loc-georef-8202129001,loc-ar-prov-santa-fe,"Estación Presidente Roca",8202129001,Entidad
loc-ar-loc-georef-82021170,loc-ar-prov-santa-fe,"Estación Saguier",82021170,Localidad simple
loc-ar-loc-georef-82077010,loc-ar-prov-santa-fe,"Esteban Rams",82077010,Localidad simple
loc-ar-loc-georef-82112040,loc-ar-prov-santa-fe,"Esther",82112040,Localidad simple
loc-ar-loc-georef-82021180,loc-ar-prov-santa-fe,"Eusebia y Carolina",82021180,Localidad simple
loc-ar-loc-georef-82021190,loc-ar-prov-santa-fe,"Eustolia",82021190,Localidad simple
loc-ar-loc-georef-82070060,loc-ar-prov-santa-fe,"Felicia",82070060,Localidad simple
loc-ar-loc-georef-82084130,loc-ar-prov-santa-fe,"Fighiera",82084130,Localidad simple
loc-ar-loc-georef-82042120,loc-ar-prov-santa-fe,"Firmat",82042120,Componente de localidad compuesta
loc-ar-loc-georef-82049060,loc-ar-prov-santa-fe,"Florencia",82049060,Localidad simple
loc-ar-loc-georef-82133040,loc-ar-prov-santa-fe,"Fortín Olmos",82133040,Localidad simple
loc-ar-loc-georef-82070070,loc-ar-prov-santa-fe,"Franck",82070070,Localidad simple
loc-ar-loc-georef-82119050,loc-ar-prov-santa-fe,"Fray Luis Beltrán",82119050,Componente de localidad compuesta
loc-ar-loc-georef-82021200,loc-ar-prov-santa-fe,"Frontera",82021200,Componente de localidad compuesta
loc-ar-loc-georef-82119060,loc-ar-prov-santa-fe,"Fuentes",82119060,Localidad simple
loc-ar-loc-georef-82084140,loc-ar-prov-santa-fe,"Funes",82084140,Componente de localidad compuesta
loc-ar-loc-georef-82105120,loc-ar-prov-santa-fe,"Gaboto",82105120,Localidad simple
loc-ar-loc-georef-82105130,loc-ar-prov-santa-fe,"Gálvez",82105130,Localidad simple
loc-ar-loc-georef-82133050,loc-ar-prov-santa-fe,"Garabato",82133050,Localidad simple
loc-ar-loc-georef-82021210,loc-ar-prov-santa-fe,"Garibaldi",82021210,Localidad simple
loc-ar-loc-georef-82077020,loc-ar-prov-santa-fe,"Gato Colorado",82077020,Localidad simple
loc-ar-loc-georef-82028090,loc-ar-prov-santa-fe,"General Gelly",82028090,Localidad simple
loc-ar-loc-georef-82084150,loc-ar-prov-santa-fe,"General Lagos",82084150,Localidad simple
loc-ar-loc-georef-82105140,loc-ar-prov-santa-fe,"Gessler",82105140,Localidad simple
loc-ar-loc-georef-82112050,loc-ar-prov-santa-fe,"Gobernador Crespo",82112050,Localidad simple
loc-ar-loc-georef-82014080,loc-ar-prov-santa-fe,"Gödeken",82014080,Localidad simple
loc-ar-loc-georef-82028100,loc-ar-prov-santa-fe,"Godoy",82028100,Localidad simple
loc-ar-loc-georef-82133060,loc-ar-prov-santa-fe,"Golondrina",82133060,Localidad simple
loc-ar-loc-georef-82084160,loc-ar-prov-santa-fe,"Granadero Baigorria",82084160,Componente de localidad compuesta
loc-ar-loc-georef-82077030,loc-ar-prov-santa-fe,"Gregoria Pérez de Denis",82077030,Localidad simple
loc-ar-loc-georef-82070080,loc-ar-prov-santa-fe,"Grutly",82070080,Localidad simple
loc-ar-loc-georef-82049070,loc-ar-prov-santa-fe,"Guadalupe Norte",82049070,Localidad simple
loc-ar-loc-georef-82035020,loc-ar-prov-santa-fe,"Helvecia",82035020,Localidad simple
loc-ar-loc-georef-82091120,loc-ar-prov-santa-fe,"Hersilia",82091120,Localidad simple
loc-ar-loc-georef-82070090,loc-ar-prov-santa-fe,"Hipatía",82070090,Localidad simple
loc-ar-loc-georef-82091130,loc-ar-prov-santa-fe,"Huanqueros",82091130,Localidad simple
loc-ar-loc-georef-82042130,loc-ar-prov-santa-fe,"Hughes",82042130,Localidad simple
loc-ar-loc-georef-82021220,loc-ar-prov-santa-fe,"Humberto Primo",82021220,Localidad simple
loc-ar-loc-georef-82070100,loc-ar-prov-santa-fe,"Humboldt",82070100,Localidad simple
loc-ar-loc-georef-82084170,loc-ar-prov-santa-fe,"Ibarlucea",82084170,Localidad simple
loc-ar-loc-georef-82049080,loc-ar-prov-santa-fe,"Ingeniero Chanourdie",82049080,Localidad simple
loc-ar-loc-georef-82133070,loc-ar-prov-santa-fe,"Intiyaco",82133070,Localidad simple
loc-ar-loc-georef-82105150,loc-ar-prov-santa-fe,"Irigoyen",82105150,Localidad simple
loc-ar-loc-georef-82070110,loc-ar-prov-santa-fe,"Jacinto L. Aráuz",82070110,Localidad simple
loc-ar-loc-georef-82021230,loc-ar-prov-santa-fe,"Josefina",82021230,Localidad simple
loc-ar-loc-georef-82028110,loc-ar-prov-santa-fe,"Juan B. Molina",82028110,Localidad simple
loc-ar-loc-georef-82028120,loc-ar-prov-santa-fe,"Juncal",82028120,Localidad simple
loc-ar-loc-georef-82084180,loc-ar-prov-santa-fe,"Kilómetro 101",82084180,Localidad simple
loc-ar-loc-georef-82133080,loc-ar-prov-santa-fe,"Kilómetro 115",82133080,Localidad simple
loc-ar-loc-georef-82098040,loc-ar-prov-santa-fe,"La Brava",82098040,Localidad simple
loc-ar-loc-georef-82091140,loc-ar-prov-santa-fe,"La Cabral",82091140,Localidad simple
loc-ar-loc-georef-82042140,loc-ar-prov-santa-fe,"La Chispa",82042140,Localidad simple
loc-ar-loc-georef-82112060,loc-ar-prov-santa-fe,"La Criolla",82112060,Localidad simple
loc-ar-loc-georef-82133090,loc-ar-prov-santa-fe,"La Gallareta",82133090,Localidad simple
loc-ar-loc-georef-82049090,loc-ar-prov-santa-fe,"La Isleta",82049090,Localidad simple
loc-ar-loc-georef-82070120,loc-ar-prov-santa-fe,"La Pelada",82070120,Localidad simple
loc-ar-loc-georef-82112070,loc-ar-prov-santa-fe,"La Penca y Caraguatá",82112070,Localidad simple
loc-ar-loc-georef-82091150,loc-ar-prov-santa-fe,"La Rubia",82091150,Localidad simple
loc-ar-loc-georef-82049100,loc-ar-prov-santa-fe,"La Sarita",82049100,Localidad simple
loc-ar-loc-georef-82028130,loc-ar-prov-santa-fe,"La Vanguardia",82028130,Localidad simple
loc-ar-loc-georef-82042150,loc-ar-prov-santa-fe,"Labordeboy",82042150,Localidad simple
loc-ar-loc-georef-82063080,loc-ar-prov-santa-fe,"Laguna Paiva",82063080,Localidad simple
loc-ar-loc-georef-82126080,loc-ar-prov-santa-fe,"Landeta",82126080,Localidad simple
loc-ar-loc-georef-82049110,loc-ar-prov-santa-fe,"Lanteri",82049110,Localidad simple
loc-ar-loc-georef-82056080,loc-ar-prov-santa-fe,"Larguía",82056080,Localidad simple
loc-ar-loc-georef-82105160,loc-ar-prov-santa-fe,"Larrechea",82105160,Localidad simple
loc-ar-loc-georef-82091160,loc-ar-prov-santa-fe,"Las Avispas",82091160,Localidad simple
loc-ar-loc-georef-82126090,loc-ar-prov-santa-fe,"Las Bandurrias",82126090,Localidad simple
loc-ar-loc-georef-82049120,loc-ar-prov-santa-fe,"Las Garzas",82049120,Localidad simple
loc-ar-loc-georef-82091170,loc-ar-prov-santa-fe,"Las Palmeras",82091170,Localidad simple
loc-ar-loc-georef-82007030,loc-ar-prov-santa-fe,"Las Parejas",82007030,Localidad simple
loc-ar-loc-georef-82126100,loc-ar-prov-santa-fe,"Las Petacas",82126100,Localidad simple
loc-ar-loc-georef-82007040,loc-ar-prov-santa-fe,"Las Rosas",82007040,Localidad simple
loc-ar-loc-georef-82049130,loc-ar-prov-santa-fe,"Las Toscas",82049130,Localidad simple
loc-ar-loc-georef-82070130,loc-ar-prov-santa-fe,"Las Tunas",82070130,Localidad simple
loc-ar-loc-georef-82042160,loc-ar-prov-santa-fe,"Lazzarino",82042160,Localidad simple
loc-ar-loc-georef-82021240,loc-ar-prov-santa-fe,"Lehmann",82021240,Localidad simple
loc-ar-loc-georef-82063090,loc-ar-prov-santa-fe,"Llambi Campbell",82063090,Localidad simple
loc-ar-loc-georef-82077040,loc-ar-prov-santa-fe,"Logroño",82077040,Localidad simple
loc-ar-loc-georef-82105170,loc-ar-prov-santa-fe,"Loma Alta",82105170,Localidad simple
loc-ar-loc-georef-82105180,loc-ar-prov-santa-fe,"López",82105180,Localidad simple
loc-ar-loc-georef-82133100,loc-ar-prov-santa-fe,"Los Amores",82133100,Localidad simple
loc-ar-loc-georef-82126110,loc-ar-prov-santa-fe,"Los Cardos",82126110,Localidad simple
loc-ar-loc-georef-82049140,loc-ar-prov-santa-fe,"Los Laureles",82049140,Localidad simple
loc-ar-loc-georef-82014090,loc-ar-prov-santa-fe,"Los Molinos",82014090,Localidad simple
loc-ar-loc-georef-82084190,loc-ar-prov-santa-fe,"Los Muchachos - La Alborada",82084190,Localidad simple
loc-ar-loc-georef-82014100,loc-ar-prov-santa-fe,"Los Nogales",82014100,Localidad simple
loc-ar-loc-georef-82014110,loc-ar-prov-santa-fe,"Los Quirquinchos",82014110,Localidad simple
loc-ar-loc-georef-82035030,loc-ar-prov-santa-fe,"Los Zapallos",82035030,Localidad simple
loc-ar-loc-georef-82056090,loc-ar-prov-santa-fe,"Lucio V. López",82056090,Localidad simple
loc-ar-loc-georef-82119070,loc-ar-prov-santa-fe,"Luis Palacios",82119070,Localidad simple
loc-ar-loc-georef-82105190,loc-ar-prov-santa-fe,"Maciel",82105190,Localidad simple
loc-ar-loc-georef-82042170,loc-ar-prov-santa-fe,"Maggiolo",82042170,Localidad simple
loc-ar-loc-georef-82049150,loc-ar-prov-santa-fe,"Malabrigo",82049150,Localidad simple
loc-ar-loc-georef-82112080,loc-ar-prov-santa-fe,"Marcelino Escalada",82112080,Localidad simple
loc-ar-loc-georef-82133110,loc-ar-prov-santa-fe,"Margarita",82133110,Localidad simple
loc-ar-loc-georef-82021250,loc-ar-prov-santa-fe,"María Juana",82021250,Localidad simple
loc-ar-loc-georef-82070140,loc-ar-prov-santa-fe,"María Luisa",82070140,Localidad simple
loc-ar-loc-georef-82126120,loc-ar-prov-santa-fe,"María Susana",82126120,Localidad simple
loc-ar-loc-georef-82042180,loc-ar-prov-santa-fe,"María Teresa",82042180,Localidad simple
loc-ar-loc-georef-82070150,loc-ar-prov-santa-fe,"Matilde",82070150,Localidad simple
loc-ar-loc-georef-82028140,loc-ar-prov-santa-fe,"Máximo Paz",82028140,Localidad simple
loc-ar-loc-georef-82042190,loc-ar-prov-santa-fe,"Melincué",82042190,Localidad simple
loc-ar-loc-georef-82042200,loc-ar-prov-santa-fe,"Miguel Torres",82042200,Localidad simple
loc-ar-loc-georef-82091180,loc-ar-prov-santa-fe,"Moisés Ville",82091180,Localidad simple
loc-ar-loc-georef-82091190,loc-ar-prov-santa-fe,"Monigotes",82091190,Localidad simple
loc-ar-loc-georef-82105200,loc-ar-prov-santa-fe,"Monje",82105200,Localidad simple
loc-ar-loc-georef-82084200,loc-ar-prov-santa-fe,"Monte Flores",82084200,Localidad simple
loc-ar-loc-georef-82063100,loc-ar-prov-santa-fe,"Monte Vera",82063100,Localidad simple
loc-ar-loc-georef-82077050,loc-ar-prov-santa-fe,"Montefiore",82077050,Localidad simple
loc-ar-loc-georef-82007050,loc-ar-prov-santa-fe,"Montes de Oca",82007050,Localidad simple
loc-ar-loc-georef-82042210,loc-ar-prov-santa-fe,"Murphy",82042210,Localidad simple
loc-ar-loc-georef-82112090,loc-ar-prov-santa-fe,"Naré",82112090,Localidad simple
loc-ar-loc-georef-82063110,loc-ar-prov-santa-fe,"Nelson",82063110,Localidad simple
loc-ar-loc-georef-82021260,loc-ar-prov-santa-fe,"Nueva Lehmann",82021260,Localidad simple
loc-ar-loc-georef-82070160,loc-ar-prov-santa-fe,"Nuevo Torino",82070160,Localidad simple
loc-ar-loc-georef-82091200,loc-ar-prov-santa-fe,"Ñanducita",82091200,Localidad simple
loc-ar-loc-georef-82056100,loc-ar-prov-santa-fe,"Oliveros",82056100,Localidad simple
loc-ar-loc-georef-82091210,loc-ar-prov-santa-fe,"Palacios",82091210,Localidad simple
loc-ar-loc-georef-82133120,loc-ar-prov-santa-fe,"Paraje 29",82133120,Localidad simple
loc-ar-loc-georef-82063120,loc-ar-prov-santa-fe,"Paraje Chaco Chico",82063120,Localidad simple
loc-ar-loc-georef-82063130,loc-ar-prov-santa-fe,"Paraje La Costa",82063130,Localidad simple
loc-ar-loc-georef-82049160,loc-ar-prov-santa-fe,"Paraje San Manuel",82049160,Localidad simple
loc-ar-loc-georef-82028150,loc-ar-prov-santa-fe,"Pavón",82028150,Localidad simple
loc-ar-loc-georef-82028160,loc-ar-prov-santa-fe,"Pavón Arriba",82028160,Localidad simple
loc-ar-loc-georef-82112100,loc-ar-prov-santa-fe,"Pedro Gómez Cello",82112100,Localidad simple
loc-ar-loc-georef-82084210,loc-ar-prov-santa-fe,"Pérez",82084210,Componente de localidad compuesta
loc-ar-loc-georef-82028170,loc-ar-prov-santa-fe,"Peyrano",82028170,Localidad simple
loc-ar-loc-georef-82126130,loc-ar-prov-santa-fe,"Piamonte",82126130,Localidad simple
loc-ar-loc-georef-82070170,loc-ar-prov-santa-fe,"Pilar",82070170,Localidad simple
loc-ar-loc-georef-82084220,loc-ar-prov-santa-fe,"Piñero",82084220,Localidad simple
loc-ar-loc-georef-82021270,loc-ar-prov-santa-fe,"Plaza Clucellas",82021270,Localidad simple
loc-ar-loc-georef-82070180,loc-ar-prov-santa-fe,"Plaza Matilde",82070180,Localidad simple
loc-ar-loc-georef-82021280,loc-ar-prov-santa-fe,"Plaza Saguier",82021280,Localidad simple
loc-ar-loc-georef-82077060,loc-ar-prov-santa-fe,"Pozo Borrado",82077060,Localidad simple
loc-ar-loc-georef-82133130,loc-ar-prov-santa-fe,"Pozo de los Indios",82133130,Localidad simple
loc-ar-loc-georef-82021290,loc-ar-prov-santa-fe,"Presidente Roca",82021290,Localidad simple
loc-ar-loc-georef-82070190,loc-ar-prov-santa-fe,"Progreso",82070190,Localidad simple
loc-ar-loc-georef-82070200,loc-ar-prov-santa-fe,"Providencia",82070200,Localidad simple
loc-ar-loc-georef-82056110,loc-ar-prov-santa-fe,"Pueblo Andino",82056110,Localidad simple
loc-ar-loc-georef-82084230,loc-ar-prov-santa-fe,"Pueblo Esther",82084230,Localidad simple
loc-ar-loc-georef-82021300,loc-ar-prov-santa-fe,"Pueblo Marini",82021300,Localidad simple
loc-ar-loc-georef-82084240,loc-ar-prov-santa-fe,"Pueblo Muñóz",82084240,Localidad simple
loc-ar-loc-georef-82133140,loc-ar-prov-santa-fe,"Pueblo Santa Lucía",82133140,Localidad simple
loc-ar-loc-georef-82084250,loc-ar-prov-santa-fe,"Pueblo Uranga",82084250,Localidad simple
loc-ar-loc-georef-82105210,loc-ar-prov-santa-fe,"Puerto Aragón",82105210,Localidad simple
loc-ar-loc-georef-82084260,loc-ar-prov-santa-fe,"Puerto Arroyo Seco",82084260,Localidad simple
loc-ar-loc-georef-82119080,loc-ar-prov-santa-fe,"Puerto General San Martín",82119080,Componente de localidad compuesta
loc-ar-loc-georef-82049170,loc-ar-prov-santa-fe,"Puerto Reconquista",82049170,Localidad simple
loc-ar-loc-georef-82119090,loc-ar-prov-santa-fe,"Pujato",82119090,Localidad simple
loc-ar-loc-georef-82021310,loc-ar-prov-santa-fe,"Rafaela",82021310,Localidad simple
loc-ar-loc-georef-82112110,loc-ar-prov-santa-fe,"Ramayón",82112110,Localidad simple
loc-ar-loc-georef-82021320,loc-ar-prov-santa-fe,"Ramona",82021320,Localidad simple
loc-ar-loc-georef-82049180,loc-ar-prov-santa-fe,"Reconquista",82049180,Componente de localidad compuesta
loc-ar-loc-georef-82063140,loc-ar-prov-santa-fe,"Recreo",82063140,Componente de localidad compuesta
loc-ar-loc-georef-82119100,loc-ar-prov-santa-fe,"Ricardone",82119100,Localidad simple
loc-ar-loc-georef-8206303002,loc-ar-prov-santa-fe,"Rincón Norte",8206303002,Entidad
loc-ar-loc-georef-82063150,loc-ar-prov-santa-fe,"Rincón Potrero",82063150,Localidad simple
loc-ar-loc-georef-82119110,loc-ar-prov-santa-fe,"Roldán",82119110,Componente de localidad compuesta
loc-ar-loc-georef-82098050,loc-ar-prov-santa-fe,"Romang",82098050,Localidad simple
loc-ar-loc-georef-82084270,loc-ar-prov-santa-fe,"Rosario",82084270,Componente de localidad compuesta
loc-ar-loc-georef-82028180,loc-ar-prov-santa-fe,"Rueda",82028180,Localidad simple
loc-ar-loc-georef-82042220,loc-ar-prov-santa-fe,"Rufino",82042220,Localidad simple
loc-ar-loc-georef-82070210,loc-ar-prov-santa-fe,"Sa Pereyra",82070210,Localidad simple
loc-ar-loc-georef-82035040,loc-ar-prov-santa-fe,"Saladero Mariano Cabal",82035040,Localidad simple
loc-ar-loc-georef-82056120,loc-ar-prov-santa-fe,"Salto Grande",82056120,Localidad simple
loc-ar-loc-georef-82070220,loc-ar-prov-santa-fe,"San Agustín",82070220,Localidad simple
loc-ar-loc-georef-82021330,loc-ar-prov-santa-fe,"San Antonio",82021330,Componente de localidad compuesta
loc-ar-loc-georef-82049190,loc-ar-prov-santa-fe,"San Antonio de Obligado",82049190,Localidad simple
loc-ar-loc-georef-82077065,loc-ar-prov-santa-fe,"San Bernardo",82077065,Localidad simple
loc-ar-loc-georef-82070230,loc-ar-prov-santa-fe,"San Carlos Centro",82070230,Componente de localidad compuesta
loc-ar-loc-georef-82070240,loc-ar-prov-santa-fe,"San Carlos Norte",82070240,Localidad simple
loc-ar-loc-georef-82070250,loc-ar-prov-santa-fe,"San Carlos Sud",82070250,Componente de localidad compuesta
loc-ar-loc-georef-82091220,loc-ar-prov-santa-fe,"San Cristóbal",82091220,Localidad simple
loc-ar-loc-georef-82042230,loc-ar-prov-santa-fe,"San Eduardo",82042230,Localidad simple
loc-ar-loc-georef-82105220,loc-ar-prov-santa-fe,"San Eugenio",82105220,Localidad simple
loc-ar-loc-georef-82105230,loc-ar-prov-santa-fe,"San Fabián",82105230,Localidad simple
loc-ar-loc-georef-82042240,loc-ar-prov-santa-fe,"San Francisco de Santa Fe",82042240,Localidad simple
loc-ar-loc-georef-82105240,loc-ar-prov-santa-fe,"San Genaro",82105240,Componente de localidad compuesta
loc-ar-loc-georef-82042250,loc-ar-prov-santa-fe,"San Gregorio",82042250,Localidad simple
loc-ar-loc-georef-82091230,loc-ar-prov-santa-fe,"San Guillermo",82091230,Localidad simple
loc-ar-loc-georef-82098060,loc-ar-prov-santa-fe,"San Javier",82098060,Localidad simple
loc-ar-loc-georef-82070260,loc-ar-prov-santa-fe,"San Jerónimo del Sauce",82070260,Localidad simple
loc-ar-loc-georef-82070270,loc-ar-prov-santa-fe,"San Jerónimo Norte",82070270,Localidad simple
loc-ar-loc-georef-82119120,loc-ar-prov-santa-fe,"San Jerónimo Sud",82119120,Localidad simple
loc-ar-loc-georef-82126140,loc-ar-prov-santa-fe,"San Jorge",82126140,Localidad simple
loc-ar-loc-georef-82014120,loc-ar-prov-santa-fe,"San José de la Esquina",82014120,Localidad simple
loc-ar-loc-georef-82063160,loc-ar-prov-santa-fe,"San José del Rincón",82063160,Componente de localidad compuesta
loc-ar-loc-georef-82112130,loc-ar-prov-santa-fe,"San Justo",82112130,Localidad simple
loc-ar-loc-georef-82119130,loc-ar-prov-santa-fe,"San Lorenzo",82119130,Componente de localidad compuesta
loc-ar-loc-georef-82070280,loc-ar-prov-santa-fe,"San Mariano",82070280,Localidad simple
loc-ar-loc-georef-82126150,loc-ar-prov-santa-fe,"San Martín de las Escobas",82126150,Localidad simple
loc-ar-loc-georef-82112140,loc-ar-prov-santa-fe,"San Martín Norte",82112140,Localidad simple
loc-ar-loc-georef-82021340,loc-ar-prov-santa-fe,"San Vicente",82021340,Localidad simple
loc-ar-loc-georef-82042260,loc-ar-prov-santa-fe,"Sancti Spiritu",82042260,Localidad simple
loc-ar-loc-georef-82014130,loc-ar-prov-santa-fe,"Sanford",82014130,Localidad simple
loc-ar-loc-georef-82070290,loc-ar-prov-santa-fe,"Santa Clara de Buena Vista",82070290,Localidad simple
loc-ar-loc-georef-82021350,loc-ar-prov-santa-fe,"Santa Clara de Saguier",82021350,Localidad simple
loc-ar-loc-georef-82063170,loc-ar-prov-santa-fe,"Santa Fe",82063170,Componente de localidad compuesta
loc-ar-loc-georef-82042270,loc-ar-prov-santa-fe,"Santa Isabel",82042270,Localidad simple
loc-ar-loc-georef-82077070,loc-ar-prov-santa-fe,"Santa Margarita",82077070,Localidad simple
loc-ar-loc-georef-82035050,loc-ar-prov-santa-fe,"Santa Rosa de Calchines",82035050,Localidad simple
loc-ar-loc-georef-82028190,loc-ar-prov-santa-fe,"Santa Teresa",82028190,Localidad simple
loc-ar-loc-georef-82070300,loc-ar-prov-santa-fe,"Santo Domingo",82070300,Localidad simple
loc-ar-loc-georef-82063180,loc-ar-prov-santa-fe,"Santo Tomé",82063180,Componente de localidad compuesta
loc-ar-loc-georef-82091240,loc-ar-prov-santa-fe,"Santurce",82091240,Localidad simple
loc-ar-loc-georef-82028200,loc-ar-prov-santa-fe,"Sargento Cabral",82028200,Localidad simple
loc-ar-loc-georef-82070310,loc-ar-prov-santa-fe,"Sarmiento",82070310,Localidad simple
loc-ar-loc-georef-82126160,loc-ar-prov-santa-fe,"Sastre",82126160,Localidad simple
loc-ar-loc-georef-82063190,loc-ar-prov-santa-fe,"Sauce Viejo",82063190,Componente de localidad compuesta
loc-ar-loc-georef-82056130,loc-ar-prov-santa-fe,"Serodino",82056130,Localidad simple
loc-ar-loc-georef-82112150,loc-ar-prov-santa-fe,"Silva",82112150,Localidad simple
loc-ar-loc-georef-82084280,loc-ar-prov-santa-fe,"Soldini",82084280,Componente de localidad compuesta
loc-ar-loc-georef-82091250,loc-ar-prov-santa-fe,"Soledad",82091250,Localidad simple
loc-ar-loc-georef-82028210,loc-ar-prov-santa-fe,"Stephenson",82028210,Localidad simple
loc-ar-loc-georef-82091260,loc-ar-prov-santa-fe,"Suardi",82091260,Localidad simple
loc-ar-loc-georef-82021360,loc-ar-prov-santa-fe,"Sunchales",82021360,Localidad simple
loc-ar-loc-georef-82021370,loc-ar-prov-santa-fe,"Susana",82021370,Localidad simple
loc-ar-loc-georef-82049200,loc-ar-prov-santa-fe,"Tacuarendí",82049200,Localidad simple
loc-ar-loc-georef-82021380,loc-ar-prov-santa-fe,"Tacural",82021380,Localidad simple
loc-ar-loc-georef-82133150,loc-ar-prov-santa-fe,"Tartagal",82133150,Localidad simple
loc-ar-loc-georef-82042280,loc-ar-prov-santa-fe,"Teodelina",82042280,Localidad simple
loc-ar-loc-georef-82028220,loc-ar-prov-santa-fe,"Theobald",82028220,Localidad simple
loc-ar-loc-georef-82119140,loc-ar-prov-santa-fe,"Timbúes",82119140,Localidad simple
loc-ar-loc-georef-82133160,loc-ar-prov-santa-fe,"Toba",82133160,Localidad simple
loc-ar-loc-georef-82007060,loc-ar-prov-santa-fe,"Tortugas",82007060,Localidad simple
loc-ar-loc-georef-82077080,loc-ar-prov-santa-fe,"Tostado",82077080,Localidad simple
loc-ar-loc-georef-82056140,loc-ar-prov-santa-fe,"Totoras",82056140,Localidad simple
loc-ar-loc-georef-82126170,loc-ar-prov-santa-fe,"Traill",82126170,Localidad simple
loc-ar-loc-georef-82042290,loc-ar-prov-santa-fe,"Venado Tuerto",82042290,Localidad simple
loc-ar-loc-georef-82133170,loc-ar-prov-santa-fe,"Vera",82133170,Localidad simple
loc-ar-loc-georef-82112160,loc-ar-prov-santa-fe,"Vera y Pintado",82112160,Localidad simple
loc-ar-loc-georef-82112170,loc-ar-prov-santa-fe,"Videla",82112170,Localidad simple
loc-ar-loc-georef-82021390,loc-ar-prov-santa-fe,"Vila",82021390,Localidad simple
loc-ar-loc-georef-8206319002,loc-ar-prov-santa-fe,"Villa Adelina",8206319002,Entidad
loc-ar-loc-georef-82084290,loc-ar-prov-santa-fe,"Villa Amelia",82084290,Localidad simple
loc-ar-loc-georef-82049210,loc-ar-prov-santa-fe,"Villa Ana",82049210,Localidad simple
loc-ar-loc-georef-82042300,loc-ar-prov-santa-fe,"Villa Cañás",82042300,Localidad simple
loc-ar-loc-georef-82028230,loc-ar-prov-santa-fe,"Villa Constitución",82028230,Localidad simple
loc-ar-loc-georef-82084300,loc-ar-prov-santa-fe,"Villa del Plata",82084300,Componente de localidad compuesta
loc-ar-loc-georef-82056150,loc-ar-prov-santa-fe,"Villa Eloísa",82056150,Localidad simple
loc-ar-loc-georef-82119150,loc-ar-prov-santa-fe,"Villa Elvira",82119150,Componente de localidad compuesta
loc-ar-loc-georef-82084310,loc-ar-prov-santa-fe,"Villa Gobernador Gálvez",82084310,Componente de localidad compuesta
loc-ar-loc-georef-82049220,loc-ar-prov-santa-fe,"Villa Guillermina",82049220,Localidad simple
loc-ar-loc-georef-82021400,loc-ar-prov-santa-fe,"Villa Josefina",82021400,Localidad simple
loc-ar-loc-georef-82056160,loc-ar-prov-santa-fe,"Villa La Rivera (Oliveros)",82056160,Componente de localidad compuesta
loc-ar-loc-georef-82056170,loc-ar-prov-santa-fe,"Villa La Rivera (Pueblo Andino)",82056170,Componente de localidad compuesta
loc-ar-loc-georef-82063200,loc-ar-prov-santa-fe,"Villa Laura",82063200,Localidad simple
loc-ar-loc-georef-82077090,loc-ar-prov-santa-fe,"Villa Minetti",82077090,Localidad simple
loc-ar-loc-georef-82119160,loc-ar-prov-santa-fe,"Villa Mugueta",82119160,Localidad simple
loc-ar-loc-georef-82049230,loc-ar-prov-santa-fe,"Villa Ocampo",82049230,Localidad simple
loc-ar-loc-georef-82021410,loc-ar-prov-santa-fe,"Villa San José",82021410,Localidad simple
loc-ar-loc-georef-82091270,loc-ar-prov-santa-fe,"Villa Saralegui",82091270,Localidad simple
loc-ar-loc-georef-82091280,loc-ar-prov-santa-fe,"Villa Trinidad",82091280,Localidad simple
loc-ar-loc-georef-82014140,loc-ar-prov-santa-fe,"Villada",82014140,Localidad simple
loc-ar-loc-georef-82021420,loc-ar-prov-santa-fe,"Virginia",82021420,Localidad simple
loc-ar-loc-georef-82042310,loc-ar-prov-santa-fe,"Wheelwright",82042310,Localidad simple
loc-ar-loc-georef-82126180,loc-ar-prov-santa-fe,"Wildermuth",82126180,Localidad simple
loc-ar-loc-georef-82084320,loc-ar-prov-santa-fe,"Zavalla",82084320,Localidad simple
loc-ar-loc-georef-82021430,loc-ar-prov-santa-fe,"Zenón Pereyra",82021430,Localidad simple
loc-ar-loc-georef-86035010,loc-ar-prov-santiago,"Abra Grande",86035010,Localidad simple
loc-ar-loc-georef-86119010,loc-ar-prov-santiago,"Aerolito",86119010,Localidad simple
loc-ar-loc-georef-86119020,loc-ar-prov-santiago,"Alhuampa",86119020,Localidad simple
loc-ar-loc-georef-86063010,loc-ar-prov-santiago,"Ancaján",86063010,Localidad simple
loc-ar-loc-georef-86035020,loc-ar-prov-santiago,"Antajé",86035020,Localidad simple
loc-ar-loc-georef-86077010,loc-ar-prov-santiago,"Añatuya",86077010,Localidad simple
loc-ar-loc-georef-86035030,loc-ar-prov-santiago,"Ardiles",86035030,Localidad simple
loc-ar-loc-georef-86007010,loc-ar-prov-santiago,"Argentina",86007010,Localidad simple
loc-ar-loc-georef-86189010,loc-ar-prov-santiago,"Árraga",86189010,Localidad simple
loc-ar-loc-georef-86077020,loc-ar-prov-santiago,"Averías",86077020,Localidad simple
loc-ar-loc-georef-86042010,loc-ar-prov-santiago,"Bandera",86042010,Localidad simple
loc-ar-loc-georef-86070010,loc-ar-prov-santiago,"Bandera Bajada",86070010,Localidad simple
loc-ar-loc-georef-86161010,loc-ar-prov-santiago,"Beltrán",86161010,Localidad simple
loc-ar-loc-georef-86175010,loc-ar-prov-santiago,"Brea Pozo",86175010,Localidad simple
loc-ar-loc-georef-86014010,loc-ar-prov-santiago,"Campo Gallo",86014010,Localidad simple
loc-ar-loc-georef-86035040,loc-ar-prov-santiago,"Cañada Escobar",86035040,Localidad simple
loc-ar-loc-georef-86007020,loc-ar-prov-santiago,"Casares",86007020,Localidad simple
loc-ar-loc-georef-86070020,loc-ar-prov-santiago,"Caspi Corral",86070020,Localidad simple
loc-ar-loc-georef-86147020,loc-ar-prov-santiago,"Chauchillas",86147020,Localidad simple
loc-ar-loc-georef-86035050,loc-ar-prov-santiago,"Chaupi Pozo",86035050,Localidad simple
loc-ar-loc-georef-86168010,loc-ar-prov-santiago,"Chilca Juliana",86168010,Localidad simple
loc-ar-loc-georef-86063020,loc-ar-prov-santiago,"Choya",86063020,Localidad simple
loc-ar-loc-georef-86035060,loc-ar-prov-santiago,"Clodomira",86035060,Localidad simple
loc-ar-loc-georef-86154010,loc-ar-prov-santiago,"Colonia Alpina",86154010,Localidad simple
loc-ar-loc-georef-86028010,loc-ar-prov-santiago,"Colonia Dora",86028010,Localidad simple
loc-ar-loc-georef-86161020,loc-ar-prov-santiago,"Colonia El Simbolar",86161020,Localidad simple
loc-ar-loc-georef-86070030,loc-ar-prov-santiago,"Colonia San Juan",86070030,Localidad simple
loc-ar-loc-georef-86147030,loc-ar-prov-santiago,"Colonia Tinco",86147030,Localidad simple
loc-ar-loc-georef-86014020,loc-ar-prov-santiago,"Coronel Manuel L. Rico",86014020,Localidad simple
loc-ar-loc-georef-86042020,loc-ar-prov-santiago,"Cuatro Bocas",86042020,Localidad simple
loc-ar-loc-georef-86014030,loc-ar-prov-santiago,"Donadeu",86014030,Localidad simple
loc-ar-loc-georef-86126010,loc-ar-prov-santiago,"El 49",86126010,Localidad simple
loc-ar-loc-georef-86091005,loc-ar-prov-santiago,"El Arenal",86091005,Localidad simple
loc-ar-loc-georef-86091010,loc-ar-prov-santiago,"El Bobadal",86091010,Localidad simple
loc-ar-loc-georef-86056010,loc-ar-prov-santiago,"El Caburé",86056010,Localidad simple
loc-ar-loc-georef-86091020,loc-ar-prov-santiago,"El Charco",86091020,Componente de localidad compuesta
loc-ar-loc-georef-86098010,loc-ar-prov-santiago,"El Colorado",86098010,Localidad simple
loc-ar-loc-georef-86070040,loc-ar-prov-santiago,"El Crucero",86070040,Localidad simple
loc-ar-loc-georef-86098020,loc-ar-prov-santiago,"El Cuadrado",86098020,Localidad simple
loc-ar-loc-georef-86049010,loc-ar-prov-santiago,"El Deán",86049010,Localidad simple
loc-ar-loc-georef-86049020,loc-ar-prov-santiago,"El Mojón",86049020,Localidad simple
loc-ar-loc-georef-86091030,loc-ar-prov-santiago,"El Rincón",86091030,Localidad simple
loc-ar-loc-georef-86147120,loc-ar-prov-santiago,"El Sauzal",86147120,Localidad simple
loc-ar-loc-georef-86049030,loc-ar-prov-santiago,"El Zanjón",86049030,Componente de localidad compuesta
loc-ar-loc-georef-86021010,loc-ar-prov-santiago,"Estación Atamisqui",86021010,Localidad simple
loc-ar-loc-georef-86063030,loc-ar-prov-santiago,"Estación La Punta",86063030,Localidad simple
loc-ar-loc-georef-86175020,loc-ar-prov-santiago,"Estación Robles",86175020,Localidad simple
loc-ar-loc-georef-86175030,loc-ar-prov-santiago,"Estación Taboada",86175030,Localidad simple
loc-ar-loc-georef-86077030,loc-ar-prov-santiago,"Estación Tacañitas",86077030,Localidad simple
loc-ar-loc-georef-86161030,loc-ar-prov-santiago,"Fernández",86161030,Localidad simple
loc-ar-loc-georef-86042030,loc-ar-prov-santiago,"Fortín Inca",86042030,Localidad simple
loc-ar-loc-georef-86063040,loc-ar-prov-santiago,"Frías",86063040,Localidad simple
loc-ar-loc-georef-86182010,loc-ar-prov-santiago,"Garza",86182010,Localidad simple
loc-ar-loc-georef-86091040,loc-ar-prov-santiago,"Gramilla",86091040,Componente de localidad compuesta
loc-ar-loc-georef-86042040,loc-ar-prov-santiago,"Guardia Escolta",86042040,Localidad simple
loc-ar-loc-georef-86119030,loc-ar-prov-santiago,"Hasse",86119030,Localidad simple
loc-ar-loc-georef-86119040,loc-ar-prov-santiago,"Hernán Mejía Miraval",86119040,Localidad simple
loc-ar-loc-georef-86028020,loc-ar-prov-santiago,"Herrera",86028020,Localidad simple
loc-ar-loc-georef-86035070,loc-ar-prov-santiago,"Huyamampa",86035070,Localidad simple
loc-ar-loc-georef-86028030,loc-ar-prov-santiago,"Icaño",86028030,Localidad simple
loc-ar-loc-georef-86161040,loc-ar-prov-santiago,"Ingeniero Forres",86161040,Localidad simple
loc-ar-loc-georef-86091050,loc-ar-prov-santiago,"Isca Yacu",86091050,Localidad simple
loc-ar-loc-georef-86091060,loc-ar-prov-santiago,"Isca Yacu Semaul",86091060,Localidad simple
loc-ar-loc-georef-86035080,loc-ar-prov-santiago,"La Aurora",86035080,Localidad simple
loc-ar-loc-georef-86035090,loc-ar-prov-santiago,"La Banda",86035090,Componente de localidad compuesta
loc-ar-loc-georef-86070060,loc-ar-prov-santiago,"La Cañada",86070060,Localidad simple
loc-ar-loc-georef-86035100,loc-ar-prov-santiago,"La Dársena",86035100,Localidad simple
loc-ar-loc-georef-86077040,loc-ar-prov-santiago,"La Nena",86077040,Localidad simple
loc-ar-loc-georef-86147060,loc-ar-prov-santiago,"La Nueva Donosa",86147060,Localidad simple
loc-ar-loc-georef-86063050,loc-ar-prov-santiago,"Laprida",86063050,Localidad simple
loc-ar-loc-georef-86133020,loc-ar-prov-santiago,"Las Delicias",86133020,Localidad simple
loc-ar-loc-georef-86119050,loc-ar-prov-santiago,"Las Tinajas",86119050,Localidad simple
loc-ar-loc-georef-86084010,loc-ar-prov-santiago,"Lavalle",86084010,Componente de localidad compuesta
loc-ar-loc-georef-86119060,loc-ar-prov-santiago,"Libertad",86119060,Localidad simple
loc-ar-loc-georef-86119070,loc-ar-prov-santiago,"Lilo Viejo",86119070,Localidad simple
loc-ar-loc-georef-86049040,loc-ar-prov-santiago,"Los Cardozos",86049040,Localidad simple
loc-ar-loc-georef-86077050,loc-ar-prov-santiago,"Los Juríes",86077050,Localidad simple
loc-ar-loc-georef-86147070,loc-ar-prov-santiago,"Los Miranda",86147070,Localidad simple
loc-ar-loc-georef-86147080,loc-ar-prov-santiago,"Los Núñez",86147080,Localidad simple
loc-ar-loc-georef-86056030,loc-ar-prov-santiago,"Los Pirpintos",86056030,Localidad simple
loc-ar-loc-georef-86035110,loc-ar-prov-santiago,"Los Quiroga",86035110,Localidad simple
loc-ar-loc-georef-86035120,loc-ar-prov-santiago,"Los Soria",86035120,Localidad simple
loc-ar-loc-georef-86168020,loc-ar-prov-santiago,"Los Telares",86168020,Localidad simple
loc-ar-loc-georef-86056040,loc-ar-prov-santiago,"Los Tigres",86056040,Localidad simple
loc-ar-loc-georef-86028040,loc-ar-prov-santiago,"Lugones",86028040,Localidad simple
loc-ar-loc-georef-86049050,loc-ar-prov-santiago,"Maco",86049050,Localidad simple
loc-ar-loc-georef-86007030,loc-ar-prov-santiago,"Malbrán",86007030,Localidad simple
loc-ar-loc-georef-86147090,loc-ar-prov-santiago,"Mansupa",86147090,Localidad simple
loc-ar-loc-georef-86049060,loc-ar-prov-santiago,"Maquito",86049060,Localidad simple
loc-ar-loc-georef-86098030,loc-ar-prov-santiago,"Matará",86098030,Localidad simple
loc-ar-loc-georef-86021020,loc-ar-prov-santiago,"Medellín",86021020,Localidad simple
loc-ar-loc-georef-86070080,loc-ar-prov-santiago,"Minerva",86070080,Localidad simple
loc-ar-loc-georef-86056050,loc-ar-prov-santiago,"Monte Quemado",86056050,Localidad simple
loc-ar-loc-georef-86049070,loc-ar-prov-santiago,"Morales",86049070,Localidad simple
loc-ar-loc-georef-86133030,loc-ar-prov-santiago,"Nueva Esperanza",86133030,Localidad simple
loc-ar-loc-georef-86189020,loc-ar-prov-santiago,"Nueva Francia",86189020,Localidad simple
loc-ar-loc-georef-86154020,loc-ar-prov-santiago,"Palo Negro",86154020,Localidad simple
loc-ar-loc-georef-86056070,loc-ar-prov-santiago,"Pampa de los Guanacos",86056070,Localidad simple
loc-ar-loc-georef-86119080,loc-ar-prov-santiago,"Patay",86119080,Localidad simple
loc-ar-loc-georef-86133040,loc-ar-prov-santiago,"Pozo Betbeder",86133040,Localidad simple
loc-ar-loc-georef-86091070,loc-ar-prov-santiago,"Pozo Hondo",86091070,Localidad simple
loc-ar-loc-georef-86147100,loc-ar-prov-santiago,"Pozuelos",86147100,Localidad simple
loc-ar-loc-georef-86119090,loc-ar-prov-santiago,"Pueblo Pablo Torelo",86119090,Localidad simple
loc-ar-loc-georef-86049080,loc-ar-prov-santiago,"Puesto de San Antonio",86049080,Localidad simple
loc-ar-loc-georef-86119100,loc-ar-prov-santiago,"Quimili",86119100,Localidad simple
loc-ar-loc-georef-86140010,loc-ar-prov-santiago,"Ramírez de Velazco",86140010,Localidad simple
loc-ar-loc-georef-86133050,loc-ar-prov-santiago,"Rapelli",86133050,Localidad simple
loc-ar-loc-georef-86028050,loc-ar-prov-santiago,"Real Sayana",86028050,Localidad simple
loc-ar-loc-georef-86147110,loc-ar-prov-santiago,"Rodeo de Valdez",86147110,Localidad simple
loc-ar-loc-georef-86119110,loc-ar-prov-santiago,"Roversi",86119110,Localidad simple
loc-ar-loc-georef-86014040,loc-ar-prov-santiago,"Sachayoj",86014040,Localidad simple
loc-ar-loc-georef-86056080,loc-ar-prov-santiago,"San José del Boquerón",86056080,Localidad simple
loc-ar-loc-georef-86049090,loc-ar-prov-santiago,"San Pedro",86049090,Localidad simple
loc-ar-loc-georef-86049100,loc-ar-prov-santiago,"Santa María",86049100,Localidad simple
loc-ar-loc-georef-86049110,loc-ar-prov-santiago,"Santiago del Estero",86049110,Componente de localidad compuesta
loc-ar-loc-georef-86133060,loc-ar-prov-santiago,"Santo Domingo",86133060,Localidad simple
loc-ar-loc-georef-86014050,loc-ar-prov-santiago,"Santos Lugares",86014050,Localidad simple
loc-ar-loc-georef-86154030,loc-ar-prov-santiago,"Selva",86154030,Localidad simple
loc-ar-loc-georef-86189030,loc-ar-prov-santiago,"Simbol",86189030,Localidad simple
loc-ar-loc-georef-86035130,loc-ar-prov-santiago,"Simbolar",86035130,Localidad simple
loc-ar-loc-georef-86126020,loc-ar-prov-santiago,"Sol de Julio",86126020,Localidad simple
loc-ar-loc-georef-86189040,loc-ar-prov-santiago,"Sumamao",86189040,Localidad simple
loc-ar-loc-georef-86140020,loc-ar-prov-santiago,"Sumampa",86140020,Localidad simple
loc-ar-loc-georef-86140030,loc-ar-prov-santiago,"Sumampa Viejo",86140030,Localidad simple
loc-ar-loc-georef-86098040,loc-ar-prov-santiago,"Suncho Corral",86098040,Localidad simple
loc-ar-loc-georef-86063080,loc-ar-prov-santiago,"Tapso",86063080,Componente de localidad compuesta
loc-ar-loc-georef-86147130,loc-ar-prov-santiago,"Termas de Río Hondo",86147130,Localidad simple
loc-ar-loc-georef-86119120,loc-ar-prov-santiago,"Tintina",86119120,Localidad simple
loc-ar-loc-georef-86077060,loc-ar-prov-santiago,"Tomás Young",86077060,Localidad simple
loc-ar-loc-georef-86035140,loc-ar-prov-santiago,"Tramo 16",86035140,Localidad simple
loc-ar-loc-georef-86035150,loc-ar-prov-santiago,"Tramo 20",86035150,Localidad simple
loc-ar-loc-georef-86056090,loc-ar-prov-santiago,"Urutaú",86056090,Localidad simple
loc-ar-loc-georef-86070090,loc-ar-prov-santiago,"Vaca Huañuna",86070090,Localidad simple
loc-ar-loc-georef-86098050,loc-ar-prov-santiago,"Vilelas",86098050,Localidad simple
loc-ar-loc-georef-86021030,loc-ar-prov-santiago,"Villa Atamisqui",86021030,Localidad simple
loc-ar-loc-georef-86070100,loc-ar-prov-santiago,"Villa Figueroa",86070100,Localidad simple
loc-ar-loc-georef-86007040,loc-ar-prov-santiago,"Villa General Mitre",86007040,Localidad simple
loc-ar-loc-georef-86147140,loc-ar-prov-santiago,"Villa Giménez",86147140,Localidad simple
loc-ar-loc-georef-86063090,loc-ar-prov-santiago,"Villa La Punta",86063090,Localidad simple
loc-ar-loc-georef-86028060,loc-ar-prov-santiago,"Villa Mailín",86028060,Localidad simple
loc-ar-loc-georef-86175040,loc-ar-prov-santiago,"Villa Nueva",86175040,Localidad simple
loc-ar-loc-georef-86126030,loc-ar-prov-santiago,"Villa Ojo de Agua",86126030,Localidad simple
loc-ar-loc-georef-86147150,loc-ar-prov-santiago,"Villa Río Hondo",86147150,Localidad simple
loc-ar-loc-georef-86168030,loc-ar-prov-santiago,"Villa Salavina",86168030,Localidad simple
loc-ar-loc-georef-86105010,loc-ar-prov-santiago,"Villa San Martín (Est. Loreto)",86105010,Localidad simple
loc-ar-loc-georef-86189050,loc-ar-prov-santiago,"Villa Silípica",86189050,Localidad simple
loc-ar-loc-georef-86147160,loc-ar-prov-santiago,"Villa Turística del Embalse de Rio Hondo",86147160,Localidad simple
loc-ar-loc-georef-86112010,loc-ar-prov-santiago,"Villa Unión",86112010,Localidad simple
loc-ar-loc-georef-86161050,loc-ar-prov-santiago,"Vilmer",86161050,Localidad simple
loc-ar-loc-georef-86147170,loc-ar-prov-santiago,"Vinará",86147170,Localidad simple
loc-ar-loc-georef-86049120,loc-ar-prov-santiago,"Vuelta de la Barranca",86049120,Localidad simple
loc-ar-loc-georef-86119130,loc-ar-prov-santiago,"Weisburd",86119130,Localidad simple
loc-ar-loc-georef-86049130,loc-ar-prov-santiago,"Yanda",86049130,Localidad simple
loc-ar-loc-georef-86098060,loc-ar-prov-santiago,"Yuchán",86098060,Localidad simple
loc-ar-loc-georef-94015010,loc-ar-prov-tierra-del-fuego,"Laguna Escondida",94015010,Localidad simple
loc-ar-loc-georef-94021010,loc-ar-prov-tierra-del-fuego,"Puerto Argentino",94021010,Localidad simple
loc-ar-loc-georef-94008010,loc-ar-prov-tierra-del-fuego,"Río Grande",94008010,Localidad simple
loc-ar-loc-georef-94015020,loc-ar-prov-tierra-del-fuego,"Ushuaia",94015020,Localidad simple
loc-ar-loc-georef-90007080,loc-ar-prov-tucuman,"7 de Abril",90007080,Localidad simple
loc-ar-loc-georef-90070010,loc-ar-prov-tucuman,"Acheral",90070010,Localidad simple
loc-ar-loc-georef-90077010,loc-ar-prov-tucuman,"Aguilares",90077010,Localidad simple
loc-ar-loc-georef-90014010,loc-ar-prov-tucuman,"Alderetes",90014010,Componente de localidad compuesta
loc-ar-loc-georef-90021010,loc-ar-prov-tucuman,"Alpachiri",90021010,Localidad simple
loc-ar-loc-georef-90021020,loc-ar-prov-tucuman,"Alto Verde",90021020,Localidad simple
loc-ar-loc-georef-90098010,loc-ar-prov-tucuman,"Amaicha del Valle",90098010,Localidad simple
loc-ar-loc-georef-90021030,loc-ar-prov-tucuman,"Arcadia",90021030,Localidad simple
loc-ar-loc-georef-90091010,loc-ar-prov-tucuman,"Atahona",90091010,Localidad simple
loc-ar-loc-georef-90014020,loc-ar-prov-tucuman,"Banda del Río Salí",90014020,Componente de localidad compuesta
loc-ar-loc-georef-9001402002,loc-ar-prov-tucuman,"Barrio Aeropuerto",9001402002,Entidad
loc-ar-loc-georef-9006302001,loc-ar-prov-tucuman,"Barrio Araujo",9006302001,Entidad
loc-ar-loc-georef-90105030,loc-ar-prov-tucuman,"Barrio Mutual San Martín",90105030,Localidad simple
loc-ar-loc-georef-90063010,loc-ar-prov-tucuman,"Barrio San Felipe",90063010,Componente de localidad compuesta
loc-ar-loc-georef-90007010,loc-ar-prov-tucuman,"Barrio San Jorge",90007010,Localidad simple
loc-ar-loc-georef-90056010,loc-ar-prov-tucuman,"Bella Vista",90056010,Localidad simple
loc-ar-loc-georef-90028020,loc-ar-prov-tucuman,"Campo de Herrera",90028020,Localidad simple
loc-ar-loc-georef-90070020,loc-ar-prov-tucuman,"Capitán Cáceres",90070020,Localidad simple
loc-ar-loc-georef-90112010,loc-ar-prov-tucuman,"Choromoro",90112010,Localidad simple
loc-ar-loc-georef-90098020,loc-ar-prov-tucuman,"Colalao del Valle",90098020,Localidad simple
loc-ar-loc-georef-90014040,loc-ar-prov-tucuman,"Colombres",90014040,Componente de localidad compuesta
loc-ar-loc-georef-90014050,loc-ar-prov-tucuman,"Colonia Mayo - Barrio La Milagrosa",90014050,Localidad simple
loc-ar-loc-georef-90021050,loc-ar-prov-tucuman,"Concepción",90021050,Componente de localidad compuesta
loc-ar-loc-georef-90014060,loc-ar-prov-tucuman,"Delfín Gallo",90014060,Componente de localidad compuesta
loc-ar-loc-georef-90014070,loc-ar-prov-tucuman,"El Bracho",90014070,Localidad simple
loc-ar-loc-georef-90105070,loc-ar-prov-tucuman,"El Cadillal",90105070,Localidad simple
loc-ar-loc-georef-90007020,loc-ar-prov-tucuman,"El Chañar",90007020,Localidad simple
loc-ar-loc-georef-9001401002,loc-ar-prov-tucuman,"El Corte",9001401002,Entidad
loc-ar-loc-georef-90063020,loc-ar-prov-tucuman,"El Manantial",90063020,Componente de localidad compuesta
loc-ar-loc-georef-90098030,loc-ar-prov-tucuman,"El Mollar",90098030,Localidad simple
loc-ar-loc-georef-90007030,loc-ar-prov-tucuman,"El Naranjo",90007030,Localidad simple
loc-ar-loc-georef-9001406001,loc-ar-prov-tucuman,"El Paraíso",9001406001,Entidad
loc-ar-loc-georef-90056020,loc-ar-prov-tucuman,"Estación Aráoz",90056020,Localidad simple
loc-ar-loc-georef-9001406002,loc-ar-prov-tucuman,"Ex Ingenio Esperanza",9001406002,Entidad
loc-ar-loc-georef-9001410001,loc-ar-prov-tucuman,"Ex Ingenio Los Ralos",9001410001,Entidad
loc-ar-loc-georef-9001406003,loc-ar-prov-tucuman,"Ex Ingenio Luján",9001406003,Entidad
loc-ar-loc-georef-9002803001,loc-ar-prov-tucuman,"Ex Ingenio Nueva Baviera",9002803001,Entidad
loc-ar-loc-georef-9011903001,loc-ar-prov-tucuman,"Ex Ingenio San José",9011903001,Entidad
loc-ar-loc-georef-90028030,loc-ar-prov-tucuman,"Famaillá",90028030,Localidad simple
loc-ar-loc-georef-90007040,loc-ar-prov-tucuman,"Garmendia",90007040,Localidad simple
loc-ar-loc-georef-90035010,loc-ar-prov-tucuman,"Graneros",90035010,Localidad simple
loc-ar-loc-georef-90021060,loc-ar-prov-tucuman,"Iltico",90021060,Localidad simple
loc-ar-loc-georef-90028040,loc-ar-prov-tucuman,"Ingenio Fronterita",90028040,Localidad simple
loc-ar-loc-georef-9001408001,loc-ar-prov-tucuman,"Ingenio La Florida",9001408001,Entidad
loc-ar-loc-georef-90063030,loc-ar-prov-tucuman,"Ingenio San Pablo",90063030,Localidad simple
loc-ar-loc-georef-9007701002,loc-ar-prov-tucuman,"Ingenio Santa Bárbara",9007701002,Entidad
loc-ar-loc-georef-90042010,loc-ar-prov-tucuman,"Juan Bautista Alberdi",90042010,Localidad simple
loc-ar-loc-georef-90049010,loc-ar-prov-tucuman,"La Cocha",90049010,Localidad simple
loc-ar-loc-georef-90014080,loc-ar-prov-tucuman,"La Florida",90014080,Componente de localidad compuesta
loc-ar-loc-georef-90007050,loc-ar-prov-tucuman,"La Ramada",90007050,Localidad simple
loc-ar-loc-georef-90063040,loc-ar-prov-tucuman,"La Reducción",90063040,Localidad simple
loc-ar-loc-georef-90021070,loc-ar-prov-tucuman,"La Trinidad",90021070,Componente de localidad compuesta
loc-ar-loc-georef-90035020,loc-ar-prov-tucuman,"Lamadrid",90035020,Localidad simple
loc-ar-loc-georef-90014090,loc-ar-prov-tucuman,"Las Cejas",90014090,Localidad simple
loc-ar-loc-georef-9001402003,loc-ar-prov-tucuman,"Lastenia",9001402003,Entidad
loc-ar-loc-georef-9001401003,loc-ar-prov-tucuman,"Los Gutiérrez",9001401003,Entidad
loc-ar-loc-georef-90056030,loc-ar-prov-tucuman,"Los Puestos",90056030,Localidad simple
loc-ar-loc-georef-90014100,loc-ar-prov-tucuman,"Los Ralos",90014100,Localidad simple
loc-ar-loc-georef-90077020,loc-ar-prov-tucuman,"Los Sarmientos",90077020,Localidad simple
loc-ar-loc-georef-90063050,loc-ar-prov-tucuman,"Lules",90063050,Localidad simple
loc-ar-loc-georef-90007060,loc-ar-prov-tucuman,"Macomitas",90007060,Localidad simple
loc-ar-loc-georef-90056040,loc-ar-prov-tucuman,"Manuel García Fernández",90056040,Localidad simple
loc-ar-loc-georef-90021080,loc-ar-prov-tucuman,"Medina",90021080,Componente de localidad compuesta
loc-ar-loc-georef-90091020,loc-ar-prov-tucuman,"Monteagudo",90091020,Localidad simple
loc-ar-loc-georef-90070030,loc-ar-prov-tucuman,"Monteros",90070030,Localidad simple
loc-ar-loc-georef-90091030,loc-ar-prov-tucuman,"Nueva Trinidad",90091030,Localidad simple
loc-ar-loc-georef-90014110,loc-ar-prov-tucuman,"Pacará",90014110,Localidad simple
loc-ar-loc-georef-90007070,loc-ar-prov-tucuman,"Piedrabuena",90007070,Localidad simple
loc-ar-loc-georef-90070040,loc-ar-prov-tucuman,"Pueblo Independencia",90070040,Localidad simple
loc-ar-loc-georef-90014120,loc-ar-prov-tucuman,"Ranchillos",90014120,Localidad simple
loc-ar-loc-georef-90077030,loc-ar-prov-tucuman,"Río Chico",90077030,Localidad simple
loc-ar-loc-georef-90056060,loc-ar-prov-tucuman,"Río Colorado",90056060,Localidad simple
loc-ar-loc-georef-90070050,loc-ar-prov-tucuman,"Río Seco",90070050,Componente de localidad compuesta
loc-ar-loc-georef-90014130,loc-ar-prov-tucuman,"San Andrés",90014130,Localidad simple
loc-ar-loc-georef-90049020,loc-ar-prov-tucuman,"San José de La Cocha",90049020,Localidad simple
loc-ar-loc-georef-90084010,loc-ar-prov-tucuman,"San Miguel de Tucumán",90084010,Componente de localidad compuesta
loc-ar-loc-georef-90112020,loc-ar-prov-tucuman,"San Pedro de Colalao",90112020,Localidad simple
loc-ar-loc-georef-90077040,loc-ar-prov-tucuman,"Santa Ana",90077040,Localidad simple
loc-ar-loc-georef-90091040,loc-ar-prov-tucuman,"Santa Cruz",90091040,Localidad simple
loc-ar-loc-georef-90070060,loc-ar-prov-tucuman,"Santa Lucía",90070060,Localidad simple
loc-ar-loc-georef-90056070,loc-ar-prov-tucuman,"Santa Rosa de Leales",90056070,Localidad simple
loc-ar-loc-georef-90070070,loc-ar-prov-tucuman,"Sargento Moya",90070070,Localidad simple
loc-ar-loc-georef-90091050,loc-ar-prov-tucuman,"Simoca",90091050,Localidad simple
loc-ar-loc-georef-90070080,loc-ar-prov-tucuman,"Soldado Maldonado",90070080,Localidad simple
loc-ar-loc-georef-90035030,loc-ar-prov-tucuman,"Taco Ralo",90035030,Localidad simple
loc-ar-loc-georef-90098040,loc-ar-prov-tucuman,"Tafí del Valle",90098040,Localidad simple
loc-ar-loc-georef-90105080,loc-ar-prov-tucuman,"Tafí Viejo",90105080,Localidad simple
loc-ar-loc-georef-90070090,loc-ar-prov-tucuman,"Teniente Berdina",90070090,Localidad simple
loc-ar-loc-georef-90042020,loc-ar-prov-tucuman,"Villa Belgrano",90042020,Localidad simple
loc-ar-loc-georef-90007090,loc-ar-prov-tucuman,"Villa Benjamín Aráoz",90007090,Localidad simple
loc-ar-loc-georef-90007100,loc-ar-prov-tucuman,"Villa Burruyacú",90007100,Localidad simple
loc-ar-loc-georef-90119020,loc-ar-prov-tucuman,"Villa Carmela",90119020,Localidad simple
loc-ar-loc-georef-90091060,loc-ar-prov-tucuman,"Villa Chicligasta",90091060,Localidad simple
loc-ar-loc-georef-90077050,loc-ar-prov-tucuman,"Villa Clodomiro Hileret",90077050,Localidad simple
loc-ar-loc-georef-90056090,loc-ar-prov-tucuman,"Villa de Leales",90056090,Localidad simple
loc-ar-loc-georef-90112030,loc-ar-prov-tucuman,"Villa de Trancas",90112030,Localidad simple
loc-ar-loc-georef-90056080,loc-ar-prov-tucuman,"Villa Fiad - Ingenio Leales",90056080,Localidad simple
loc-ar-loc-georef-90105100,loc-ar-prov-tucuman,"Villa Mariano Moreno - El Colmenar",90105100,Componente de localidad compuesta
loc-ar-loc-georef-90007110,loc-ar-prov-tucuman,"Villa Padre Monti",90007110,Localidad simple
loc-ar-loc-georef-90070100,loc-ar-prov-tucuman,"Villa Quinteros",90070100,Componente de localidad compuesta
loc-ar-loc-georef-9001410002,loc-ar-prov-tucuman,"Villa Recaste",9001410002,Entidad
loc-ar-loc-georef-9001410003,loc-ar-prov-tucuman,"Villa Tercera",9001410003,Entidad
loc-ar-loc-georef-90119030,loc-ar-prov-tucuman,"Yerba Buena - Marcos Paz",90119030,Componente de localidad compuesta
